1696118400000,0.03807000,0.03848000,0.03806000,0.03832000,606.33600000,1696121999999,23.24334762,48,502.08700000,19.25280764,0
1696122000000,0.03823000,0.03823000,0.03802000,0.03806000,112.86300000,1696125599999,4.30156832,27,3.24600000,0.12364085,0
1696125600000,0.03800000,0.03800000,0.03780000,0.03787000,38.13600000,1696129199999,1.44316276,16,9.47800000,0.35893186,0
1696129200000,0.03788000,0.03795000,0.03788000,0.03795000,12.58600000,1696132799999,0.47680326,4,12.58600000,0.47680326,0
1696132800000,0.03797000,0.03805000,0.03776000,0.03776000,24.48000000,1696136399999,0.92740163,23,10.90400000,0.41382142,0
1696136400000,0.03785000,0.03791000,0.03771000,0.03771000,18.44200000,1696139999999,0.69747839,18,9.42500000,0.35720909,0
1696140000000,0.03780000,0.03786000,0.03780000,0.03785000,11.20100000,1696143599999,0.42392038,5,11.20100000,0.42392038,0
1696143600000,0.03772000,0.03772000,0.03746000,0.03748000,164.34700000,1696147199999,6.17707290,39,74.81300000,2.81117694,0
1696147200000,0.03743000,0.03761000,0.03743000,0.03757000,9.55700000,1696150799999,0.35911030,8,8.07700000,0.30358741,0
1696150800000,0.03762000,0.03772000,0.03749000,0.03763000,280.66900000,1696154399999,10.55240609,41,207.32500000,7.79823883,0
1696154400000,0.03772000,0.03800000,0.03772000,0.03793000,895.08500000,1696157999999,33.85949995,55,736.34400000,27.84280871,0
1696158000000,0.03788000,0.03788000,0.03761000,0.03761000,300.59400000,1696161599999,11.35069381,22,3.15700000,0.11936309,0
1696161600000,0.03758000,0.03763000,0.03747000,0.03756000,136.15400000,1696165199999,5.11581983,24,16.77300000,0.63034170,0
1696165200000,0.03756000,0.03756000,0.03732000,0.03747000,41.32600000,1696168799999,1.54608070,22,10.34400000,0.38762720,0
1696168800000,0.03755000,0.03776000,0.03706000,0.03714000,493.71700000,1696172399999,18.43735914,55,440.78400000,16.46353693,0
1696172400000,0.03713000,0.03724000,0.03700000,0.03712000,255.61000000,1696175999999,9.49467236,34,213.45000000,7.93018720,0
1696176000000,0.03703000,0.03716000,0.03678000,0.03692000,127.02600000,1696179599999,4.69351838,49,79.16600000,2.92693984,0
1696179600000,0.03695000,0.03695000,0.03642000,0.03661000,397.01100000,1696183199999,14.52189490,77,72.47700000,2.66134353,0
1696183200000,0.03669000,0.03699000,0.03669000,0.03678000,362.76000000,1696186799999,13.37523659,38,237.34300000,8.75329971,0
1696186800000,0.03674000,0.03694000,0.03652000,0.03669000,99.11900000,1696190399999,3.64072818,43,60.06900000,2.20681202,0
1696190400000,0.03661000,0.03686000,0.03639000,0.03639000,173.69700000,1696193999999,6.35020670,58,45.77100000,1.67763620,0
1696194000000,0.03652000,0.03663000,0.03652000,0.03652000,27.14800000,1696197599999,0.99213525,13,25.31300000,0.92507310,0
1696197600000,0.03661000,0.03695000,0.03648000,0.03687000,450.51000000,1696201199999,16.52783651,123,188.19500000,6.91374135,0
1696201200000,0.03693000,0.03730000,0.03673000,0.03686000,908.35500000,1696204799999,33.70623481,130,151.55400000,5.63489686,0
1696204800000,0.03695000,0.03703000,0.03648000,0.03648000,168.52300000,1696208399999,6.19236362,54,30.18800000,1.11400976,0
1696208400000,0.03648000,0.03649000,0.03602000,0.03602000,649.77500000,1696211999999,23.63120989,54,125.38600000,4.56133782,0
1696212000000,0.03608000,0.03622000,0.03600000,0.03600000,41.99700000,1696215599999,1.51454006,25,1.91900000,0.06945209,0
1696215600000,0.03596000,0.03614000,0.03596000,0.03601000,186.04200000,1696219199999,6.70000867,26,30.95500000,1.11431202,0
1696219200000,0.03598000,0.03609000,0.03588000,0.03596000,173.87500000,1696222799999,6.24726633,28,49.05300000,1.76567465,0
1696222800000,0.03593000,0.03629000,0.03593000,0.03629000,201.67200000,1696226399999,7.29186081,27,179.89100000,6.50694676,0
1696226400000,0.03635000,0.03711000,0.03635000,0.03678000,801.36300000,1696229999999,29.36060121,83,708.05000000,25.94003736,0
1696230000000,0.03686000,0.03691000,0.03648000,0.03658000,369.24600000,1696233599999,13.56003400,71,286.36700000,10.52182406,0
1696233600000,0.03653000,0.03653000,0.03618000,0.03643000,311.59800000,1696237199999,11.35291185,58,197.35100000,7.19311880,0
1696237200000,0.03641000,0.03641000,0.03593000,0.03637000,624.31200000,1696240799999,22.62339677,89,188.46300000,6.84759333,0
1696240800000,0.03641000,0.03641000,0.03616000,0.03627000,564.89500000,1696244399999,20.48348008,37,369.35100000,13.38200873,0
1696244400000,0.03618000,0.03626000,0.03594000,0.03610000,329.93300000,1696247999999,11.89172578,63,136.75000000,4.93328573,0
1696248000000,0.03611000,0.03625000,0.03608000,0.03613000,299.83500000,1696251599999,10.83204494,27,228.36600000,8.25162022,0
1696251600000,0.03610000,0.03623000,0.03588000,0.03594000,164.83800000,1696255199999,5.93924135,33,31.63100000,1.14060882,0
1696255200000,0.03593000,0.03593000,0.03516000,0.03554000,905.17200000,1696258799999,32.16231131,138,477.05800000,16.94661745,0
1696258800000,0.03560000,0.03567000,0.03517000,0.03543000,208.76700000,1696262399999,7.39276091,68,139.90500000,4.95194821,0
1696262400000,0.03548000,0.03567000,0.03527000,0.03543000,455.33600000,1696265999999,16.15303315,62,95.70200000,3.39611401,0
1696266000000,0.03550000,0.03556000,0.03541000,0.03545000,407.08600000,1696269599999,14.45084592,24,138.80500000,4.92708756,0
1696269600000,0.03541000,0.03544000,0.03487000,0.03530000,389.22200000,1696273199999,13.65392039,99,165.56900000,5.80753480,0
1696273200000,0.03517000,0.03535000,0.03501000,0.03535000,5188.84800000,1696276799999,183.01555253,187,270.89200000,9.55531454,0
1696276800000,0.03525000,0.03561000,0.03512000,0.03520000,708.99500000,1696280399999,24.99565716,65,663.54300000,23.39516946,0
1696280400000,0.03507000,0.03507000,0.03454000,0.03487000,1826.28600000,1696283999999,63.34547584,149,415.33300000,14.40495502,0
1696284000000,0.03488000,0.03496000,0.03473000,0.03481000,830.02500000,1696287599999,28.94231522,43,740.59200000,25.82422965,0
1696287600000,0.03473000,0.03490000,0.03458000,0.03483000,416.78800000,1696291199999,14.48702288,56,276.97100000,9.63517862,0
1696291200000,0.03476000,0.03505000,0.03460000,0.03505000,416.54600000,1696294799999,14.48732310,68,197.49100000,6.88492638,0
1696294800000,0.03490000,0.03524000,0.03490000,0.03524000,180.88800000,1696298399999,6.34615011,31,113.48700000,3.98495529,0
1696298400000,0.03520000,0.03520000,0.03496000,0.03508000,37.35600000,1696301999999,1.30753151,19,3.92800000,0.13778548,0
1696302000000,0.03506000,0.03507000,0.03499000,0.03500000,38.36700000,1696305599999,1.34464069,5,28.48300000,0.99870945,0
1696305600000,0.03507000,0.03522000,0.03487000,0.03522000,133.17700000,1696309199999,4.65887652,33,89.01600000,3.11633631,0
1696309200000,0.03524000,0.03550000,0.03524000,0.03550000,746.14000000,1696312799999,26.45465160,55,602.42800000,21.36743985,0
1696312800000,0.03541000,0.03582000,0.03535000,0.03575000,895.25900000,1696316399999,31.84598908,65,722.75000000,25.69950786,0
1696316400000,0.03583000,0.03593000,0.03541000,0.03541000,255.39400000,1696319999999,9.14255948,50,173.86100000,6.23346190,0
1696320000000,0.03550000,0.03585000,0.03550000,0.03555000,206.56700000,1696323599999,7.36864979,52,102.74300000,3.66601973,0
1696323600000,0.03562000,0.03567000,0.03541000,0.03541000,103.30500000,1696327199999,3.67350502,18,52.32100000,1.86337591,0
1696327200000,0.03550000,0.03558000,0.03520000,0.03529000,405.87400000,1696330799999,14.31370944,43,267.51300000,9.42818146,0
1696330800000,0.03517000,0.03550000,0.03505000,0.03524000,610.86500000,1696334399999,21.54969435,73,472.43400000,16.66119976,0
1696334400000,0.03527000,0.03548000,0.03514000,0.03540000,167.05000000,1696337999999,5.90072366,38,59.24000000,2.09598248,0
1696338000000,0.03540000,0.03597000,0.03540000,0.03575000,583.72100000,1696341599999,20.90515382,62,534.47300000,19.14048554,0
1696341600000,0.03571000,0.03575000,0.03507000,0.03516000,286.16800000,1696345199999,10.13782749,72,60.31200000,2.13652260,0
1696345200000,0.03507000,0.03516000,0.03473000,0.03480000,290.89200000,1696348799999,10.17098025,83,63.84600000,2.22905095,0
1696348800000,0.03482000,0.03502000,0.03481000,0.03485000,575.21900000,1696352399999,20.07345249,61,444.04000000,15.49588162,0
1696352400000,0.03499000,0.03526000,0.03499000,0.03523000,184.05700000,1696355999999,6.46832151,46,154.28800000,5.42037840,0
1696356000000,0.03518000,0.03525000,0.03495000,0.03510000,411.05100000,1696359599999,14.43075769,47,299.57400000,10.51432397,0
1696359600000,0.03518000,0.03526000,0.03473000,0.03473000,127.30400000,1696363199999,4.44954404,36,9.89900000,0.34819324,0
1696363200000,0.03470000,0.03526000,0.03467000,0.03487000,302.67000000,1696366799999,10.58387932,82,198.62400000,6.95364681,0
1696366800000,0.03499000,0.03510000,0.03482000,0.03490000,143.88900000,1696370399999,5.03399177,27,45.00200000,1.57627539,0
1696370400000,0.03487000,0.03487000,0.03466000,0.03487000,381.44800000,1696373999999,13.24749578,38,109.97300000,3.82720835,0
1696374000000,0.03489000,0.03499000,0.03470000,0.03470000,370.34000000,1696377599999,12.91270020,37,179.16500000,6.24726236,0
1696377600000,0.03470000,0.03483000,0.03416000,0.03458000,1717.64600000,1696381199999,59.39990551,183,1172.61700000,40.58324569,0
1696381200000,0.03454000,0.03483000,0.03454000,0.03483000,389.56800000,1696384799999,13.52140530,40,135.29300000,4.69909716,0
1696384800000,0.03487000,0.03537000,0.03487000,0.03529000,428.10400000,1696388399999,15.08234928,78,205.46900000,7.21932424,0
1696388400000,0.03533000,0.03556000,0.03515000,0.03529000,496.04900000,1696391999999,17.53721248,59,140.53700000,4.96552671,0
1696392000000,0.03533000,0.03563000,0.03533000,0.03563000,81.19000000,1696395599999,2.88303807,29,56.24700000,1.99905482,0
1696395600000,0.03558000,0.03605000,0.03558000,0.03580000,1187.29200000,1696399199999,42.53793608,126,622.72100000,22.34677003,0
1696399200000,0.03580000,0.03583000,0.03552000,0.03575000,569.10500000,1696402799999,20.29042959,70,298.59200000,10.64913516,0
1696402800000,0.03583000,0.03599000,0.03575000,0.03583000,146.44000000,1696406399999,5.24814491,38,85.94000000,3.08140073,0
1696406400000,0.03575000,0.03585000,0.03555000,0.03563000,153.60400000,1696409999999,5.47973783,42,31.48000000,1.12337032,0
1696410000000,0.03555000,0.03566000,0.03544000,0.03566000,127.49400000,1696413599999,4.52808866,24,68.94700000,2.44910572,0
1696413600000,0.03566000,0.03570000,0.03541000,0.03550000,61.54900000,1696417199999,2.18644148,32,17.07900000,0.60773268,0
1696417200000,0.03551000,0.03567000,0.03550000,0.03555000,83.19100000,1696420799999,2.96102230,25,44.60100000,1.58830240,0
1696420800000,0.03549000,0.03593000,0.03549000,0.03566000,335.81700000,1696424399999,12.00887159,72,208.06800000,7.44344650,0
1696424400000,0.03558000,0.03567000,0.03526000,0.03527000,258.99800000,1696427999999,9.19640574,74,32.88800000,1.16964634,0
1696428000000,0.03532000,0.03550000,0.03532000,0.03545000,371.54500000,1696431599999,13.14478139,33,183.86400000,6.50456163,0
1696431600000,0.03539000,0.03610000,0.03538000,0.03606000,684.75600000,1696435199999,24.59156246,95,452.84700000,16.29232694,0
1696435200000,0.03602000,0.03635000,0.03600000,0.03628000,1100.17900000,1696438799999,39.75230461,102,835.03600000,30.15876780,0
1696438800000,0.03618000,0.03652000,0.03587000,0.03587000,354.24500000,1696442399999,12.81273045,90,81.13700000,2.95327787,0
1696442400000,0.03601000,0.03610000,0.03566000,0.03586000,590.95400000,1696445999999,21.24122886,65,324.04600000,11.63311633,0
1696446000000,0.03589000,0.03613000,0.03575000,0.03588000,180.43200000,1696449599999,6.47465804,48,30.85800000,1.11182702,0
1696449600000,0.03581000,0.03607000,0.03566000,0.03607000,283.25800000,1696453199999,10.16619225,41,240.72400000,8.64508502,0
1696453200000,0.03593000,0.03606000,0.03585000,0.03586000,82.61400000,1696456799999,2.97276682,19,47.08500000,1.69762228,0
1696456800000,0.03585000,0.03601000,0.03583000,0.03588000,112.56800000,1696460399999,4.04982308,19,101.98200000,3.67038487,0
1696460400000,0.03601000,0.03618000,0.03595000,0.03595000,57.55400000,1696463999999,2.07617319,39,14.89600000,0.53839819,0
1696464000000,0.03595000,0.03606000,0.03563000,0.03593000,483.29200000,1696467599999,17.36340964,69,349.36200000,12.55765011,0
1696467600000,0.03593000,0.03603000,0.03575000,0.03595000,111.00500000,1696471199999,3.98860812,44,91.96400000,3.30596104,0
1696471200000,0.03593000,0.03593000,0.03570000,0.03575000,39.64400000,1696474799999,1.42023501,24,5.42900000,0.19455990,0
1696474800000,0.03584000,0.03589000,0.03578000,0.03578000,53.27500000,1696478399999,1.90646798,7,2.60000000,0.09321267,0
1696478400000,0.03577000,0.03592000,0.03577000,0.03591000,25.79200000,1696481999999,0.92389155,6,1.56500000,0.05620475,0
1696482000000,0.03590000,0.03618000,0.03590000,0.03607000,49.28100000,1696485599999,1.77727584,28,37.19300000,1.34133561,0
1696485600000,0.03618000,0.03637000,0.03605000,0.03622000,182.19700000,1696489199999,6.60424927,35,32.65500000,1.18615195,0
1696489200000,0.03633000,0.03659000,0.03633000,0.03633000,348.31600000,1696492799999,12.70433341,44,313.56200000,11.44019520,0
1696492800000,0.03629000,0.03653000,0.03620000,0.03653000,255.19900000,1696496399999,9.29422795,26,218.67300000,7.97110994,0
1696496400000,0.03658000,0.03659000,0.03624000,0.03627000,150.82600000,1696499999999,5.49945665,25,74.28900000,2.71724008,0
1696500000000,0.03635000,0.03635000,0.03612000,0.03629000,14.21000000,1696503599999,0.51434099,17,3.19300000,0.11589709,0
1696503600000,0.03619000,0.03628000,0.03618000,0.03628000,178.05200000,1696507199999,6.44436157,15,23.04700000,0.83535074,0
1696507200000,0.03624000,0.03624000,0.03607000,0.03608000,116.37700000,1696510799999,4.21134304,17,110.81700000,4.01055572,0
1696510800000,0.03606000,0.03618000,0.03575000,0.03584000,52.15500000,1696514399999,1.87483157,33,7.14300000,0.25631375,0
1696514400000,0.03593000,0.03614000,0.03584000,0.03584000,719.62100000,1696517999999,25.89372732,46,647.90900000,23.31609897,0
1696518000000,0.03583000,0.03593000,0.03557000,0.03579000,391.65300000,1696521599999,14.00491541,64,266.79800000,9.54778493,0
1696521600000,0.03577000,0.03583000,0.03555000,0.03582000,61.66500000,1696525199999,2.20145922,33,31.04900000,1.10993578,0
1696525200000,0.03568000,0.03581000,0.03567000,0.03571000,23.43300000,1696528799999,0.83809158,14,13.73400000,0.49159497,0
1696528800000,0.03567000,0.03580000,0.03555000,0.03562000,244.09700000,1696532399999,8.70274652,31,15.68000000,0.55853756,0
1696532400000,0.03558000,0.03567000,0.03550000,0.03563000,130.26300000,1696535999999,4.63528996,24,69.03000000,2.45898814,0
1696536000000,0.03558000,0.03569000,0.03556000,0.03556000,14.62800000,1696539599999,0.52091621,12,6.42700000,0.22919207,0
1696539600000,0.03562000,0.03564000,0.03556000,0.03564000,30.52800000,1696543199999,1.08687903,5,3.36500000,0.11986691,0
1696543200000,0.03551000,0.03583000,0.03550000,0.03574000,47.82300000,1696546799999,1.70599626,20,32.34000000,1.15589486,0
1696546800000,0.03569000,0.03569000,0.03543000,0.03543000,34.82000000,1696550399999,1.23905530,22,2.81200000,0.09996660,0
1696550400000,0.03550000,0.03571000,0.03546000,0.03556000,221.76800000,1696553999999,7.87560923,171,36.34200000,1.29320476,0
1696554000000,0.03550000,0.03580000,0.03549000,0.03580000,78.62100000,1696557599999,2.80090800,34,61.41300000,2.18867353,0
1696557600000,0.03581000,0.03582000,0.03573000,0.03573000,48.47600000,1696561199999,1.73409424,6,25.53700000,0.91435952,0
1696561200000,0.03567000,0.03567000,0.03556000,0.03556000,27.89500000,1696564799999,0.99362976,11,0.00000000,0.00000000,0
1696564800000,0.03555000,0.03566000,0.03550000,0.03566000,11.18100000,1696568399999,0.39722815,7,2.14800000,0.07652760,0
1696568400000,0.03562000,0.03571000,0.03562000,0.03568000,372.78800000,1696571999999,13.28277481,13,371.99800000,13.25458761,0
1696572000000,0.03568000,0.03571000,0.03558000,0.03571000,18.48000000,1696575599999,0.65895723,9,10.30500000,0.36787176,0
1696575600000,0.03570000,0.03570000,0.03557000,0.03567000,16.65600000,1696579199999,0.59399869,12,14.63700000,0.52217410,0
1696579200000,0.03567000,0.03583000,0.03567000,0.03583000,24.27100000,1696582799999,0.86682349,8,6.84800000,0.24511683,0
1696582800000,0.03567000,0.03575000,0.03567000,0.03575000,15.97700000,1696586399999,0.57083116,10,5.09600000,0.18212329,0
1696586400000,0.03578000,0.03600000,0.03571000,0.03571000,213.65300000,1696589999999,7.64331744,35,56.43600000,2.02099020,0
1696590000000,0.03570000,0.03571000,0.03559000,0.03570000,25.51100000,1696593599999,0.90960194,11,5.88100000,0.20997971,0
1696593600000,0.03575000,0.03575000,0.03541000,0.03552000,298.83700000,1696597199999,10.62122537,60,52.40100000,1.86463232,0
1696597200000,0.03543000,0.03571000,0.03537000,0.03560000,115.40800000,1696600799999,4.09965010,30,31.80700000,1.13361353,0
1696600800000,0.03564000,0.03580000,0.03556000,0.03567000,569.62700000,1696604399999,20.30856102,54,295.20100000,10.52963978,0
1696604400000,0.03575000,0.03616000,0.03575000,0.03596000,233.10000000,1696607999999,8.40316092,54,65.47900000,2.36029431,0
1696608000000,0.03610000,0.03614000,0.03594000,0.03614000,22.67600000,1696611599999,0.81618768,19,4.78000000,0.17257782,0
1696611600000,0.03601000,0.03618000,0.03593000,0.03599000,415.22100000,1696615199999,14.97196155,65,251.60200000,9.07354178,0
1696615200000,0.03592000,0.03593000,0.03583000,0.03584000,104.33100000,1696618799999,3.74500151,23,20.98000000,0.75380752,0
1696618800000,0.03585000,0.03603000,0.03578000,0.03593000,49.79000000,1696622399999,1.78716732,22,16.38400000,0.58964520,0
1696622400000,0.03590000,0.03610000,0.03590000,0.03610000,94.22700000,1696625999999,3.39189099,16,67.20800000,2.42112829,0
1696626000000,0.03607000,0.03616000,0.03606000,0.03607000,26.63900000,1696629599999,0.96161041,7,14.29900000,0.51652678,0
1696629600000,0.03601000,0.03602000,0.03583000,0.03593000,41.12100000,1696633199999,1.47657717,25,3.96000000,0.14243532,0
1696633200000,0.03584000,0.03590000,0.03584000,0.03590000,14.79600000,1696636799999,0.53103776,4,13.92000000,0.49964192,0
1696636800000,0.03580000,0.03590000,0.03570000,0.03590000,50.05300000,1696640399999,1.79010876,25,3.77100000,0.13519311,0
1696640400000,0.03578000,0.03584000,0.03563000,0.03583000,156.86400000,1696643999999,5.61406211,24,134.85900000,4.82910605,0
1696644000000,0.03575000,0.03575000,0.03566000,0.03575000,17.14700000,1696647599999,0.61178495,9,2.04600000,0.07314450,0
1696647600000,0.03567000,0.03588000,0.03566000,0.03566000,262.52400000,1696651199999,9.41069996,30,17.61400000,0.63051586,0
1696651200000,0.03575000,0.03578000,0.03575000,0.03578000,1.17100000,1696654799999,0.04187210,4,1.17100000,0.04187210,0
1696654800000,0.03567000,0.03567000,0.03557000,0.03567000,122.37500000,1696658399999,4.35697595,16,3.68100000,0.13124517,0
1696658400000,0.03558000,0.03563000,0.03543000,0.03547000,345.46800000,1696661999999,12.29788456,30,323.62200000,11.52253188,0
1696662000000,0.03546000,0.03580000,0.03543000,0.03556000,239.22900000,1696665599999,8.53095458,39,228.19300000,8.13900544,0
1696665600000,0.03567000,0.03575000,0.03558000,0.03575000,43.95900000,1696669199999,1.56715725,16,38.08300000,1.35798917,0
1696669200000,0.03577000,0.03578000,0.03555000,0.03563000,21.73500000,1696672799999,0.77432264,15,10.23700000,0.36478157,0
1696672800000,0.03567000,0.03583000,0.03562000,0.03583000,26.56200000,1696676399999,0.94916810,14,20.33600000,0.72739798,0
1696676400000,0.03580000,0.03592000,0.03570000,0.03570000,173.17400000,1696679999999,6.19559644,21,4.05000000,0.14518147,0
1696680000000,0.03583000,0.03583000,0.03580000,0.03580000,14.15300000,1696683599999,0.50705402,2,14.15300000,0.50705402,0
1696683600000,0.03571000,0.03571000,0.03563000,0.03563000,33.29900000,1696687199999,1.18851125,11,2.80000000,0.09998800,0
1696687200000,0.03575000,0.03583000,0.03575000,0.03582000,21.03900000,1696690799999,0.75354131,6,21.03900000,0.75354131,0
1696690800000,0.03575000,0.03576000,0.03564000,0.03564000,98.71600000,1696694399999,3.51947317,8,82.13800000,2.92821167,0
1696694400000,0.03558000,0.03586000,0.03545000,0.03550000,617.54200000,1696697999999,22.03194303,83,546.81000000,19.51950493,0
1696698000000,0.03544000,0.03559000,0.03543000,0.03550000,145.46200000,1696701599999,5.17149034,18,66.72700000,2.37402287,0
1696701600000,0.03541000,0.03541000,0.03532000,0.03532000,35.77100000,1696705199999,1.26376624,13,0.00000000,0.00000000,0
1696705200000,0.03539000,0.03540000,0.03527000,0.03539000,31.88000000,1696708799999,1.12750767,10,23.55700000,0.83372605,0
1696708800000,0.03541000,0.03549000,0.03541000,0.03543000,17.67700000,1696712399999,0.62627469,8,8.12400000,0.28781190,0
1696712400000,0.03550000,0.03558000,0.03550000,0.03553000,42.12700000,1696715999999,1.49762701,19,18.07200000,0.64216468,0
1696716000000,0.03559000,0.03563000,0.03559000,0.03559000,45.57900000,1696719599999,1.62221261,4,42.26000000,1.50403340,0
1696719600000,0.03552000,0.03560000,0.03550000,0.03550000,5.54800000,1696723199999,0.19707500,6,1.91900000,0.06818550,0
1696723200000,0.03545000,0.03566000,0.03545000,0.03566000,108.39800000,1696726799999,3.85684360,14,22.94400000,0.81654987,0
1696726800000,0.03558000,0.03558000,0.03536000,0.03555000,158.31400000,1696730399999,5.60919728,26,4.68200000,0.16605870,0
1696730400000,0.03548000,0.03571000,0.03548000,0.03557000,95.80200000,1696733999999,3.41596537,24,20.71800000,0.73919948,0
1696734000000,0.03556000,0.03581000,0.03551000,0.03577000,122.92500000,1696737599999,4.37964812,24,113.90600000,4.05831922,0
1696737600000,0.03583000,0.03623000,0.03583000,0.03599000,334.94200000,1696741199999,12.07924305,68,275.32500000,9.93679803,0
1696741200000,0.03610000,0.03616000,0.03595000,0.03616000,234.98800000,1696744799999,8.47456908,33,17.76200000,0.64186624,0
1696744800000,0.03611000,0.03621000,0.03610000,0.03610000,70.94500000,1696748399999,2.56259636,11,57.03400000,2.05970856,0
1696748400000,0.03614000,0.03615000,0.03603000,0.03615000,23.56400000,1696751999999,0.85100561,8,8.46500000,0.30588655,0
1696752000000,0.03618000,0.03639000,0.03618000,0.03634000,144.95800000,1696755599999,5.25982990,29,86.24300000,3.12989941,0
1696755600000,0.03641000,0.03646000,0.03616000,0.03622000,73.63500000,1696759199999,2.67639073,30,23.88500000,0.87031818,0
1696759200000,0.03625000,0.03630000,0.03608000,0.03618000,59.72900000,1696762799999,2.15805600,25,12.14900000,0.44065000,0
1696762800000,0.03621000,0.03625000,0.03602000,0.03602000,31.88200000,1696766399999,1.15419948,16,25.11200000,0.91019873,0
1696766400000,0.03614000,0.03621000,0.03608000,0.03610000,38.81700000,1696769999999,1.40139415,14,36.47700000,1.31694355,0
1696770000000,0.03610000,0.03631000,0.03610000,0.03613000,39.08900000,1696773599999,1.41564666,22,7.72700000,0.27986893,0
1696773600000,0.03618000,0.03632000,0.03618000,0.03625000,55.79800000,1696777199999,2.02531162,15,42.66600000,1.54915858,0
1696777200000,0.03621000,0.03640000,0.03621000,0.03627000,30.28000000,1696780799999,1.10007514,18,26.40200000,0.95939011,0
1696780800000,0.03635000,0.03640000,0.03621000,0.03626000,117.75200000,1696784399999,4.27417871,15,69.91400000,2.53926043,0
1696784400000,0.03621000,0.03639000,0.03616000,0.03639000,32.27200000,1696787999999,1.17025006,15,19.97800000,0.72518398,0
1696788000000,0.03627000,0.03635000,0.03621000,0.03635000,158.26600000,1696791599999,5.73508122,17,1.17100000,0.04255405,0
1696791600000,0.03640000,0.03653000,0.03630000,0.03653000,81.38200000,1696795199999,2.96399250,18,76.45000000,2.78451994,0
1696795200000,0.03644000,0.03700000,0.03632000,0.03682000,972.14800000,1696798799999,35.71888812,98,769.49400000,28.29094314,0
1696798800000,0.03686000,0.03746000,0.03686000,0.03692000,945.83900000,1696802399999,35.09948549,155,790.26100000,29.32526984,0
1696802400000,0.03685000,0.03685000,0.03632000,0.03643000,1117.02000000,1696805999999,40.80418031,114,267.20100000,9.77271143,0
1696806000000,0.03642000,0.03661000,0.03629000,0.03629000,346.94800000,1696809599999,12.64186667,35,262.48000000,9.56541608,0
1696809600000,0.03627000,0.03644000,0.03593000,0.03599000,100.56900000,1696813199999,3.63373021,57,19.76900000,0.71514814,0
1696813200000,0.03593000,0.03601000,0.03583000,0.03598000,568.82800000,1696816799999,20.45507118,38,536.26500000,19.28796498,0
1696816800000,0.03588000,0.03591000,0.03583000,0.03591000,52.94300000,1696820399999,1.89809316,13,1.67000000,0.05996970,0
1696820400000,0.03590000,0.03616000,0.03590000,0.03616000,119.75800000,1696823999999,4.31192126,22,115.81500000,4.16957896,0
1696824000000,0.03601000,0.03609000,0.03593000,0.03593000,25.63900000,1696827599999,0.92298779,9,5.05100000,0.18225735,0
1696827600000,0.03609000,0.03609000,0.03608000,0.03608000,54.81200000,1696831199999,1.97814430,2,54.81200000,1.97814430,0
1696831200000,0.03597000,0.03604000,0.03588000,0.03601000,60.08700000,1696834799999,2.16023336,21,13.87900000,0.49960239,0
1696834800000,0.03593000,0.03593000,0.03583000,0.03583000,29.52800000,1696838399999,1.05882424,14,2.78200000,0.09995726,0
1696838400000,0.03580000,0.03586000,0.03566000,0.03570000,36.04400000,1696841999999,1.28832660,29,11.36200000,0.40705326,0
1696842000000,0.03584000,0.03593000,0.03533000,0.03557000,901.94500000,1696845599999,32.15736060,138,312.89200000,11.22115015,0
1696845600000,0.03557000,0.03571000,0.03541000,0.03558000,374.61100000,1696849199999,13.31603309,74,76.12900000,2.71308759,0
1696849200000,0.03550000,0.03558000,0.03542000,0.03542000,35.89200000,1696852799999,1.27291292,20,18.07100000,0.64141162,0
1696852800000,0.03553000,0.03570000,0.03550000,0.03558000,82.90000000,1696856399999,2.94861733,26,46.82100000,1.66688556,0
1696856400000,0.03562000,0.03567000,0.03545000,0.03567000,163.58800000,1696859999999,5.82773256,22,145.29400000,5.17913150,0
1696860000000,0.03558000,0.03558000,0.03537000,0.03537000,365.63800000,1696863599999,12.99629269,23,333.65100000,11.86125896,0
1696863600000,0.03535000,0.03562000,0.03524000,0.03543000,313.26000000,1696867199999,11.06853722,69,24.46300000,0.86794015,0
1696867200000,0.03541000,0.03565000,0.03515000,0.03529000,622.16300000,1696870799999,22.04187311,136,333.78500000,11.84819529,0
1696870800000,0.03539000,0.03568000,0.03535000,0.03554000,709.07900000,1696874399999,25.17971533,51,667.33600000,23.70009776,0
1696874400000,0.03550000,0.03550000,0.03528000,0.03528000,53.63000000,1696877999999,1.89578341,26,2.93100000,0.10393015,0
1696878000000,0.03541000,0.03550000,0.03533000,0.03544000,129.25400000,1696881599999,4.57745116,25,96.18800000,3.40646827,0
1696881600000,0.03541000,0.03554000,0.03534000,0.03534000,138.46700000,1696885199999,4.90702349,22,61.51500000,2.18533224,0
1696885200000,0.03543000,0.03545000,0.03529000,0.03539000,110.94700000,1696888799999,3.92797698,18,16.03400000,0.56792927,0
1696888800000,0.03538000,0.03550000,0.03531000,0.03535000,98.89000000,1696892399999,3.49867113,27,1.79300000,0.06355791,0
1696892400000,0.03537000,0.03550000,0.03537000,0.03538000,28.44300000,1696895999999,1.00740015,10,18.08500000,0.64090252,0
1696896000000,0.03535000,0.03557000,0.03530000,0.03545000,283.50600000,1696899599999,10.03538729,43,234.50100000,8.30310482,0
1696899600000,0.03549000,0.03549000,0.03522000,0.03534000,57.00400000,1696903199999,2.01387249,28,8.17800000,0.28972052,0
1696903200000,0.03536000,0.03545000,0.03524000,0.03533000,88.99000000,1696906799999,3.15241153,18,71.87200000,2.54745598,0
1696906800000,0.03535000,0.03548000,0.03530000,0.03533000,251.36800000,1696910399999,8.89295755,27,215.55000000,7.62811567,0
1696910400000,0.03529000,0.03538000,0.03526000,0.03538000,6.39800000,1696913999999,0.22612354,5,4.67400000,0.16530101,0
1696914000000,0.03524000,0.03531000,0.03507000,0.03521000,46.47500000,1696917599999,1.63358573,29,6.60300000,0.23288665,0
1696917600000,0.03517000,0.03533000,0.03516000,0.03526000,242.67200000,1696921199999,8.56048244,20,208.88300000,7.37073841,0
1696921200000,0.03535000,0.03543000,0.03520000,0.03520000,10.24200000,1696924799999,0.36163684,18,3.72900000,0.13199901,0
1696924800000,0.03527000,0.03528000,0.03520000,0.03528000,4.16400000,1696928399999,0.14685915,4,3.82300000,0.13485595,0
1696928400000,0.03523000,0.03529000,0.03422000,0.03492000,1731.30000000,1696931999999,60.42371544,270,589.65800000,20.65926244,0
1696932000000,0.03490000,0.03516000,0.03490000,0.03507000,321.11400000,1696935599999,11.22441834,36,87.91500000,3.07395634,0
1696935600000,0.03508000,0.03521000,0.03502000,0.03513000,139.36700000,1696939199999,4.88854150,47,17.89600000,0.62833677,0
1696939200000,0.03516000,0.03522000,0.03507000,0.03515000,117.94900000,1696942799999,4.14809129,16,97.03700000,3.41408745,0
1696942800000,0.03505000,0.03517000,0.03497000,0.03512000,67.33100000,1696946399999,2.35794594,30,14.59100000,0.51288875,0
1696946400000,0.03513000,0.03531000,0.03495000,0.03495000,271.11100000,1696949999999,9.53955780,44,19.93900000,0.70325069,0
1696950000000,0.03505000,0.03512000,0.03485000,0.03486000,324.01900000,1696953599999,11.34655215,28,238.82100000,8.36940147,0
1696953600000,0.03494000,0.03498000,0.03478000,0.03497000,113.94200000,1696957199999,3.97182945,22,42.45100000,1.48223442,0
1696957200000,0.03498000,0.03498000,0.03466000,0.03481000,455.22600000,1696960799999,15.82884787,61,174.92300000,6.09628835,0
1696960800000,0.03481000,0.03490000,0.03460000,0.03478000,692.68400000,1696964399999,24.10922153,78,68.84600000,2.40194262,0
1696964400000,0.03480000,0.03484000,0.03469000,0.03484000,136.14000000,1696967999999,4.73520774,21,103.45800000,3.60107582,0
1696968000000,0.03475000,0.03482000,0.03465000,0.03481000,136.90100000,1696971599999,4.75311662,24,45.67100000,1.58838653,0
1696971600000,0.03470000,0.03480000,0.03451000,0.03480000,446.77200000,1696975199999,15.49494389,47,177.04200000,6.15762664,0
1696975200000,0.03481000,0.03500000,0.03481000,0.03483000,122.08900000,1696978799999,4.26527842,30,91.97900000,3.21448009,0
1696978800000,0.03496000,0.03496000,0.03482000,0.03482000,203.87000000,1696982399999,7.12699340,10,200.00000000,6.99200000,0
1696982400000,0.03482000,0.03522000,0.03480000,0.03522000,232.66100000,1696985999999,8.14033367,48,184.22700000,6.45391831,0
1696986000000,0.03524000,0.03529000,0.03516000,0.03516000,10.31300000,1696989599999,0.36313972,9,2.89500000,0.10208857,0
1696989600000,0.03516000,0.03516000,0.03480000,0.03494000,654.20200000,1696993199999,22.88843594,100,194.38500000,6.79260015,0
1696993200000,0.03492000,0.03492000,0.03481000,0.03484000,81.24300000,1696996799999,2.83342155,20,1.17100000,0.04087380,0
1696996800000,0.03495000,0.03499000,0.03485000,0.03485000,5.76400000,1697000399999,0.20135437,7,3.82700000,0.13380612,0
1697000400000,0.03492000,0.03505000,0.03492000,0.03505000,31.92600000,1697003999999,1.11739281,7,31.92600000,1.11739281,0
1697004000000,0.03507000,0.03510000,0.03499000,0.03499000,4.62700000,1697007599999,0.16228506,5,3.75100000,0.13163382,0
1697007600000,0.03492000,0.03504000,0.03487000,0.03500000,148.70500000,1697011199999,5.19988061,20,84.61000000,2.96350429,0
1697011200000,0.03501000,0.03501000,0.03501000,0.03501000,1.48000000,1697014799999,0.05181480,1,0.00000000,0.00000000,0
1697014800000,0.03505000,0.03529000,0.03505000,0.03514000,83.44300000,1697018399999,2.93296387,23,42.28500000,1.48649007,0
1697018400000,0.03509000,0.03529000,0.03508000,0.03529000,25.05100000,1697021999999,0.87965619,7,10.04100000,0.35308817,0
1697022000000,0.03530000,0.03539000,0.03525000,0.03525000,24.33300000,1697025599999,0.85920939,16,19.67400000,0.69478504,0
1697025600000,0.03524000,0.03554000,0.03524000,0.03541000,27.41400000,1697029199999,0.97052556,26,8.78900000,0.31173155,0
1697029200000,0.03540000,0.03553000,0.03540000,0.03553000,65.80300000,1697032799999,2.33272081,9,0.91000000,0.03231676,0
1697032800000,0.03555000,0.03569000,0.03543000,0.03569000,426.40500000,1697036399999,15.17138526,49,169.11000000,6.02749858,0
1697036400000,0.03558000,0.03571000,0.03541000,0.03567000,195.57900000,1697039999999,6.94294874,35,158.14300000,5.61354663,0
1697040000000,0.03558000,0.03560000,0.03533000,0.03542000,97.39600000,1697043599999,3.45618701,37,22.30000000,0.79335440,0
1697043600000,0.03550000,0.03567000,0.03549000,0.03556000,17.91100000,1697047199999,0.63709664,24,8.41900000,0.29976968,0
1697047200000,0.03550000,0.03598000,0.03548000,0.03561000,327.52000000,1697050799999,11.70286077,58,277.48200000,9.91998456,0
1697050800000,0.03557000,0.03565000,0.03554000,0.03565000,58.27300000,1697054399999,2.07184933,9,18.76700000,0.66736881,0
1697054400000,0.03552000,0.03566000,0.03549000,0.03566000,72.79600000,1697057999999,2.59053118,10,23.91500000,0.85263955,0
1697058000000,0.03560000,0.03586000,0.03560000,0.03586000,23.29000000,1697061599999,0.83228718,19,17.86500000,0.63867288,0
1697061600000,0.03580000,0.03596000,0.03580000,0.03596000,26.07500000,1697065199999,0.93533741,6,10.48200000,0.37686093,0
1697065200000,0.03595000,0.03595000,0.03575000,0.03575000,11.18800000,1697068799999,0.40120375,6,4.05600000,0.14581320,0
1697068800000,0.03584000,0.03588000,0.03575000,0.03575000,1.62600000,1697072399999,0.05822332,4,0.81300000,0.02914972,0
1697072400000,0.03571000,0.03582000,0.03567000,0.03567000,102.29700000,1697075999999,3.65558746,15,67.13200000,2.39989148,0
1697076000000,0.03568000,0.03580000,0.03553000,0.03580000,32.23400000,1697079599999,1.14787676,20,11.49000000,0.41003096,0
1697079600000,0.03584000,0.03584000,0.03567000,0.03567000,11.75900000,1697083199999,0.42011006,9,1.11700000,0.03996896,0
1697083200000,0.03573000,0.03574000,0.03572000,0.03573000,114.87000000,1697086799999,4.10459431,6,114.87000000,4.10459431,0
1697086800000,0.03567000,0.03578000,0.03567000,0.03578000,11.71200000,1697090399999,0.41808255,4,11.71200000,0.41808255,0
1697090400000,0.03584000,0.03592000,0.03575000,0.03575000,3.48800000,1697093999999,0.12499399,9,2.62500000,0.09412439,0
1697094000000,0.03577000,0.03593000,0.03568000,0.03574000,291.44900000,1697097599999,10.42730341,35,19.22700000,0.69027369,0
1697097600000,0.03571000,0.03578000,0.03558000,0.03558000,59.13000000,1697101199999,2.11327573,11,49.58100000,1.77318771,0
1697101200000,0.03557000,0.03557000,0.03538000,0.03550000,21.91600000,1697104799999,0.77756724,26,8.01700000,0.28465435,0
1697104800000,0.03541000,0.03541000,0.03535000,0.03539000,223.70600000,1697108399999,7.91644944,12,200.00000000,7.07800000,0
1697108400000,0.03533000,0.03533000,0.03511000,0.03524000,26.94800000,1697111999999,0.94846345,24,4.76600000,0.16783516,0
1697112000000,0.03524000,0.03547000,0.03524000,0.03528000,196.39200000,1697115599999,6.93803982,21,180.63700000,6.38214544,0
1697115600000,0.03537000,0.03537000,0.03505000,0.03505000,16.06700000,1697119199999,0.56490523,17,3.26900000,0.11562453,0
1697119200000,0.03515000,0.03515000,0.03493000,0.03493000,36.09200000,1697122799999,1.26455793,10,16.22300000,0.57023845,0
1697122800000,0.03506000,0.03513000,0.03500000,0.03513000,45.11900000,1697126399999,1.58013453,7,9.79700000,0.34358677,0
1697126400000,0.03505000,0.03524000,0.03496000,0.03507000,314.26500000,1697129999999,11.03564611,35,264.43300000,9.28892906,0
1697130000000,0.03502000,0.03502000,0.03477000,0.03502000,496.28200000,1697133599999,17.31014346,51,226.83000000,7.92263487,0
1697133600000,0.03495000,0.03507000,0.03486000,0.03491000,172.60600000,1697137199999,6.02913808,27,41.50100000,1.44898004,0
1697137200000,0.03490000,0.03507000,0.03488000,0.03507000,179.71700000,1697140799999,6.29168297,14,175.67200000,6.15055140,0
1697140800000,0.03512000,0.03516000,0.03511000,0.03511000,8.37100000,1697144399999,0.29399748,7,3.37100000,0.11844748,0
1697144400000,0.03521000,0.03529000,0.03520000,0.03520000,14.22900000,1697147999999,0.50136081,9,9.27300000,0.32688131,0
1697148000000,0.03516000,0.03516000,0.03512000,0.03515000,3.55200000,1697151599999,0.12483465,6,0.00000000,0.00000000,0
1697151600000,0.03507000,0.03507000,0.03500000,0.03500000,30.18600000,1697155199999,1.05686149,7,0.00000000,0.00000000,0
1697155200000,0.03513000,0.03520000,0.03502000,0.03513000,92.65500000,1697158799999,3.24899085,12,5.09100000,0.17908403,0
1697158800000,0.03502000,0.03503000,0.03492000,0.03492000,73.97700000,1697162399999,2.58797573,13,43.99800000,1.54062672,0
1697162400000,0.03492000,0.03512000,0.03492000,0.03512000,115.94000000,1697165999999,4.06474233,8,115.16100000,4.03753965,0
1697166000000,0.03513000,0.03526000,0.03462000,0.03462000,410.13900000,1697169599999,14.28662557,162,35.49200000,1.24047640,0
1697169600000,0.03473000,0.03496000,0.03473000,0.03490000,48.44200000,1697173199999,1.68707445,16,48.44200000,1.68707445,0
1697173200000,0.03496000,0.03498000,0.03491000,0.03492000,51.95700000,1697176799999,1.81601653,9,7.25900000,0.25373322,0
1697176800000,0.03489000,0.03507000,0.03482000,0.03490000,223.28300000,1697180399999,7.79448905,23,153.87600000,5.37302457,0
1697180400000,0.03499000,0.03528000,0.03491000,0.03491000,202.19900000,1697183999999,7.09006866,41,34.68200000,1.22066870,0
1697184000000,0.03502000,0.03507000,0.03502000,0.03503000,7.26100000,1697187599999,0.25456612,6,5.70100000,0.19991932,0
1697187600000,0.03512000,0.03516000,0.03496000,0.03496000,79.46300000,1697191199999,2.78319455,19,2.53700000,0.08915740,0
1697191200000,0.03507000,0.03512000,0.03507000,0.03512000,3.64800000,1697194799999,0.12809186,3,3.64800000,0.12809186,0
1697194800000,0.03508000,0.03520000,0.03508000,0.03514000,23.40000000,1697198399999,0.82249786,11,13.19400000,0.46422748,0
1697198400000,0.03507000,0.03537000,0.03505000,0.03522000,174.29600000,1697201999999,6.12923455,35,73.60900000,2.59279210,0
1697202000000,0.03515000,0.03519000,0.03505000,0.03505000,72.29400000,1697205599999,2.53630121,20,6.47900000,0.22784166,0
1697205600000,0.03508000,0.03515000,0.03499000,0.03499000,168.05000000,1697209199999,5.89144582,24,57.22400000,2.00933637,0
1697209200000,0.03499000,0.03506000,0.03487000,0.03487000,190.02900000,1697212799999,6.64763161,23,78.76800000,2.76082964,0
1697212800000,0.03487000,0.03487000,0.03487000,0.03487000,0.00000000,1697216399999,0.00000000,0,0.00000000,0.00000000,0
1697216400000,0.03489000,0.03490000,0.03480000,0.03488000,94.08200000,1697219999999,3.27595576,15,14.78000000,0.51559075,0
1697220000000,0.03490000,0.03495000,0.03480000,0.03495000,35.11400000,1697223599999,1.22558336,7,33.80400000,1.17998500,0
1697223600000,0.03498000,0.03499000,0.03490000,0.03495000,102.23400000,1697227199999,3.57704659,9,101.71600000,3.55896839,0
1697227200000,0.03490000,0.03526000,0.03490000,0.03526000,184.85900000,1697230799999,6.47051033,21,179.85900000,6.29601033,0
1697230800000,0.03529000,0.03563000,0.03510000,0.03531000,700.53600000,1697234399999,24.76846305,110,269.54600000,9.56403151,0
1697234400000,0.03533000,0.03543000,0.03524000,0.03524000,33.38400000,1697237999999,1.17915486,15,3.44700000,0.12200631,0
1697238000000,0.03521000,0.03531000,0.03516000,0.03531000,22.33600000,1697241599999,0.78613275,8,4.35000000,0.15356224,0
1697241600000,0.03518000,0.03535000,0.03518000,0.03535000,48.23900000,1697245199999,1.70142769,10,5.33100000,0.18827013,0
1697245200000,0.03537000,0.03537000,0.03537000,0.03537000,0.39200000,1697248799999,0.01386504,1,0.39200000,0.01386504,0
1697248800000,0.03531000,0.03542000,0.03531000,0.03535000,19.81000000,1697252399999,0.70143495,7,18.97600000,0.67197605,0
1697252400000,0.03535000,0.03540000,0.03535000,0.03540000,35.67900000,1697255999999,1.26221280,2,35.67900000,1.26221280,0
1697256000000,0.03526000,0.03526000,0.03524000,0.03524000,5.78400000,1697259599999,0.20392758,4,0.00000000,0.00000000,0
1697259600000,0.03524000,0.03524000,0.03516000,0.03516000,36.54500000,1697263199999,1.28641006,7,0.00000000,0.00000000,0
1697263200000,0.03520000,0.03520000,0.03512000,0.03514000,7.29100000,1697266799999,0.25620326,6,0.00000000,0.00000000,0
1697266800000,0.03507000,0.03507000,0.03502000,0.03506000,67.36100000,1697270399999,2.36166018,9,5.93300000,0.20801098,0
1697270400000,0.03503000,0.03519000,0.03502000,0.03519000,15.62400000,1697273999999,0.54839892,6,8.04400000,0.28290342,0
1697274000000,0.03519000,0.03519000,0.03519000,0.03519000,5.04100000,1697277599999,0.17739279,2,5.04100000,0.17739279,0
1697277600000,0.03520000,0.03521000,0.03514000,0.03514000,12.85100000,1697281199999,0.45213258,5,1.04200000,0.03668232,0
1697281200000,0.03519000,0.03524000,0.03516000,0.03524000,35.68900000,1697284799999,1.25643259,7,26.15800000,0.92127223,0
1697284800000,0.03526000,0.03533000,0.03524000,0.03533000,4.40000000,1697288399999,0.15524692,6,3.32100000,0.11722296,0
1697288400000,0.03533000,0.03536000,0.03533000,0.03536000,18.85900000,1697291999999,0.66676975,4,18.85900000,0.66676975,0
1697292000000,0.03527000,0.03527000,0.03524000,0.03524000,65.29200000,1697295599999,2.30102178,5,0.00000000,0.00000000,0
1697295600000,0.03531000,0.03539000,0.03529000,0.03539000,24.17300000,1697299199999,0.85339089,8,6.20300000,0.21922959,0
1697299200000,0.03541000,0.03554000,0.03541000,0.03554000,38.57200000,1697302799999,1.36823636,14,29.13400000,1.03374916,0
1697302800000,0.03545000,0.03549000,0.03545000,0.03549000,21.82700000,1697306399999,0.77386468,4,0.00000000,0.00000000,0
1697306400000,0.03555000,0.03568000,0.03552000,0.03568000,31.14900000,1697309999999,1.10869787,16,20.63900000,0.73533877,0
1697310000000,0.03558000,0.03563000,0.03547000,0.03563000,44.37000000,1697313599999,1.58044843,10,40.97800000,1.45997634,0
1697313600000,0.03550000,0.03555000,0.03543000,0.03555000,22.89200000,1697317199999,0.81168599,8,1.36400000,0.04849020,0
1697317200000,0.03543000,0.03543000,0.03530000,0.03530000,36.90200000,1697320799999,1.30343201,17,1.41100000,0.04999173,0
1697320800000,0.03540000,0.03552000,0.03533000,0.03552000,228.94800000,1697324399999,8.11049667,16,228.43000000,8.09219573,0
1697324400000,0.03553000,0.03554000,0.03543000,0.03543000,16.03800000,1697327999999,0.56875621,4,2.36900000,0.08419034,0
1697328000000,0.03544000,0.03544000,0.03537000,0.03537000,20.61200000,1697331599999,0.72985533,6,0.00000000,0.00000000,0
1697331600000,0.03550000,0.03551000,0.03541000,0.03541000,10.81600000,1697335199999,0.38359798,5,4.90800000,0.17427790,0
1697335200000,0.03550000,0.03550000,0.03550000,0.03550000,0.51800000,1697338799999,0.01838900,1,0.51800000,0.01838900,0
1697338800000,0.03541000,0.03550000,0.03535000,0.03541000,11.62900000,1697342399999,0.41226421,8,5.20300000,0.18469175,0
1697342400000,0.03546000,0.03546000,0.03546000,0.03546000,3.42800000,1697345999999,0.12155688,1,3.42800000,0.12155688,0
1697346000000,0.03535000,0.03569000,0.03530000,0.03540000,68.89700000,1697349599999,2.44356555,33,29.21300000,1.04006903,0
1697349600000,0.03550000,0.03550000,0.03540000,0.03540000,58.78500000,1697353199999,2.08168448,6,1.14300000,0.04057650,0
1697353200000,0.03550000,0.03554000,0.03550000,0.03554000,6.31500000,1697356799999,0.22427741,5,6.31500000,0.22427741,0
1697356800000,0.03551000,0.03557000,0.03539000,0.03549000,14.41500000,1697360399999,0.51071562,9,3.36600000,0.11962805,0
1697360400000,0.03556000,0.03558000,0.03556000,0.03558000,1.04900000,1697363999999,0.03731280,2,1.04900000,0.03731280,0
1697364000000,0.03566000,0.03573000,0.03566000,0.03572000,73.63700000,1697367599999,2.62741953,13,73.63700000,2.62741953,0
1697367600000,0.03558000,0.03564000,0.03545000,0.03545000,146.04500000,1697371199999,5.18150356,15,0.52800000,0.01881792,0
1697371200000,0.03556000,0.03563000,0.03553000,0.03553000,40.62700000,1697374799999,1.44443714,7,16.32900000,0.58095100,0
1697374800000,0.03550000,0.03570000,0.03401000,0.03502000,7675.46000000,1697378399999,268.53107554,763,2352.92800000,82.52479789,0
1697378400000,0.03507000,0.03510000,0.03492000,0.03492000,49.87600000,1697381999999,1.74909396,25,14.67200000,0.51492776,0
1697382000000,0.03491000,0.03502000,0.03490000,0.03493000,46.96500000,1697385599999,1.64099470,10,5.03700000,0.17629572,0
1697385600000,0.03492000,0.03507000,0.03492000,0.03507000,1.10800000,1697389199999,0.03879856,3,0.81300000,0.02849716,0
1697389200000,0.03499000,0.03548000,0.03487000,0.03510000,113.54000000,1697392799999,3.98402739,71,75.53000000,2.65401475,0
1697392800000,0.03524000,0.03537000,0.03524000,0.03536000,10.95600000,1697396399999,0.38701418,12,8.95600000,0.31629418,0
1697396400000,0.03541000,0.03567000,0.03540000,0.03547000,159.14200000,1697399999999,5.66093810,42,123.85700000,4.40784355,0
1697400000000,0.03558000,0.03598000,0.03558000,0.03571000,220.53300000,1697403599999,7.91793660,50,124.67000000,4.47623048,0
1697403600000,0.03577000,0.03577000,0.03555000,0.03559000,28.74700000,1697407199999,1.02479513,20,10.19400000,0.36389951,0
1697407200000,0.03553000,0.03553000,0.03531000,0.03531000,20.34000000,1697410799999,0.72108204,23,0.00000000,0.00000000,0
1697410800000,0.03531000,0.03557000,0.03524000,0.03532000,110.37000000,1697414399999,3.90828350,42,62.04500000,2.20195535,0
1697414400000,0.03541000,0.03550000,0.03539000,0.03539000,2.84700000,1697417999999,0.10085073,8,1.33100000,0.04718913,0
1697418000000,0.03540000,0.03540000,0.03534000,0.03534000,150.96200000,1697421599999,5.33871992,9,0.00000000,0.00000000,0
1697421600000,0.03545000,0.03553000,0.03533000,0.03533000,27.40500000,1697425199999,0.97051764,11,11.85100000,0.42092422,0
1697425200000,0.03533000,0.03540000,0.03531000,0.03531000,7.10200000,1697428799999,0.25086485,4,1.02900000,0.03641926,0
1697428800000,0.03529000,0.03539000,0.03529000,0.03532000,3.24800000,1697432399999,0.11472119,4,2.10500000,0.07438472,0
1697432400000,0.03541000,0.03573000,0.03536000,0.03563000,287.81400000,1697435999999,10.20928085,43,266.41800000,9.44887992,0
1697436000000,0.03570000,0.03570000,0.03552000,0.03559000,23.62000000,1697439599999,0.84095905,12,4.31700000,0.15411690,0
1697439600000,0.03556000,0.03556000,0.03548000,0.03556000,20.53200000,1697443199999,0.73001924,4,1.72100000,0.06119876,0
1697443200000,0.03556000,0.03608000,0.03545000,0.03545000,436.69900000,1697446799999,15.61550821,92,381.62000000,13.65951703,0
1697446800000,0.03554000,0.03558000,0.03529000,0.03552000,170.40300000,1697450399999,6.03135964,40,24.11700000,0.85633080,0
1697450400000,0.03563000,0.03568000,0.03548000,0.03548000,97.33800000,1697453999999,3.46834988,16,62.24500000,2.22081880,0
1697454000000,0.03550000,0.03558000,0.03541000,0.03548000,176.54300000,1697457599999,6.27167139,29,135.53900000,4.81682044,0
1697457600000,0.03554000,0.03563000,0.03554000,0.03555000,15.28300000,1697461199999,0.54334171,9,10.75600000,0.38240549,0
1697461200000,0.03550000,0.03594000,0.03509000,0.03513000,1845.77900000,1697464799999,65.39717514,169,125.58200000,4.48601889,0
1697464800000,0.03507000,0.03539000,0.03496000,0.03504000,311.15900000,1697468399999,10.94822474,63,280.90500000,9.88480627,0
1697468400000,0.03511000,0.03516000,0.03495000,0.03495000,273.46200000,1697471999999,9.59964223,21,254.01100000,8.91841497,0
1697472000000,0.03502000,0.03502000,0.03488000,0.03500000,111.28500000,1697475599999,3.88771986,19,38.44700000,1.34557684,0
1697475600000,0.03502000,0.03505000,0.03495000,0.03500000,534.49200000,1697479199999,18.71888770,21,509.54200000,17.84675820,0
1697479200000,0.03505000,0.03505000,0.03484000,0.03502000,104.56800000,1697482799999,3.65476894,18,59.67300000,2.08839568,0
1697482800000,0.03505000,0.03531000,0.03499000,0.03505000,56.63000000,1697486399999,1.99167613,36,34.04300000,1.19796465,0
1697486400000,0.03497000,0.03498000,0.03489000,0.03489000,65.64000000,1697489999999,2.29290804,14,0.00000000,0.00000000,0
1697490000000,0.03488000,0.03497000,0.03488000,0.03496000,30.76700000,1697493599999,1.07412305,9,6.14000000,0.21453901,0
1697493600000,0.03497000,0.03516000,0.03496000,0.03516000,52.49600000,1697497199999,1.83798036,15,50.82000000,1.77933340,0
1697497200000,0.03520000,0.03521000,0.03507000,0.03507000,17.24000000,1697500799999,0.60614395,4,16.72200000,0.58797769,0
1697500800000,0.03503000,0.03516000,0.03491000,0.03502000,131.21900000,1697504399999,4.58808900,18,5.72100000,0.20100709,0
1697504400000,0.03502000,0.03506000,0.03499000,0.03506000,36.81300000,1697507999999,1.28985162,5,23.09500000,0.80966680,0
1697508000000,0.03498000,0.03499000,0.03488000,0.03493000,130.55100000,1697511599999,4.56345499,15,69.42600000,2.42910134,0
1697511600000,0.03490000,0.03490000,0.03488000,0.03488000,14.43000000,1697515199999,0.50332876,3,0.00000000,0.00000000,0
1697515200000,0.03488000,0.03502000,0.03488000,0.03502000,30.14100000,1697518799999,1.05485472,4,29.46600000,1.03131072,0
1697518800000,0.03505000,0.03505000,0.03499000,0.03499000,6.84100000,1697522399999,0.23939011,2,0.39200000,0.01373960,0
1697522400000,0.03506000,0.03506000,0.03506000,0.03506000,1.23300000,1697525999999,0.04322898,1,1.23300000,0.04322898,0
1697526000000,0.03507000,0.03509000,0.03487000,0.03505000,74.40700000,1697529599999,2.60128553,18,39.00800000,1.36574302,0
1697529600000,0.03505000,0.03524000,0.03497000,0.03524000,377.34000000,1697533199999,13.24504632,22,376.40700000,13.21237219,0
1697533200000,0.03516000,0.03516000,0.03500000,0.03500000,21.98600000,1697536799999,0.77111180,12,0.00000000,0.00000000,0
1697536800000,0.03513000,0.03523000,0.03507000,0.03507000,39.00200000,1697540399999,1.37340254,7,37.67000000,1.32668930,0
1697540400000,0.03516000,0.03565000,0.03516000,0.03532000,471.07100000,1697543999999,16.66999178,63,414.44400000,14.67592978,0
1697544000000,0.03522000,0.03522000,0.03495000,0.03496000,64.56600000,1697547599999,2.26546611,22,2.13900000,0.07497195,0
1697547600000,0.03492000,0.03502000,0.03475000,0.03494000,283.52800000,1697551199999,9.89433684,51,161.09700000,5.62565966,0
1697551200000,0.03494000,0.03494000,0.03476000,0.03490000,131.34000000,1697554799999,4.57991283,14,29.25400000,1.02096460,0
1697554800000,0.03482000,0.03499000,0.03408000,0.03487000,2922.16100000,1697558399999,100.77100855,230,1114.71200000,38.63277855,0
1697558400000,0.03493000,0.03497000,0.03482000,0.03482000,118.79500000,1697561999999,4.14904439,6,6.26300000,0.21884151,0
1697562000000,0.03481000,0.03485000,0.03462000,0.03462000,164.81400000,1697565599999,5.72253645,29,67.83600000,2.35615542,0
1697565600000,0.03466000,0.03466000,0.03454000,0.03454000,37.25100000,1697569199999,1.28892180,12,4.27400000,0.14809367,0
1697569200000,0.03459000,0.03464000,0.03453000,0.03457000,48.18300000,1697572799999,1.66664972,9,27.53300000,0.95309302,0
1697572800000,0.03450000,0.03452000,0.03450000,0.03450000,50.03400000,1697576399999,1.72658910,5,0.00000000,0.00000000,0
1697576400000,0.03451000,0.03465000,0.03451000,0.03465000,40.45500000,1697579999999,1.39921317,6,29.50400000,1.02086430,0
1697580000000,0.03467000,0.03473000,0.03461000,0.03473000,40.18600000,1697583599999,1.39363712,7,30.53600000,1.05961363,0
1697583600000,0.03465000,0.03465000,0.03460000,0.03460000,43.08100000,1697587199999,1.49076511,4,0.00000000,0.00000000,0
1697587200000,0.03459000,0.03465000,0.03451000,0.03462000,18.29600000,1697590799999,0.63315760,8,15.58900000,0.53955601,0
1697590800000,0.03456000,0.03462000,0.03456000,0.03462000,156.49900000,1697594399999,5.41659559,9,155.98100000,5.39869351,0
1697594400000,0.03450000,0.03479000,0.03445000,0.03457000,280.76500000,1697597999999,9.71318935,30,175.12000000,6.07009894,0
1697598000000,0.03457000,0.03457000,0.03451000,0.03451000,23.44500000,1697601599999,0.80922650,5,0.00000000,0.00000000,0
1697601600000,0.03460000,0.03465000,0.03460000,0.03465000,29.42000000,1697605199999,1.01795790,3,0.51800000,0.01794870,0
1697605200000,0.03470000,0.03474000,0.03460000,0.03463000,191.67000000,1697608799999,6.63892704,15,52.47900000,1.82173498,0
1697608800000,0.03470000,0.03470000,0.03453000,0.03455000,224.48700000,1697612399999,7.78054899,15,162.20900000,5.62702860,0
1697612400000,0.03450000,0.03460000,0.03448000,0.03460000,61.52800000,1697615999999,2.12571655,10,29.97000000,1.03695905,0
1697616000000,0.03462000,0.03465000,0.03462000,0.03464000,27.79300000,1697619599999,0.96291747,5,9.81800000,0.34010070,0
1697619600000,0.03464000,0.03470000,0.03464000,0.03470000,1.04100000,1697623199999,0.03608418,3,1.04100000,0.03608418,0
1697623200000,0.03473000,0.03490000,0.03471000,0.03478000,126.04200000,1697626799999,4.38804355,36,69.28700000,2.41473145,0
1697626800000,0.03485000,0.03502000,0.03485000,0.03502000,115.28500000,1697630399999,4.02788552,22,108.62500000,3.79534232,0
1697630400000,0.03503000,0.03512000,0.03494000,0.03494000,390.03200000,1697633999999,13.66795587,34,331.48400000,11.61826157,0
1697634000000,0.03492000,0.03492000,0.03486000,0.03486000,45.73100000,1697637599999,1.59580564,10,0.00000000,0.00000000,0
1697637600000,0.03499000,0.03512000,0.03489000,0.03495000,111.09300000,1697641199999,3.88553548,27,75.49300000,2.64285523,0
1697641200000,0.03506000,0.03506000,0.03492000,0.03492000,9.03900000,1697644799999,0.31578090,3,0.99300000,0.03481458,0
1697644800000,0.03492000,0.03513000,0.03488000,0.03488000,752.73900000,1697648399999,26.33425595,32,165.23900000,5.79435025,0
1697648400000,0.03487000,0.03495000,0.03487000,0.03495000,256.92000000,1697651999999,8.96011046,4,256.92000000,8.96011046,0
1697652000000,0.03482000,0.03504000,0.03482000,0.03492000,60.34600000,1697655599999,2.11021650,13,58.62400000,2.05012697,0
1697655600000,0.03491000,0.03500000,0.03490000,0.03500000,90.96400000,1697659199999,3.17931406,8,53.04300000,1.85578366,0
1697659200000,0.03500000,0.03505000,0.03490000,0.03490000,7.68700000,1697662799999,0.26857640,6,2.68700000,0.09407050,0
1697662800000,0.03490000,0.03490000,0.03489000,0.03489000,31.41300000,1697666399999,1.09624423,6,0.00000000,0.00000000,0
1697666400000,0.03497000,0.03499000,0.03497000,0.03499000,10.78100000,1697669999999,0.37704311,3,10.78100000,0.37704311,0
1697670000000,0.03492000,0.03492000,0.03492000,0.03492000,0.40100000,1697673599999,0.01400292,1,0.00000000,0.00000000,0
1697673600000,0.03500000,0.03500000,0.03482000,0.03482000,72.10400000,1697677199999,2.51856203,7,28.65300000,1.00285500,0
1697677200000,0.03482000,0.03492000,0.03460000,0.03482000,618.60500000,1697680799999,21.47986594,54,151.69500000,5.27830121,0
1697680800000,0.03477000,0.03500000,0.03476000,0.03485000,372.04300000,1697684399999,12.97359022,31,290.66700000,10.14003169,0
1697684400000,0.03497000,0.03497000,0.03497000,0.03497000,2.28700000,1697687999999,0.07997639,1,2.28700000,0.07997639,0
1697688000000,0.03497000,0.03497000,0.03497000,0.03497000,0.00000000,1697691599999,0.00000000,0,0.00000000,0.00000000,0
1697691600000,0.03497000,0.03497000,0.03497000,0.03497000,3.80000000,1697695199999,0.13288600,1,3.80000000,0.13288600,0
1697695200000,0.03486000,0.03504000,0.03486000,0.03486000,605.91200000,1697698799999,21.19231719,19,368.26200000,12.89549669,0
1697698800000,0.03499000,0.03516000,0.03499000,0.03500000,81.24100000,1697702399999,2.84981316,17,79.91000000,2.80319118,0
1697702400000,0.03507000,0.03507000,0.03507000,0.03507000,0.51800000,1697705999999,0.01816626,1,0.51800000,0.01816626,0
1697706000000,0.03504000,0.03510000,0.03487000,0.03493000,288.28500000,1697709599999,10.08900543,34,127.64700000,4.47485159,0
1697709600000,0.03490000,0.03490000,0.03467000,0.03474000,101.36300000,1697713199999,3.52144208,23,9.33700000,0.32484132,0
1697713200000,0.03471000,0.03489000,0.03471000,0.03489000,43.31000000,1697716799999,1.50779510,11,40.60400000,1.41386984,0
1697716800000,0.03490000,0.03498000,0.03476000,0.03492000,315.93500000,1697720399999,11.00395417,30,72.35800000,2.52584557,0
1697720400000,0.03492000,0.03502000,0.03492000,0.03495000,53.24700000,1697723999999,1.86335361,10,47.82800000,1.67401305,0
1697724000000,0.03492000,0.03507000,0.03492000,0.03505000,23.04100000,1697727599999,0.80684782,11,13.19000000,0.46227087,0
1697727600000,0.03507000,0.03516000,0.03491000,0.03507000,225.82400000,1697731199999,7.89780371,31,56.26200000,1.97162362,0
1697731200000,0.03500000,0.03516000,0.03494000,0.03494000,813.10000000,1697734799999,28.49693749,30,572.90300000,20.08497822,0
1697734800000,0.03495000,0.03499000,0.03485000,0.03485000,77.69200000,1697738399999,2.71222398,20,6.71600000,0.23494994,0
1697738400000,0.03485000,0.03485000,0.03485000,0.03485000,0.00000000,1697741999999,0.00000000,0,0.00000000,0.00000000,0
1697742000000,0.03486000,0.03500000,0.03486000,0.03500000,44.55500000,1697745599999,1.55342152,6,7.54200000,0.26314834,0
1697745600000,0.03495000,0.03505000,0.03492000,0.03492000,43.54200000,1697749199999,1.52433177,11,34.55600000,1.20976520,0
1697749200000,0.03490000,0.03490000,0.03474000,0.03477000,90.52800000,1697752799999,3.15291829,18,2.88700000,0.10057458,0
1697752800000,0.03483000,0.03502000,0.03465000,0.03474000,460.76200000,1697756399999,16.04419918,46,299.77400000,10.45390369,0
1697756400000,0.03472000,0.03472000,0.03456000,0.03456000,52.81200000,1697759999999,1.82772443,12,2.16000000,0.07499520,0
1697760000000,0.03457000,0.03459000,0.03457000,0.03459000,13.38200000,1697763599999,0.46275398,3,5.41200000,0.18720108,0
1697763600000,0.03456000,0.03460000,0.03450000,0.03460000,73.52900000,1697767199999,2.54054252,6,28.98600000,1.00291560,0
1697767200000,0.03462000,0.03496000,0.03459000,0.03496000,789.92500000,1697770799999,27.43789155,52,485.80500000,16.89883779,0
1697770800000,0.03499000,0.03516000,0.03499000,0.03499000,154.79100000,1697774399999,5.42014743,24,16.18900000,0.56807811,0
1697774400000,0.03500000,0.03515000,0.03499000,0.03515000,15.92100000,1697777999999,0.55873805,8,15.15600000,0.53191540,0
1697778000000,0.03516000,0.03524000,0.03504000,0.03504000,229.11800000,1697781599999,8.05501249,18,201.31300000,7.07906799,0
1697781600000,0.03502000,0.03507000,0.03498000,0.03501000,126.03100000,1697785199999,4.41277724,17,19.32100000,0.67722721,0
1697785200000,0.03513000,0.03529000,0.03496000,0.03509000,471.90200000,1697788799999,16.60485751,56,324.73600000,11.43567575,0
1697788800000,0.03524000,0.03553000,0.03524000,0.03551000,357.84600000,1697792399999,12.66686375,46,282.11800000,9.98593744,0
1697792400000,0.03548000,0.03565000,0.03545000,0.03547000,475.36200000,1697795999999,16.88516403,37,313.85300000,11.15266466,0
1697796000000,0.03558000,0.03569000,0.03545000,0.03569000,650.52600000,1697799599999,23.12513216,41,508.76600000,18.09531007,0
1697799600000,0.03573000,0.03579000,0.03552000,0.03552000,52.99400000,1697803199999,1.89086944,17,12.32600000,0.44066079,0
1697803200000,0.03556000,0.03563000,0.03548000,0.03554000,118.30700000,1697806799999,4.20382619,16,84.98900000,3.02050819,0
1697806800000,0.03558000,0.03575000,0.03557000,0.03575000,46.91800000,1697810399999,1.67040701,11,10.39800000,0.37139061,0
1697810400000,0.03578000,0.03584000,0.03573000,0.03574000,356.40600000,1697813999999,12.76276473,28,309.04800000,11.06947057,0
1697814000000,0.03577000,0.03590000,0.03571000,0.03578000,250.01600000,1697817599999,8.95099059,29,89.94700000,3.22292708,0
1697817600000,0.03584000,0.03600000,0.03584000,0.03599000,76.42100000,1697821199999,2.74349956,18,50.50900000,1.81266807,0
1697821200000,0.03597000,0.03616000,0.03591000,0.03599000,212.45100000,1697824799999,7.65239166,40,74.82900000,2.69787452,0
1697824800000,0.03594000,0.03594000,0.03581000,0.03581000,13.78600000,1697828399999,0.49474913,9,2.08600000,0.07490826,0
1697828400000,0.03587000,0.03591000,0.03580000,0.03580000,42.87100000,1697831999999,1.53705339,7,16.09700000,0.57776599,0
1697832000000,0.03578000,0.03578000,0.03569000,0.03569000,33.14600000,1697835599999,1.18418050,14,0.58900000,0.02106853,0
1697835600000,0.03568000,0.03580000,0.03562000,0.03580000,111.53900000,1697839199999,3.98732837,22,61.19000000,2.18838745,0
1697839200000,0.03576000,0.03593000,0.03571000,0.03574000,114.24900000,1697842799999,4.08713660,21,78.02700000,2.79312870,0
1697842800000,0.03572000,0.03572000,0.03569000,0.03569000,2.48400000,1697846399999,0.08871672,2,0.00000000,0.00000000,0
1697846400000,0.03567000,0.03575000,0.03559000,0.03560000,43.83700000,1697849999999,1.56153486,12,0.29300000,0.01047475,0
1697850000000,0.03568000,0.03581000,0.03568000,0.03581000,31.89400000,1697853599999,1.14167743,5,30.24300000,1.08276975,0
1697853600000,0.03576000,0.03576000,0.03560000,0.03567000,781.68300000,1697857199999,27.88325223,18,186.98600000,6.66962207,0
1697857200000,0.03558000,0.03599000,0.03556000,0.03584000,589.50700000,1697860799999,21.14994891,51,398.46100000,14.31979724,0
1697860800000,0.03587000,0.03587000,0.03587000,0.03587000,3.59000000,1697864399999,0.12877330,2,0.69200000,0.02482204,0
1697864400000,0.03593000,0.03605000,0.03593000,0.03593000,184.61800000,1697867999999,6.64261516,22,146.50800000,5.27187882,0
1697868000000,0.03601000,0.03661000,0.03601000,0.03661000,1139.38300000,1697871599999,41.44869028,98,1050.78000000,38.23216480,0
1697871600000,0.03657000,0.03708000,0.03639000,0.03690000,860.34500000,1697875199999,31.65432470,112,589.58500000,21.75589577,0
1697875200000,0.03678000,0.03706000,0.03672000,0.03685000,438.85300000,1697878799999,16.16536800,63,272.02100000,10.01295842,0
1697878800000,0.03686000,0.03725000,0.03686000,0.03700000,568.54400000,1697882399999,21.07666220,89,344.19800000,12.76824249,0
1697882400000,0.03695000,0.03776000,0.03690000,0.03757000,763.84400000,1697885999999,28.55829183,102,534.85600000,19.97955192,0
1697886000000,0.03761000,0.03805000,0.03742000,0.03772000,2619.31100000,1697889599999,98.45988689,162,1541.05100000,58.05579329,0
1697889600000,0.03784000,0.03847000,0.03780000,0.03819000,3017.64600000,1697893199999,115.02547866,175,1396.38200000,53.13811129,0
1697893200000,0.03819000,0.03972000,0.03799000,0.03946000,8270.31300000,1697896799999,321.86546255,346,2595.06000000,101.17375076,0
1697896800000,0.03937000,0.04164000,0.03912000,0.04060000,7669.39900000,1697900399999,310.23454627,632,4652.82100000,188.32610262,0
1697900400000,0.04070000,0.04188000,0.04039000,0.04185000,2191.45900000,1697903999999,90.25077174,253,1433.17200000,59.11854604,0
1697904000000,0.04183000,0.04282000,0.04121000,0.04176000,5244.03200000,1697907599999,220.95383547,392,3674.50500000,155.09835681,0
1697907600000,0.04174000,0.04267000,0.04164000,0.04217000,3522.67300000,1697911199999,148.76897333,256,2340.07200000,98.90036040,0
1697911200000,0.04231000,0.04247000,0.04161000,0.04184000,2398.10700000,1697914799999,100.50490354,174,1307.54400000,54.78670947,0
1697914800000,0.04168000,0.04168000,0.04118000,0.04131000,1157.34200000,1697918399999,47.83232792,119,401.43800000,16.60652913,0
1697918400000,0.04137000,0.04137000,0.04098000,0.04098000,878.70200000,1697921999999,36.18826612,80,141.68600000,5.84086532,0
1697922000000,0.04098000,0.04137000,0.04093000,0.04129000,1041.88800000,1697925599999,42.82394687,89,667.62300000,27.44879072,0
1697925600000,0.04128000,0.04168000,0.04118000,0.04168000,254.34400000,1697929199999,10.51637858,32,162.33400000,6.71145289,0
1697929200000,0.04164000,0.04180000,0.04150000,0.04158000,551.76500000,1697932799999,22.95923827,65,300.70700000,12.51798583,0
1697932800000,0.04146000,0.04289000,0.04131000,0.04232000,2492.83200000,1697936399999,105.31618676,236,1344.38700000,56.87017958,0
1697936400000,0.04228000,0.04243000,0.04157000,0.04208000,1092.82700000,1697939999999,45.89434243,147,330.47800000,13.92856537,0
1697940000000,0.04208000,0.04262000,0.04180000,0.04250000,642.66600000,1697943599999,27.27959374,64,355.54300000,15.10938058,0
1697943600000,0.04264000,0.04388000,0.04254000,0.04337000,3631.06800000,1697947199999,157.17577009,418,1504.19400000,65.24347019,0
1697947200000,0.04329000,0.04482000,0.04329000,0.04415000,5653.24600000,1697950799999,249.55359030,479,3786.47300000,167.08302621,0
1697950800000,0.04406000,0.04524000,0.04382000,0.04449000,3299.89600000,1697954399999,147.81680027,305,1949.83900000,87.37864721,0
1697954400000,0.04455000,0.04478000,0.04384000,0.04392000,1095.42300000,1697957999999,48.35467452,141,686.76300000,30.33181592,0
1697958000000,0.04405000,0.04409000,0.04293000,0.04337000,3291.72600000,1697961599999,142.73270069,258,1571.35400000,68.11013307,0
1697961600000,0.04361000,0.04368000,0.04292000,0.04330000,1812.25400000,1697965199999,78.29085613,123,204.08900000,8.83455668,0
1697965200000,0.04314000,0.04354000,0.04295000,0.04295000,1096.30500000,1697968799999,47.53211392,67,588.68000000,25.54225269,0
1697968800000,0.04305000,0.04395000,0.04297000,0.04344000,845.81000000,1697972399999,36.80742171,107,527.71300000,22.94996860,0
1697972400000,0.04348000,0.04354000,0.04230000,0.04245000,3815.45900000,1697975999999,163.62553361,244,1890.08600000,81.13846386,0
1697976000000,0.04254000,0.04306000,0.04254000,0.04298000,1299.26900000,1697979599999,55.71048339,77,1079.14200000,46.27185521,0
1697979600000,0.04297000,0.04365000,0.04297000,0.04357000,673.84200000,1697983199999,29.17397724,89,333.66000000,14.45421144,0
1697983200000,0.04351000,0.04353000,0.04301000,0.04318000,602.98500000,1697986799999,26.14074454,86,151.35800000,6.56785615,0
1697986800000,0.04296000,0.04331000,0.04281000,0.04309000,987.87400000,1697990399999,42.55748839,109,600.62700000,25.89907812,0
1697990400000,0.04325000,0.04409000,0.04325000,0.04409000,891.46700000,1697993999999,38.97606328,86,519.45500000,22.68903631,0
1697994000000,0.04403000,0.04477000,0.04368000,0.04457000,1239.59400000,1697997599999,54.91065057,148,787.82000000,34.89369729,0
1697997600000,0.04472000,0.04516000,0.04376000,0.04380000,2364.80200000,1698001199999,104.87208017,248,1489.24500000,66.05036862,0
1698001200000,0.04394000,0.04404000,0.04362000,0.04370000,323.41400000,1698004799999,14.16276740,47,189.87400000,8.31907445,0
1698004800000,0.04388000,0.04429000,0.04379000,0.04406000,78.00300000,1698008399999,3.43094081,21,55.75600000,2.45090294,0
1698008400000,0.04402000,0.04428000,0.04361000,0.04421000,118.62200000,1698011999999,5.21800444,32,78.26700000,3.44798915,0
1698012000000,0.04420000,0.04675000,0.04406000,0.04629000,11847.23800000,1698015599999,545.09444844,476,3122.49600000,142.82043111,0
1698015600000,0.04640000,0.04700000,0.04583000,0.04674000,4109.23000000,1698019199999,191.04465365,310,2558.64200000,119.17223443,0
1698019200000,0.04695000,0.04784000,0.04613000,0.04744000,5134.70500000,1698022799999,241.52472142,508,2559.53800000,120.51130920,0
1698022800000,0.04743000,0.05000000,0.04736000,0.04970000,7717.60800000,1698026399999,374.93741502,626,4631.27600000,225.22309448,0
1698026400000,0.04990000,0.05018000,0.04852000,0.04882000,2028.75800000,1698029999999,99.66525305,218,1164.45300000,57.21089855,0
1698030000000,0.04883000,0.04913000,0.04814000,0.04861000,2762.47200000,1698033599999,134.21293522,214,1212.08400000,58.91956158,0
1698033600000,0.04854000,0.04943000,0.04792000,0.04908000,2826.44000000,1698037199999,137.96015368,238,1558.18700000,76.01454928,0
1698037200000,0.04909000,0.04971000,0.04774000,0.04797000,2793.98500000,1698040799999,135.76867294,243,1517.27300000,74.01373270,0
1698040800000,0.04806000,0.04852000,0.04755000,0.04790000,4572.47300000,1698044399999,219.73998242,308,1294.77300000,62.23685055,0
1698044400000,0.04792000,0.04800000,0.04696000,0.04764000,10417.41900000,1698047999999,495.81090835,248,9329.84600000,444.20136366,0
1698048000000,0.04768000,0.04829000,0.04721000,0.04722000,3141.97300000,1698051599999,149.65270565,182,2289.96900000,109.15841838,0
1698051600000,0.04726000,0.04736000,0.04552000,0.04594000,4849.62400000,1698055199999,225.36550189,364,2226.25300000,103.87117250,0
1698055200000,0.04608000,0.04674000,0.04590000,0.04628000,642.06200000,1698058799999,29.79971218,107,366.64800000,17.01273294,0
1698058800000,0.04654000,0.04693000,0.04647000,0.04652000,992.86100000,1698062399999,46.34764654,87,663.77000000,30.99037562,0
1698062400000,0.04663000,0.04670000,0.04509000,0.04554000,1377.68300000,1698065999999,62.81262844,162,506.40300000,22.99395465,0
1698066000000,0.04550000,0.04583000,0.04483000,0.04583000,2645.49500000,1698069599999,119.85554198,184,1519.31200000,69.01777352,0
1698069600000,0.04573000,0.04662000,0.04568000,0.04646000,5839.77800000,1698073199999,268.94050858,258,4370.44100000,201.20528966,0
1698073200000,0.04634000,0.04654000,0.04552000,0.04563000,415.01100000,1698076799999,19.03145411,99,231.91800000,10.64299040,0
1698076800000,0.04572000,0.04720000,0.04549000,0.04692000,1408.60600000,1698080399999,65.04876523,144,500.34200000,23.09704611,0
1698080400000,0.04688000,0.04749000,0.04602000,0.04620000,964.70000000,1698083999999,45.24472799,135,645.72600000,30.28479500,0
1698084000000,0.04617000,0.04680000,0.04606000,0.04670000,849.05000000,1698087599999,39.45776156,107,570.37900000,26.53543877,0
1698087600000,0.04668000,0.04697000,0.04553000,0.04640000,2029.70600000,1698091199999,93.85849989,189,720.00300000,33.45856934,0
1698091200000,0.04627000,0.04674000,0.04588000,0.04588000,739.25400000,1698094799999,34.26094075,92,501.34800000,23.25526458,0
1698094800000,0.04595000,0.04613000,0.04523000,0.04523000,411.34900000,1698098399999,18.77380357,82,163.70700000,7.50370612,0
1698098400000,0.04552000,0.04767000,0.04552000,0.04755000,1235.37600000,1698101999999,57.56167644,170,764.73800000,35.65808941,0
1698102000000,0.04766000,0.04768000,0.04579000,0.04616000,1235.16800000,1698105599999,57.36108978,154,462.26400000,21.52679796,0
1698105600000,0.04630000,0.04838000,0.04559000,0.04559000,5471.53500000,1698109199999,257.31135474,473,3548.74300000,166.94739975,0
1698109200000,0.04566000,0.04586000,0.04464000,0.04518000,3705.23500000,1698112799999,167.55342317,291,1626.17400000,73.55124514,0
1698112800000,0.04517000,0.04519000,0.04364000,0.04429000,3895.88200000,1698116399999,172.10135693,296,1601.39400000,70.77755288,0
1698116400000,0.04409000,0.04485000,0.04403000,0.04443000,1512.62300000,1698119999999,67.39861073,121,907.50100000,40.47250670,0
1698120000000,0.04451000,0.04495000,0.04419000,0.04437000,1260.06600000,1698123599999,56.31772147,126,788.70100000,35.25554266,0
1698123600000,0.04455000,0.04490000,0.04433000,0.04483000,1906.22200000,1698127199999,85.03649304,155,1407.72800000,62.82562516,0
1698127200000,0.04474000,0.04476000,0.04423000,0.04445000,378.13200000,1698130799999,16.82290153,60,107.60500000,4.80409773,0
1698130800000,0.04444000,0.04449000,0.04393000,0.04434000,954.94400000,1698134399999,42.26212256,88,641.39300000,28.41507229,0
1698134400000,0.04443000,0.04512000,0.04443000,0.04501000,688.04400000,1698137999999,30.83552857,78,457.95900000,20.51711678,0
1698138000000,0.04500000,0.04572000,0.04487000,0.04521000,1797.13000000,1698141599999,81.63745323,148,663.57600000,30.19787349,0
1698141600000,0.04516000,0.04578000,0.04516000,0.04555000,778.39200000,1698145199999,35.45496351,66,469.16300000,21.37107760,0
1698145200000,0.04533000,0.04552000,0.04484000,0.04533000,231.28600000,1698148799999,10.43183933,44,79.86600000,3.60833278,0
1698148800000,0.04548000,0.04548000,0.04467000,0.04467000,287.44900000,1698152399999,12.93959468,37,78.42400000,3.53089976,0
1698152400000,0.04456000,0.04493000,0.04440000,0.04493000,279.61200000,1698155999999,12.49731329,42,170.72000000,7.64805536,0
1698156000000,0.04495000,0.04495000,0.04449000,0.04467000,314.51100000,1698159599999,14.06402052,38,34.01900000,1.51903111,0
1698159600000,0.04467000,0.04480000,0.04343000,0.04423000,4620.31700000,1698163199999,203.29503032,216,2481.12600000,109.50994194,0
1698163200000,0.04430000,0.04468000,0.04396000,0.04449000,580.87500000,1698166799999,25.78947005,48,456.81400000,20.28740626,0
1698166800000,0.04448000,0.04461000,0.04419000,0.04419000,256.83800000,1698170399999,11.39840268,21,218.81500000,9.71351430,0
1698170400000,0.04409000,0.04451000,0.04404000,0.04451000,252.89700000,1698173999999,11.19943168,32,135.85500000,6.02876954,0
1698174000000,0.04429000,0.04474000,0.04423000,0.04449000,369.14500000,1698177599999,16.44432500,36,238.12200000,10.61164436,0
1698177600000,0.04439000,0.04454000,0.04423000,0.04423000,158.97900000,1698181199999,7.05735149,21,42.53300000,1.89221420,0
1698181200000,0.04431000,0.04519000,0.04431000,0.04509000,492.21700000,1698184799999,22.09915899,47,124.11800000,5.57037222,0
1698184800000,0.04510000,0.04519000,0.04467000,0.04519000,239.09000000,1698188399999,10.73315607,26,190.85500000,8.56692813,0
1698188400000,0.04524000,0.04651000,0.04524000,0.04609000,6565.40500000,1698191999999,300.18442043,188,5913.87300000,270.20315513,0
1698192000000,0.04600000,0.04847000,0.04587000,0.04847000,1903.01300000,1698195599999,89.87441973,199,1155.57100000,54.93680186,0
1698195600000,0.04852000,0.05099000,0.04829000,0.05070000,5284.32000000,1698199199999,262.87687260,392,3062.11600000,152.24502916,0
1698199200000,0.05053000,0.05064000,0.04922000,0.04938000,1828.54800000,1698202799999,90.89370509,142,950.15100000,47.26109115,0
1698202800000,0.04938000,0.05027000,0.04889000,0.04990000,2835.84600000,1698206399999,140.86125092,159,1770.39900000,87.86997943,0
1698206400000,0.05010000,0.05100000,0.04959000,0.05065000,4469.34200000,1698209999999,225.01948059,247,1958.03700000,98.82667410,0
1698210000000,0.05075000,0.05093000,0.04986000,0.05019000,1196.10700000,1698213599999,60.20119738,154,377.16000000,18.99972616,0
1698213600000,0.05039000,0.05076000,0.05009000,0.05010000,1184.05600000,1698217199999,59.90139775,83,477.64500000,24.17183719,0
1698217200000,0.05034000,0.05052000,0.04852000,0.04864000,1735.69300000,1698220799999,85.40869475,176,574.59900000,28.29420261,0
1698220800000,0.04880000,0.04896000,0.04791000,0.04846000,549.54100000,1698224399999,26.50894399,86,153.16500000,7.39696789,0
1698224400000,0.04842000,0.04950000,0.04810000,0.04906000,617.11900000,1698227999999,30.13703555,72,400.24400000,19.56223139,0
1698228000000,0.04900000,0.04980000,0.04895000,0.04957000,964.80100000,1698231599999,47.79846022,90,645.34300000,31.98866350,0
1698231600000,0.04972000,0.05006000,0.04953000,0.04982000,456.05600000,1698235199999,22.67486429,61,166.56800000,8.30187279,0
1698235200000,0.04991000,0.05015000,0.04904000,0.04960000,1204.98800000,1698238799999,59.64370288,169,527.74500000,26.14105448,0
1698238800000,0.04950000,0.04950000,0.04868000,0.04922000,1333.75200000,1698242399999,65.76838247,73,102.30600000,5.02779704,0
1698242400000,0.04911000,0.04960000,0.04906000,0.04913000,673.30500000,1698245999999,33.16799942,66,224.84400000,11.10827638,0
1698246000000,0.04927000,0.05191000,0.04920000,0.05009000,3589.19000000,1698249599999,181.97053992,348,1054.43300000,53.38195939,0
1698249600000,0.04998000,0.05015000,0.04892000,0.04916000,1051.75600000,1698253199999,51.99325713,151,351.61000000,17.42134618,0
1698253200000,0.04915000,0.04940000,0.04892000,0.04904000,281.44700000,1698256799999,13.83416902,40,87.50900000,4.31509196,0
1698256800000,0.04913000,0.05012000,0.04903000,0.04989000,503.90000000,1698260399999,24.99252031,61,176.29700000,8.72674023,0
1698260400000,0.04986000,0.05022000,0.04978000,0.05009000,403.17600000,1698263999999,20.15692221,53,124.71700000,6.24724012,0
1698264000000,0.04999000,0.05001000,0.04933000,0.04933000,483.14900000,1698267599999,23.96980072,52,320.17100000,15.87621765,0
1698267600000,0.04929000,0.04947000,0.04863000,0.04895000,447.85900000,1698271199999,21.92815614,77,98.89500000,4.85957301,0
1698271200000,0.04881000,0.04886000,0.04871000,0.04884000,20.46300000,1698274799999,0.99868670,8,17.72500000,0.86511382,0
1698274800000,0.04864000,0.04976000,0.04862000,0.04970000,453.75200000,1698278399999,22.31867868,48,184.47900000,9.04532264,0
1698278400000,0.04980000,0.05004000,0.04910000,0.04947000,614.70900000,1698281999999,30.52717237,84,400.27400000,19.87593480,0
1698282000000,0.04940000,0.04947000,0.04895000,0.04945000,573.64500000,1698285599999,28.28795874,65,458.81300000,22.63393432,0
1698285600000,0.04921000,0.04927000,0.04900000,0.04902000,477.17500000,1698289199999,23.45993721,25,404.95600000,19.91152444,0
1698289200000,0.04900000,0.05054000,0.04895000,0.04925000,1142.94500000,1698292799999,56.91745293,184,536.02800000,26.64846523,0
1698292800000,0.04916000,0.04950000,0.04903000,0.04942000,285.18600000,1698296399999,14.06726478,30,188.02500000,9.29267507,0
1698296400000,0.04944000,0.04972000,0.04936000,0.04936000,161.72600000,1698299999999,8.00486223,37,90.90600000,4.50437553,0
1698300000000,0.04929000,0.04965000,0.04890000,0.04962000,236.70000000,1698303599999,11.65048948,46,103.49700000,5.10989774,0
1698303600000,0.04971000,0.05013000,0.04929000,0.04960000,435.62600000,1698307199999,21.68625460,68,192.12500000,9.59351192,0
1698307200000,0.04965000,0.04994000,0.04827000,0.04839000,632.67400000,1698310799999,30.90374622,111,168.51800000,8.24911683,0
1698310800000,0.04824000,0.04853000,0.04801000,0.04817000,792.65900000,1698314399999,38.19887087,75,194.29400000,9.39449423,0
1698314400000,0.04825000,0.04831000,0.04728000,0.04828000,2835.74100000,1698317999999,135.52413635,178,1268.73000000,60.87237491,0
1698318000000,0.04832000,0.04846000,0.04794000,0.04815000,375.29700000,1698321599999,18.11206883,53,206.25700000,9.95976747,0
1698321600000,0.04826000,0.04961000,0.04813000,0.04927000,938.85100000,1698325199999,46.02008130,129,454.81800000,22.31303395,0
1698325200000,0.04903000,0.04939000,0.04831000,0.04831000,243.88900000,1698328799999,11.93673686,64,60.55800000,2.98788316,0
1698328800000,0.04823000,0.04864000,0.04735000,0.04852000,829.01600000,1698332399999,39.71807730,129,517.41200000,24.82644160,0
1698332400000,0.04821000,0.04846000,0.04735000,0.04740000,1924.78100000,1698335999999,91.75040567,156,401.63900000,19.19898483,0
1698336000000,0.04760000,0.04786000,0.04725000,0.04731000,1464.07100000,1698339599999,69.46949277,84,332.99100000,15.85460436,0
1698339600000,0.04747000,0.04774000,0.04720000,0.04728000,402.75500000,1698343199999,19.09939650,69,165.33600000,7.84464404,0
1698343200000,0.04731000,0.04755000,0.04723000,0.04739000,129.53700000,1698346799999,6.13261590,20,40.06000000,1.90300958,0
1698346800000,0.04750000,0.04809000,0.04750000,0.04805000,455.97500000,1698350399999,21.79977680,45,322.82400000,15.42907698,0
1698350400000,0.04813000,0.04855000,0.04801000,0.04815000,291.67000000,1698353999999,14.03108784,41,65.98300000,3.18756518,0
1698354000000,0.04828000,0.04829000,0.04797000,0.04820000,122.88900000,1698357599999,5.91798405,17,83.26100000,4.01215462,0
1698357600000,0.04820000,0.04947000,0.04820000,0.04939000,1101.20300000,1698361199999,54.02214717,105,556.97100000,27.29730488,0
1698361200000,0.04940000,0.04980000,0.04890000,0.04896000,429.95700000,1698364799999,21.23171183,52,266.25500000,13.16793768,0
1698364800000,0.04880000,0.04906000,0.04860000,0.04860000,104.30100000,1698368399999,5.09162690,24,37.27600000,1.82381910,0
1698368400000,0.04878000,0.04880000,0.04814000,0.04850000,332.74000000,1698371999999,16.13119690,66,112.20000000,5.44933407,0
1698372000000,0.04858000,0.04926000,0.04858000,0.04877000,278.32000000,1698375599999,13.60625168,61,210.17900000,10.26898082,0
1698375600000,0.04892000,0.04954000,0.04882000,0.04954000,372.18700000,1698379199999,18.31809189,52,241.88400000,11.92316251,0
1698379200000,0.04957000,0.05100000,0.04888000,0.04917000,2633.73100000,1698382799999,131.29716986,318,1245.99900000,62.22972046,0
1698382800000,0.04911000,0.04911000,0.04804000,0.04830000,1693.03400000,1698386399999,82.03389898,179,590.32900000,28.60020155,0
1698386400000,0.04821000,0.04859000,0.04797000,0.04859000,716.79000000,1698389999999,34.56070143,71,421.63300000,20.36454137,0
1698390000000,0.04859000,0.04859000,0.04782000,0.04811000,499.97500000,1698393599999,24.04918809,56,158.71800000,7.62107752,0
1698393600000,0.04820000,0.04821000,0.04800000,0.04811000,323.76400000,1698397199999,15.58300463,29,153.05100000,7.37494612,0
1698397200000,0.04811000,0.04906000,0.04797000,0.04906000,935.42500000,1698400799999,45.33908630,84,666.37300000,32.33290855,0
1698400800000,0.04889000,0.04954000,0.04861000,0.04889000,1630.99700000,1698404399999,80.10898492,194,790.73400000,38.88246684,0
1698404400000,0.04899000,0.04909000,0.04801000,0.04801000,1780.05100000,1698407999999,86.39698030,194,864.27400000,42.02905417,0
1698408000000,0.04801000,0.05007000,0.04792000,0.04915000,5606.79200000,1698411599999,275.22777257,500,2991.76700000,146.91531696,0
1698411600000,0.04900000,0.04900000,0.04830000,0.04844000,2621.81200000,1698415199999,127.50621785,166,549.65100000,26.78753667,0
1698415200000,0.04830000,0.04868000,0.04764000,0.04851000,3805.03300000,1698418799999,183.31831242,295,1824.01500000,88.11892483,0
1698418800000,0.04850000,0.04947000,0.04820000,0.04882000,1816.27300000,1698422399999,88.56808788,179,761.23500000,37.21358324,0
1698422400000,0.04880000,0.04929000,0.04840000,0.04855000,1507.27200000,1698425999999,73.65826893,207,647.99500000,31.70425008,0
1698426000000,0.04868000,0.05080000,0.04804000,0.05000000,7822.13000000,1698429599999,390.81109588,751,4482.39900000,223.66025507,0
1698429600000,0.05010000,0.05026000,0.04889000,0.04927000,3417.47500000,1698433199999,169.59347008,358,1609.11500000,79.99698953,0
1698433200000,0.04917000,0.04954000,0.04901000,0.04947000,2524.73200000,1698436799999,124.19955907,128,542.49200000,26.74739500,0
1698436800000,0.04958000,0.05026000,0.04958000,0.05026000,1565.92100000,1698440399999,78.19203294,162,923.37000000,46.11424536,0
1698440400000,0.05028000,0.05028000,0.04980000,0.04998000,628.05400000,1698443999999,31.42550619,80,212.37200000,10.64279192,0
1698444000000,0.04996000,0.05022000,0.04957000,0.04957000,582.26100000,1698447599999,29.07660747,85,217.02600000,10.86732489,0
1698447600000,0.04966000,0.05021000,0.04944000,0.04981000,646.25700000,1698451199999,32.17734262,76,371.84500000,18.52360300,0
1698451200000,0.04980000,0.05000000,0.04927000,0.04927000,1086.40100000,1698454799999,53.91793033,181,514.98800000,25.58476430,0
1698454800000,0.04925000,0.04960000,0.04886000,0.04960000,1014.61100000,1698458399999,49.89879477,126,524.91300000,25.85622223,0
1698458400000,0.04947000,0.04965000,0.04895000,0.04941000,812.26600000,1698461999999,40.03685567,111,425.97600000,21.01256433,0
1698462000000,0.04957000,0.05098000,0.04950000,0.05018000,3065.95900000,1698465599999,154.09242383,303,1643.07000000,82.59558931,0
1698465600000,0.05018000,0.05086000,0.04976000,0.05052000,2485.20600000,1698469199999,124.74780457,197,1314.96900000,66.09215361,0
1698469200000,0.05054000,0.05116000,0.05039000,0.05054000,2818.87000000,1698472799999,143.24268083,191,1363.70200000,69.27921750,0
1698472800000,0.05042000,0.05092000,0.05019000,0.05019000,969.71800000,1698476399999,48.99618886,107,422.24300000,21.34450027,0
1698476400000,0.05021000,0.05021000,0.04969000,0.04972000,912.15200000,1698479999999,45.54398221,97,358.13800000,17.89620458,0
1698480000000,0.04969000,0.05070000,0.04960000,0.05047000,1238.84700000,1698483599999,62.21622275,124,729.66600000,36.68620469,0
1698483600000,0.05066000,0.05114000,0.05060000,0.05071000,2663.76800000,1698487199999,135.41365696,163,891.76100000,45.39210821,0
1698487200000,0.05066000,0.05090000,0.05037000,0.05057000,821.47500000,1698490799999,41.60988026,114,376.14600000,19.08657892,0
1698490800000,0.05066000,0.05095000,0.04986000,0.04995000,1591.97800000,1698494399999,80.20334613,145,635.62400000,32.06468214,0
1698494400000,0.04997000,0.05016000,0.04926000,0.04963000,1867.10900000,1698497999999,92.64313659,188,843.88000000,41.89408343,0
1698498000000,0.04947000,0.04976000,0.04935000,0.04943000,816.16100000,1698501599999,40.41406823,76,316.51800000,15.69758371,0
1698501600000,0.04937000,0.04947000,0.04906000,0.04927000,547.49000000,1698505199999,26.97452948,96,205.84100000,10.14887961,0
1698505200000,0.04927000,0.04953000,0.04906000,0.04927000,1216.78200000,1698508799999,59.95370543,83,454.20400000,22.44524377,0
1698508800000,0.04907000,0.04907000,0.04841000,0.04874000,1861.74100000,1698512399999,90.76316133,195,842.20700000,41.09919930,0
1698512400000,0.04884000,0.04888000,0.04853000,0.04885000,762.72400000,1698515999999,37.15334605,62,357.98100000,17.45914371,0
1698516000000,0.04884000,0.04884000,0.04840000,0.04880000,261.55300000,1698519599999,12.72867305,71,114.05700000,5.55575127,0
1698519600000,0.04888000,0.04888000,0.04851000,0.04858000,465.72900000,1698523199999,22.64467995,59,73.07200000,3.56381980,0
1698523200000,0.04864000,0.04880000,0.04852000,0.04863000,300.27800000,1698526799999,14.62449057,79,201.80100000,9.83661017,0
1698526800000,0.04870000,0.04899000,0.04862000,0.04881000,2965.82000000,1698530399999,144.68772901,90,2746.94800000,133.99865652,0
1698530400000,0.04878000,0.04888000,0.04804000,0.04829000,1203.05500000,1698533999999,58.27727326,105,615.06300000,29.82561439,0
1698534000000,0.04838000,0.04846000,0.04810000,0.04840000,501.36000000,1698537599999,24.19600730,49,259.18300000,12.52313114,0
1698537600000,0.04845000,0.04845000,0.04791000,0.04826000,939.12200000,1698541199999,45.25230280,92,337.58800000,16.29497434,0
1698541200000,0.04820000,0.04838000,0.04797000,0.04829000,2467.62600000,1698544799999,118.90512541,113,1868.50400000,90.05437084,0
1698544800000,0.04819000,0.04865000,0.04813000,0.04856000,370.56100000,1698548399999,17.93499273,36,234.21400000,11.35459409,0
1698548400000,0.04850000,0.04850000,0.04821000,0.04821000,294.08400000,1698551999999,14.22938349,24,73.54100000,3.56070699,0
1698552000000,0.04838000,0.04849000,0.04832000,0.04847000,229.39700000,1698555599999,11.10327504,17,91.00700000,4.40969488,0
1698555600000,0.04839000,0.04856000,0.04829000,0.04856000,423.88800000,1698559199999,20.53019805,29,251.18800000,12.18279237,0
1698559200000,0.04849000,0.04868000,0.04846000,0.04849000,367.50600000,1698562799999,17.85710787,30,225.28100000,10.95372007,0
1698562800000,0.04856000,0.04880000,0.04839000,0.04880000,276.43000000,1698566399999,13.42800958,30,191.13900000,9.29822358,0
1698566400000,0.04887000,0.04965000,0.04887000,0.04937000,2486.20600000,1698569999999,122.34884879,182,906.81900000,44.67966815,0
1698570000000,0.04932000,0.04940000,0.04895000,0.04895000,914.31400000,1698573599999,45.00979795,94,299.46100000,14.76747907,0
1698573600000,0.04899000,0.04899000,0.04858000,0.04869000,736.37600000,1698577199999,35.87730239,65,247.90800000,12.08496082,0
1698577200000,0.04859000,0.04888000,0.04846000,0.04858000,765.12600000,1698580799999,37.27276619,84,280.53000000,13.67501591,0
1698580800000,0.04853000,0.04884000,0.04819000,0.04868000,554.85700000,1698584399999,26.94718715,79,374.72700000,18.22620544,0
1698584400000,0.04878000,0.04921000,0.04860000,0.04866000,1565.64500000,1698587999999,76.56302501,108,702.54300000,34.39299789,0
1698588000000,0.04862000,0.04907000,0.04847000,0.04889000,5019.65600000,1698591599999,245.02503619,134,969.22000000,47.21225021,0
1698591600000,0.04878000,0.04917000,0.04867000,0.04876000,1556.10900000,1698595199999,76.17049468,96,859.20500000,42.10898647,0
1698595200000,0.04888000,0.04909000,0.04862000,0.04897000,1467.70600000,1698598799999,71.80252424,117,839.60600000,41.09565546,0
1698598800000,0.04901000,0.04936000,0.04888000,0.04894000,1265.47900000,1698602399999,62.13264429,113,612.41900000,30.09730043,0
1698602400000,0.04907000,0.04950000,0.04900000,0.04911000,1731.66800000,1698605999999,85.26323529,110,901.57100000,44.43411391,0
1698606000000,0.04911000,0.04911000,0.04868000,0.04881000,1133.86100000,1698609599999,55.45432910,69,442.91500000,21.64960569,0
1698609600000,0.04887000,0.04906000,0.04869000,0.04893000,627.09000000,1698613199999,30.63818687,42,270.62700000,13.23597824,0
1698613200000,0.04883000,0.04935000,0.04883000,0.04899000,1701.41700000,1698616799999,83.68570642,67,497.25700000,24.45676159,0
1698616800000,0.04907000,0.04953000,0.04897000,0.04929000,610.41400000,1698620399999,30.06450622,64,348.83800000,17.18510507,0
1698620400000,0.04939000,0.04947000,0.04878000,0.04878000,465.88300000,1698623999999,22.87643192,44,46.05600000,2.27623024,0
1698624000000,0.04884000,0.04940000,0.04880000,0.04888000,1327.90500000,1698627599999,65.16542808,136,752.76400000,36.94412446,0
1698627600000,0.04882000,0.04927000,0.04868000,0.04888000,1292.82200000,1698631199999,63.34045047,120,580.06700000,28.42951786,0
1698631200000,0.04897000,0.04985000,0.04897000,0.04961000,1992.17200000,1698634799999,98.46472307,153,1181.59300000,58.42655555,0
1698634800000,0.04962000,0.04972000,0.04936000,0.04954000,1893.28500000,1698638399999,93.78213258,106,940.29600000,46.61529276,0
1698638400000,0.04940000,0.04962000,0.04910000,0.04927000,545.58300000,1698641999999,26.94290453,63,192.01900000,9.49950266,0
1698642000000,0.04917000,0.04928000,0.04849000,0.04867000,1571.75600000,1698645599999,76.68757487,138,594.23500000,29.00975789,0
1698645600000,0.04868000,0.04880000,0.04844000,0.04878000,686.82600000,1698649199999,33.44070304,55,455.30800000,22.17760136,0
1698649200000,0.04885000,0.04897000,0.04846000,0.04846000,872.06600000,1698652799999,42.54270850,62,348.57800000,17.02991928,0
1698652800000,0.04840000,0.04954000,0.04839000,0.04922000,1842.15000000,1698656399999,90.65042751,139,1429.82300000,70.39895616,0
1698656400000,0.04932000,0.05043000,0.04932000,0.05006000,7480.28700000,1698659999999,374.38710267,350,4412.40100000,221.01834342,0
1698660000000,0.05016000,0.05032000,0.04957000,0.04960000,1930.76800000,1698663599999,96.35343290,143,924.92900000,46.24128408,0
1698663600000,0.04971000,0.05011000,0.04941000,0.04981000,1788.69100000,1698667199999,88.85846619,119,842.51100000,41.90319984,0
1698667200000,0.04992000,0.04999000,0.04947000,0.04947000,637.34200000,1698670799999,31.69573711,72,172.35000000,8.59754708,0
1698670800000,0.04944000,0.05189000,0.04927000,0.04980000,12192.01400000,1698674399999,617.46219706,723,4603.26500000,233.44750208,0
1698674400000,0.04988000,0.05035000,0.04980000,0.04991000,2350.74400000,1698677999999,117.69613602,112,1416.46500000,70.93875493,0
1698678000000,0.04999000,0.05007000,0.04966000,0.04981000,833.37900000,1698681599999,41.60828194,75,446.63500000,22.32463927,0
1698681600000,0.04981000,0.05006000,0.04966000,0.04966000,580.21900000,1698685199999,28.89254322,108,161.15500000,8.04012980,0
1698685200000,0.04965000,0.04966000,0.04890000,0.04929000,3296.12500000,1698688799999,162.27567989,194,1821.34400000,89.66527554,0
1698688800000,0.04936000,0.04943000,0.04900000,0.04905000,410.88200000,1698692399999,20.24371258,51,115.70100000,5.70654896,0
1698692400000,0.04897000,0.04927000,0.04892000,0.04918000,518.24800000,1698695999999,25.44230306,29,364.49800000,17.89327306,0
1698696000000,0.04907000,0.04921000,0.04900000,0.04903000,202.15600000,1698699599999,9.92410081,30,83.20900000,4.08783953,0
1698699600000,0.04897000,0.04917000,0.04865000,0.04903000,2303.41700000,1698703199999,112.70462781,81,644.28500000,31.53371673,0
1698703200000,0.04897000,0.04927000,0.04889000,0.04927000,294.10700000,1698706799999,14.42458860,23,193.70200000,9.51188847,0
1698706800000,0.04928000,0.04935000,0.04894000,0.04921000,1760.82000000,1698710399999,86.54539300,91,624.64600000,30.74282905,0
1698710400000,0.04917000,0.05019000,0.04917000,0.04971000,3821.89800000,1698713999999,189.91828511,210,2077.82700000,103.35929881,0
1698714000000,0.04966000,0.05107000,0.04933000,0.05064000,3598.11100000,1698717599999,180.30482208,267,1724.10800000,86.40597656,0
1698717600000,0.05067000,0.05096000,0.05014000,0.05049000,2736.22600000,1698721199999,138.17262893,229,1269.46900000,64.17694926,0
1698721200000,0.05043000,0.05066000,0.05009000,0.05066000,1345.75500000,1698724799999,67.82845697,129,628.07100000,31.69848691,0
1698724800000,0.05072000,0.05162000,0.05036000,0.05106000,5274.52100000,1698728399999,269.60473784,264,3331.84000000,170.32799329,0
1698728400000,0.05116000,0.05190000,0.05096000,0.05189000,4676.39600000,1698731999999,241.12459850,237,1842.80100000,95.09490857,0
1698732000000,0.05196000,0.05282000,0.05126000,0.05147000,4784.58800000,1698735599999,248.91091864,361,2154.60400000,112.15593685,0
1698735600000,0.05148000,0.05158000,0.05047000,0.05061000,2642.59400000,1698739199999,134.83307712,203,683.45700000,34.87598708,0
1698739200000,0.05066000,0.05106000,0.05006000,0.05082000,3116.17000000,1698742799999,157.70541611,181,2083.61500000,105.55610454,0
1698742800000,0.05078000,0.05107000,0.05054000,0.05096000,704.30800000,1698746399999,35.78782499,83,404.16900000,20.55262335,0
1698746400000,0.05087000,0.05107000,0.05043000,0.05043000,1031.30000000,1698749999999,52.34685486,131,409.61300000,20.82765841,0
1698750000000,0.05043000,0.05061000,0.05007000,0.05041000,2390.39700000,1698753599999,120.47174705,186,1670.04900000,84.21738966,0
1698753600000,0.05049000,0.05070000,0.04957000,0.04969000,1618.00900000,1698757199999,81.04323151,181,546.16800000,27.41243145,0
1698757200000,0.04966000,0.04986000,0.04933000,0.04962000,2791.40100000,1698760799999,138.54680509,130,942.90500000,46.79216264,0
1698760800000,0.04965000,0.05017000,0.04941000,0.04970000,1158.02800000,1698764399999,57.79996838,115,733.04600000,36.60610373,0
1698764400000,0.04969000,0.04969000,0.04888000,0.04962000,1527.73300000,1698767999999,75.33633148,156,728.46800000,35.97739246,0
1698768000000,0.04961000,0.05024000,0.04937000,0.04986000,1216.10800000,1698771599999,60.56237503,109,665.66400000,33.17825572,0
1698771600000,0.04976000,0.05007000,0.04960000,0.04992000,550.67600000,1698775199999,27.44609208,78,251.76200000,12.56183370,0
1698775200000,0.04996000,0.05027000,0.04986000,0.05020000,781.75700000,1698778799999,39.18268453,75,383.04200000,19.21316569,0
1698778800000,0.05034000,0.05042000,0.04980000,0.04996000,593.07400000,1698782399999,29.71479550,81,285.76600000,14.32263976,0
1698782400000,0.05003000,0.05035000,0.04997000,0.05016000,321.64200000,1698785999999,16.14520478,42,205.80400000,10.33110416,0
1698786000000,0.05032000,0.05032000,0.05006000,0.05016000,410.87800000,1698789599999,20.62063332,71,171.67800000,8.61953198,0
1698789600000,0.05026000,0.05054000,0.05012000,0.05033000,622.72100000,1698793199999,31.35541457,63,355.71600000,17.92078385,0
1698793200000,0.05027000,0.05033000,0.04976000,0.05027000,4927.41900000,1698796799999,246.47803282,168,483.66700000,24.22021313,0
