1690848000000,0.00275100,0.00275500,0.00275100,0.00275500,46.90000000,1690851599999,0.12915038,3,46.90000000,0.12915038,0
1690851600000,0.00274800,0.00274800,0.00274800,0.00274800,7.10000000,1690855199999,0.01951080,1,0.00000000,0.00000000,0
1690855200000,0.00275200,0.00276700,0.00273300,0.00275700,1467.47000000,1690858799999,4.04506343,46,1195.00000000,3.29446499,0
1690858800000,0.00276100,0.00276100,0.00275300,0.00275800,34.74000000,1690862399999,0.09581500,5,14.38000000,0.03968880,0
1690862400000,0.00276300,0.00276300,0.00275800,0.00275800,116.22000000,1690865999999,0.32066336,7,4.07000000,0.01124541,0
1690866000000,0.00275800,0.00276300,0.00275400,0.00276300,144.37000000,1690869599999,0.39815243,11,4.07000000,0.01124541,0
1690869600000,0.00276600,0.00277300,0.00276500,0.00277300,2287.22000000,1690873199999,6.32912036,37,2224.44000000,6.15540810,0
1690873200000,0.00277200,0.00277500,0.00276100,0.00276700,156.20000000,1690876799999,0.43223580,10,34.95000000,0.09697176,0
1690876800000,0.00276000,0.00277000,0.00276000,0.00277000,21.85000000,1690880399999,0.06045890,3,0.00000000,0.00000000,0
1690880400000,0.00276700,0.00277600,0.00276700,0.00277000,2177.00000000,1690883999999,6.03996086,41,1083.10000000,3.00404146,0
1690884000000,0.00277000,0.00279500,0.00276900,0.00277000,612.79000000,1690887599999,1.70092970,38,435.40000000,1.20919699,0
1690887600000,0.00277600,0.00278300,0.00277100,0.00277300,239.60000000,1690891199999,0.66499880,18,4.07000000,0.01132681,0
1690891200000,0.00277200,0.00279600,0.00276000,0.00277800,683.16000000,1690894799999,1.89251949,55,184.09000000,0.51127953,0
1690894800000,0.00277700,0.00278100,0.00277700,0.00277900,197.88000000,1690898399999,0.54978024,9,62.63000000,0.17405874,0
1690898400000,0.00277800,0.00277900,0.00277800,0.00277900,27.15000000,1690901999999,0.07542808,2,27.15000000,0.07542808,0
1690902000000,0.00277800,0.00277900,0.00276700,0.00277500,454.18000000,1690905599999,1.26082784,18,203.58000000,0.56555727,0
1690905600000,0.00277700,0.00278000,0.00277700,0.00278000,163.61000000,1690909199999,0.45464869,9,71.29000000,0.19811002,0
1690909200000,0.00277700,0.00278300,0.00277600,0.00277700,172.41000000,1690912799999,0.47903104,9,60.42000000,0.16806798,0
1690912800000,0.00278200,0.00278200,0.00277600,0.00277600,66.83000000,1690916399999,0.18566150,9,33.90000000,0.09423061,0
1690916400000,0.00277500,0.00277700,0.00277300,0.00277700,38.20000000,1690919999999,0.10601728,3,9.40000000,0.02610380,0
1690920000000,0.00277400,0.00277500,0.00277200,0.00277200,333.46000000,1690923599999,0.92505272,12,0.00000000,0.00000000,0
1690923600000,0.00278000,0.00278400,0.00277600,0.00278000,235.72000000,1690927199999,0.65543711,13,219.84000000,0.61133826,0
1690927200000,0.00278500,0.00278600,0.00277700,0.00277700,312.79000000,1690930799999,0.87003405,8,281.92000000,0.78429035,0
1690930800000,0.00277700,0.00277700,0.00277400,0.00277500,206.05000000,1690934399999,0.57196450,13,10.97000000,0.03045272,0
1690934400000,0.00277400,0.00281400,0.00277300,0.00277500,925.08000000,1690937999999,2.58087345,57,643.77000000,1.79936528,0
1690938000000,0.00277700,0.00277900,0.00277500,0.00277900,102.69000000,1690941599999,0.28528291,7,86.48000000,0.24028458,0
1690941600000,0.00277900,0.00278000,0.00277900,0.00278000,151.77000000,1690945199999,0.42191786,8,107.91000000,0.29998980,0
1690945200000,0.00277700,0.00277700,0.00277200,0.00277200,75.31000000,1690948799999,0.20912558,10,0.00000000,0.00000000,0
1690948800000,0.00277200,0.00277200,0.00277100,0.00277100,16.17000000,1690952399999,0.04482035,3,0.00000000,0.00000000,0
1690952400000,0.00277300,0.00277600,0.00277300,0.00277600,20.33000000,1690955999999,0.05640509,2,10.00000000,0.02776000,0
1690956000000,0.00277000,0.00277000,0.00276900,0.00276900,36.74000000,1690959599999,0.10175245,3,0.00000000,0.00000000,0
1690959600000,0.00276800,0.00277400,0.00276400,0.00276800,345.20000000,1690963199999,0.95541634,20,35.21000000,0.09750804,0
1690963200000,0.00276800,0.00277300,0.00276200,0.00276700,7380.01000000,1690966799999,20.38476428,57,7190.53000000,19.86070692,0
1690966800000,0.00276300,0.00277700,0.00276200,0.00277000,165.08000000,1690970399999,0.45624681,15,118.01000000,0.32611663,0
1690970400000,0.00276900,0.00281300,0.00276900,0.00277500,488.39000000,1690973999999,1.36430174,41,447.95000000,1.25201893,0
1690974000000,0.00277500,0.00278500,0.00276400,0.00277600,168.70000000,1690977599999,0.46790397,16,2.00000000,0.00557000,0
1690977600000,0.00278200,0.00278200,0.00277100,0.00277400,142.50000000,1690981199999,0.39535082,10,14.52000000,0.04030968,0
1690981200000,0.00277400,0.00277800,0.00277100,0.00277200,38.89000000,1690984799999,0.10781744,8,1.79000000,0.00497262,0
1690984800000,0.00277400,0.00277600,0.00275800,0.00276500,1435.76000000,1690988399999,3.98127626,51,1158.92000000,3.21606869,0
1690988400000,0.00275600,0.00276600,0.00275400,0.00276600,392.20000000,1690991999999,1.08317079,23,226.35000000,0.62562621,0
1690992000000,0.00276300,0.00276300,0.00275100,0.00275700,72.26000000,1690995599999,0.19930936,7,0.00000000,0.00000000,0
1690995600000,0.00276300,0.00276300,0.00275600,0.00275600,24.22000000,1690999199999,0.06678973,3,5.89000000,0.01627225,0
1690999200000,0.00276600,0.00276800,0.00275600,0.00275600,179.86000000,1691002799999,0.49660103,21,74.01000000,0.20472242,0
1691002800000,0.00275400,0.00275400,0.00275000,0.00275100,38.34000000,1691006399999,0.10550394,6,0.00000000,0.00000000,0
1691006400000,0.00275400,0.00275400,0.00274700,0.00275000,188.25000000,1691009999999,0.51755878,19,60.05000000,0.16520942,0
1691010000000,0.00274600,0.00276300,0.00273400,0.00274900,541.44000000,1691013599999,1.48811742,41,237.79000000,0.65464117,0
1691013600000,0.00274800,0.00275200,0.00273700,0.00274700,223.89000000,1691017199999,0.61473638,28,37.89000000,0.10419336,0
1691017200000,0.00274800,0.00274800,0.00274200,0.00274800,149.48000000,1691020799999,0.41073686,5,144.11000000,0.39600916,0
1691020800000,0.00274200,0.00274500,0.00274200,0.00274200,24.71000000,1691024399999,0.06778508,5,0.00000000,0.00000000,0
1691024400000,0.00274200,0.00274500,0.00274200,0.00274400,27.43000000,1691027999999,0.07527362,3,0.00000000,0.00000000,0
1691028000000,0.00274400,0.00274400,0.00274400,0.00274400,0.00000000,1691031599999,0.00000000,0,0.00000000,0.00000000,0
1691031600000,0.00273400,0.00274100,0.00273400,0.00274100,44.70000000,1691035199999,0.12222772,7,2.56000000,0.00701696,0
1691035200000,0.00273300,0.00273500,0.00273300,0.00273500,44.09000000,1691038799999,0.12053313,7,23.97000000,0.06551805,0
1691038800000,0.00273600,0.00273700,0.00272800,0.00273200,317.86000000,1691042399999,0.86922812,22,57.12000000,0.15615243,0
1691042400000,0.00273200,0.00273200,0.00273100,0.00273200,36.22000000,1691045999999,0.09895293,4,0.00000000,0.00000000,0
1691046000000,0.00273200,0.00273200,0.00272400,0.00272700,59.07000000,1691049599999,0.16106104,9,5.95000000,0.01624740,0
1691049600000,0.00273400,0.00273500,0.00272900,0.00273500,60.75000000,1691053199999,0.16588220,5,24.09000000,0.06576196,0
1691053200000,0.00273400,0.00274100,0.00273000,0.00274100,2438.07000000,1691056799999,6.66659325,91,201.96000000,0.55319390,0
1691056800000,0.00273900,0.00274200,0.00273200,0.00274200,609.40000000,1691060399999,1.66915711,15,567.50000000,1.55458465,0
1691060400000,0.00273200,0.00273900,0.00273200,0.00273700,148.18000000,1691063999999,0.40521038,9,38.80000000,0.10620871,0
1691064000000,0.00273600,0.00273600,0.00273100,0.00273300,107.71000000,1691067599999,0.29432764,9,25.94000000,0.07089836,0
1691067600000,0.00273300,0.00273500,0.00273100,0.00273300,99.73000000,1691071199999,0.27260517,10,66.35000000,0.18139102,0
1691071200000,0.00273200,0.00274000,0.00273200,0.00273600,150.32000000,1691074799999,0.41129046,7,48.20000000,0.13198618,0
1691074800000,0.00273500,0.00273700,0.00273000,0.00273100,271.14000000,1691078399999,0.74072940,20,139.42000000,0.38107819,0
1691078400000,0.00273000,0.00273000,0.00272200,0.00272500,137.99000000,1691081999999,0.37627759,8,47.71000000,0.13023538,0
1691082000000,0.00272500,0.00272500,0.00271400,0.00271500,706.44000000,1691085599999,1.92265282,39,112.79000000,0.30623386,0
1691085600000,0.00271600,0.00272200,0.00271600,0.00272200,38.71000000,1691089199999,0.10526561,6,38.71000000,0.10526561,0
1691089200000,0.00271400,0.00271800,0.00271400,0.00271500,46.90000000,1691092799999,0.12734484,3,25.12000000,0.06823392,0
1691092800000,0.00271400,0.00272400,0.00271100,0.00271400,407.57000000,1691096399999,1.10693812,26,294.83000000,0.80122833,0
1691096400000,0.00272100,0.00272100,0.00271300,0.00271600,162.31000000,1691099999999,0.44084752,10,45.79000000,0.12444059,0
1691100000000,0.00271100,0.00271200,0.00269500,0.00271200,1069.94000000,1691103599999,2.89641561,50,22.11000000,0.05987160,0
1691103600000,0.00271400,0.00271500,0.00271200,0.00271300,343.22000000,1691107199999,0.93136031,17,316.33000000,0.85842407,0
1691107200000,0.00270700,0.00271500,0.00270700,0.00271400,3371.92000000,1691110799999,9.15430143,20,3227.96000000,8.76389617,0
1691110800000,0.00271700,0.00272000,0.00271500,0.00271800,241.81000000,1691114399999,0.65694776,17,174.69000000,0.47459727,0
1691114400000,0.00272200,0.00272200,0.00272200,0.00272200,2.30000000,1691117999999,0.00626060,1,2.30000000,0.00626060,0
1691118000000,0.00272400,0.00272800,0.00271900,0.00272400,46.40000000,1691121599999,0.12628793,10,22.93000000,0.06245962,0
1691121600000,0.00272400,0.00272400,0.00271700,0.00272000,94.49000000,1691125199999,0.25711866,8,50.19000000,0.13662964,0
1691125200000,0.00272000,0.00272000,0.00272000,0.00272000,17.25000000,1691128799999,0.04692000,1,17.25000000,0.04692000,0
1691128800000,0.00272700,0.00272700,0.00272400,0.00272400,24.80000000,1691132399999,0.06761672,7,17.44000000,0.04755888,0
1691132400000,0.00272300,0.00272700,0.00271300,0.00271300,95.52000000,1691135999999,0.25975739,8,0.00000000,0.00000000,0
1691136000000,0.00271500,0.00272200,0.00271300,0.00271300,58.46000000,1691139599999,0.15884123,7,12.87000000,0.03502396,0
1691139600000,0.00271500,0.00272400,0.00271400,0.00272300,259.23000000,1691143199999,0.70440794,13,187.62000000,0.51003835,0
1691143200000,0.00272200,0.00272400,0.00272000,0.00272200,125.02000000,1691146799999,0.34026432,13,38.31000000,0.10424151,0
1691146800000,0.00272100,0.00272100,0.00272100,0.00272100,2.99000000,1691150399999,0.00813579,1,0.00000000,0.00000000,0
1691150400000,0.00272300,0.00273000,0.00269500,0.00272900,1987.18000000,1691153999999,5.39743742,63,622.57000000,1.69892229,0
1691154000000,0.00273000,0.00273300,0.00272300,0.00272300,116.04000000,1691157599999,0.31681660,13,73.70000000,0.20127616,0
1691157600000,0.00272300,0.00272800,0.00272300,0.00272700,131.03000000,1691161199999,0.35719195,9,68.54000000,0.18684004,0
1691161200000,0.00272300,0.00273300,0.00272000,0.00272400,114.62000000,1691164799999,0.31226057,13,84.53000000,0.23032966,0
1691164800000,0.00272000,0.00273100,0.00272000,0.00272500,84.56000000,1691168399999,0.23045825,6,21.71000000,0.05928629,0
1691168400000,0.00272400,0.00272400,0.00272000,0.00272100,56.08000000,1691171999999,0.15261184,6,7.34000000,0.01997948,0
1691172000000,0.00272600,0.00272600,0.00271000,0.00271000,61.84000000,1691175599999,0.16825816,8,31.88000000,0.08685604,0
1691175600000,0.00272100,0.00272200,0.00271600,0.00272000,241.84000000,1691179199999,0.65785197,13,109.45000000,0.29781529,0
1691179200000,0.00272200,0.00272700,0.00270900,0.00272300,581.82000000,1691182799999,1.58379714,24,336.70000000,0.91667418,0
1691182800000,0.00272400,0.00273500,0.00272400,0.00272400,597.18000000,1691186399999,1.62934009,33,276.44000000,0.75456806,0
1691186400000,0.00272700,0.00272700,0.00272400,0.00272700,66.46000000,1691189999999,0.18116744,6,10.20000000,0.02781540,0
1691190000000,0.00272800,0.00273300,0.00272800,0.00273300,78.88000000,1691193599999,0.21532695,4,63.31000000,0.17285199,0
1691193600000,0.00272700,0.00272700,0.00271800,0.00271800,404.16000000,1691197199999,1.09975181,13,314.52000000,0.85581892,0
1691197200000,0.00272300,0.00273600,0.00271000,0.00271000,465.77000000,1691200799999,1.26641211,35,281.59000000,0.76634224,0
1691200800000,0.00270800,0.00271500,0.00270800,0.00271500,59.92000000,1691204399999,0.16264260,4,56.50000000,0.15338124,0
1691204400000,0.00271100,0.00271100,0.00271100,0.00271100,14.49000000,1691207999999,0.03928239,1,0.00000000,0.00000000,0
1691208000000,0.00271000,0.00271000,0.00270400,0.00270400,269.24000000,1691211599999,0.72907704,17,77.62000000,0.21019496,0
1691211600000,0.00270400,0.00270700,0.00269700,0.00270400,342.05000000,1691215199999,0.92434274,20,94.32000000,0.25529514,0
1691215200000,0.00270800,0.00270900,0.00270500,0.00270500,412.67000000,1691218799999,1.11720659,11,81.10000000,0.21958836,0
1691218800000,0.00270800,0.00270900,0.00270500,0.00270800,36.76000000,1691222399999,0.09953041,6,24.56000000,0.06651087,0
1691222400000,0.00270400,0.00270800,0.00270400,0.00270700,31.90000000,1691225999999,0.08631760,5,7.64000000,0.02068148,0
1691226000000,0.00271000,0.00271200,0.00270800,0.00270800,203.11000000,1691229599999,0.55053956,6,198.65000000,0.53846188,0
1691229600000,0.00270800,0.00271100,0.00270000,0.00270700,149.58000000,1691233199999,0.40448647,15,11.73000000,0.03176411,0
1691233200000,0.00270500,0.00270600,0.00270400,0.00270600,60.68000000,1691236799999,0.16414197,5,20.47000000,0.05539182,0
1691236800000,0.00270100,0.00270100,0.00269900,0.00270100,403.85000000,1691240399999,1.09076127,5,344.65000000,0.93089965,0
1691240400000,0.00270300,0.00270600,0.00270200,0.00270200,16.33000000,1691243999999,0.04415808,4,7.68000000,0.02078208,0
1691244000000,0.00270500,0.00270600,0.00269700,0.00269700,102.48000000,1691247599999,0.27681651,9,43.99000000,0.11893538,0
1691247600000,0.00270100,0.00270600,0.00269000,0.00269600,1377.68000000,1691251199999,3.71927103,128,339.28000000,0.91448746,0
1691251200000,0.00269500,0.00271800,0.00269300,0.00269600,774.76000000,1691254799999,2.09545894,30,650.24000000,1.75980930,0
1691254800000,0.00269900,0.00270500,0.00269500,0.00270500,258.40000000,1691258399999,0.69693566,16,35.74000000,0.09649918,0
1691258400000,0.00269900,0.00271500,0.00269300,0.00270100,594.42000000,1691261999999,1.60499852,33,145.87000000,0.39528539,0
1691262000000,0.00270200,0.00270400,0.00268800,0.00270200,608.15000000,1691265599999,1.64144239,32,104.56000000,0.28257171,0
1691265600000,0.00270100,0.00270500,0.00270100,0.00270200,37.85000000,1691269199999,0.10234443,8,8.39000000,0.02269495,0
1691269200000,0.00270200,0.00270700,0.00270100,0.00270700,475.60000000,1691272799999,1.28540292,19,355.02000000,0.95940603,0
1691272800000,0.00270600,0.00272000,0.00270600,0.00270800,676.79000000,1691276399999,1.83833058,21,656.99000000,1.78472005,0
1691276400000,0.00270900,0.00270900,0.00270300,0.00270500,80.23000000,1691279999999,0.21709574,9,17.59000000,0.04759947,0
1691280000000,0.00270700,0.00270700,0.00270700,0.00270700,4.57000000,1691283599999,0.01237099,1,0.00000000,0.00000000,0
1691283600000,0.00270700,0.00270900,0.00270200,0.00270200,23.94000000,1691287199999,0.06478691,6,0.00000000,0.00000000,0
1691287200000,0.00271400,0.00273300,0.00271400,0.00271900,875.52000000,1691290799999,2.38382834,40,716.76000000,1.95153607,0
1691290800000,0.00271800,0.00272700,0.00271800,0.00272600,38.03000000,1691294399999,0.10359018,6,0.00000000,0.00000000,0
1691294400000,0.00272800,0.00273300,0.00272800,0.00273300,14.84000000,1691297999999,0.04051918,5,7.50000000,0.02049132,0
1691298000000,0.00272900,0.00273400,0.00272900,0.00273400,46.66000000,1691301599999,0.12736579,5,22.85000000,0.06238830,0
1691301600000,0.00273400,0.00273400,0.00272800,0.00273300,56.34000000,1691305199999,0.15376282,4,5.90000000,0.01612470,0
1691305200000,0.00272800,0.00272800,0.00272300,0.00272300,29.91000000,1691308799999,0.08151410,6,0.00000000,0.00000000,0
1691308800000,0.00272400,0.00274200,0.00272400,0.00273100,57.44000000,1691312399999,0.15702796,10,33.11000000,0.09068265,0
1691312400000,0.00273100,0.00273500,0.00272800,0.00273300,300.08000000,1691315999999,0.81945055,29,34.07000000,0.09316113,0
1691316000000,0.00273400,0.00273500,0.00272900,0.00273000,99.33000000,1691319599999,0.27133119,13,38.53000000,0.10530713,0
1691319600000,0.00273000,0.00273200,0.00273000,0.00273200,18.74000000,1691323199999,0.05117412,3,11.11000000,0.03034422,0
1691323200000,0.00273100,0.00274000,0.00272300,0.00273200,267.21000000,1691326799999,0.73025391,22,139.70000000,0.38215442,0
1691326800000,0.00273100,0.00273100,0.00273000,0.00273000,34.68000000,1691330399999,0.09469961,3,0.00000000,0.00000000,0
1691330400000,0.00272400,0.00272400,0.00271200,0.00271200,30.02000000,1691333999999,0.08155380,9,0.00000000,0.00000000,0
1691334000000,0.00271400,0.00272900,0.00271100,0.00271300,3768.52000000,1691337599999,10.23799490,52,630.90000000,1.71982143,0
1691337600000,0.00271800,0.00272200,0.00271700,0.00272200,398.18000000,1691341199999,1.08223774,13,398.18000000,1.08223774,0
1691341200000,0.00272400,0.00272600,0.00272400,0.00272600,255.15000000,1691344799999,0.69522880,10,98.86000000,0.26947064,0
1691344800000,0.00272700,0.00272800,0.00272700,0.00272700,26.65000000,1691348399999,0.07268796,6,6.33000000,0.01726824,0
1691348400000,0.00273000,0.00274100,0.00272800,0.00272800,103.70000000,1691351999999,0.28339690,17,58.48000000,0.15997684,0
1691352000000,0.00272900,0.00275300,0.00272900,0.00275300,479.38000000,1691355599999,1.31088577,26,462.25000000,1.26411745,0
1691355600000,0.00273800,0.00274600,0.00273800,0.00273800,273.81000000,1691359199999,0.75014941,17,119.33000000,0.32686568,0
1691359200000,0.00274500,0.00274700,0.00274200,0.00274200,65.65000000,1691362799999,0.18006576,5,56.92000000,0.15611937,0
1691362800000,0.00273500,0.00273500,0.00273100,0.00273100,74.87000000,1691366399999,0.20470290,10,28.70000000,0.07849450,0
1691366400000,0.00273400,0.00273400,0.00273400,0.00273400,2.00000000,1691369999999,0.00546800,1,0.00000000,0.00000000,0
1691370000000,0.00273100,0.00273500,0.00273100,0.00273500,6.68000000,1691373599999,0.01825812,2,0.00000000,0.00000000,0
1691373600000,0.00273400,0.00273400,0.00272800,0.00272800,64.35000000,1691377199999,0.17586686,5,50.00000000,0.13670000,0
1691377200000,0.00273000,0.00273000,0.00272400,0.00272400,45.87000000,1691380799999,0.12512734,5,0.00000000,0.00000000,0
1691380800000,0.00272800,0.00274300,0.00272000,0.00274300,273.99000000,1691384399999,0.74783756,19,64.60000000,0.17695426,0
1691384400000,0.00272500,0.00272500,0.00272500,0.00272500,3.96000000,1691387999999,0.01079100,1,0.00000000,0.00000000,0
1691388000000,0.00272400,0.00272400,0.00271600,0.00271600,82.02000000,1691391599999,0.22327222,16,56.66000000,0.15426616,0
1691391600000,0.00272300,0.00272500,0.00271800,0.00272200,701.39000000,1691395199999,1.91074125,20,673.82000000,1.83569053,0
1691395200000,0.00272000,0.00272000,0.00271900,0.00271900,6.88000000,1691398799999,0.01871018,3,0.00000000,0.00000000,0
1691398800000,0.00272400,0.00273000,0.00272300,0.00272700,1397.46000000,1691402399999,3.81055714,16,153.03000000,0.41746641,0
1691402400000,0.00272400,0.00273000,0.00271800,0.00272700,523.31000000,1691405999999,1.42556704,29,253.97000000,0.69221410,0
1691406000000,0.00272700,0.00273300,0.00272700,0.00273300,33.90000000,1691409599999,0.09255009,6,12.98000000,0.03544406,0
1691409600000,0.00273000,0.00273000,0.00272400,0.00272400,90.37000000,1691413199999,0.24652284,5,0.00000000,0.00000000,0
1691413200000,0.00272500,0.00273000,0.00272100,0.00272300,579.05000000,1691416799999,1.57807292,28,203.11000000,0.55415351,0
1691416800000,0.00272000,0.00272000,0.00270800,0.00271000,211.82000000,1691420399999,0.57457331,24,60.23000000,0.16326656,0
1691420400000,0.00270800,0.00271400,0.00270300,0.00271400,249.73000000,1691423999999,0.67646824,46,184.18000000,0.49907403,0
1691424000000,0.00271200,0.00271500,0.00268400,0.00270400,1185.48000000,1691427599999,3.19392904,38,83.97000000,0.22651608,0
1691427600000,0.00270500,0.00271900,0.00270500,0.00271200,107.34000000,1691431199999,0.29108867,10,27.69000000,0.07507787,0
1691431200000,0.00271200,0.00271600,0.00270900,0.00271000,745.86000000,1691434799999,2.02328189,38,419.52000000,1.13800178,0
1691434800000,0.00270900,0.00271600,0.00270900,0.00271600,30.28000000,1691438399999,0.08207631,6,6.30000000,0.01710848,0
1691438400000,0.00271300,0.00271300,0.00271300,0.00271300,41.34000000,1691441999999,0.11215542,1,41.34000000,0.11215542,0
1691442000000,0.00271200,0.00272500,0.00270000,0.00271600,1073.92000000,1691445599999,2.92336531,40,911.79000000,2.48321813,0
1691445600000,0.00271900,0.00271900,0.00271800,0.00271800,11.44000000,1691449199999,0.03109660,4,11.44000000,0.03109660,0
1691449200000,0.00271500,0.00271500,0.00271300,0.00271300,16.46000000,1691452799999,0.04467651,3,0.00000000,0.00000000,0
1691452800000,0.00270800,0.00271000,0.00270800,0.00271000,5.97000000,1691456399999,0.01617188,2,0.00000000,0.00000000,0
1691456400000,0.00270600,0.00270600,0.00270300,0.00270500,36.21000000,1691459999999,0.09792973,7,3.00000000,0.00811500,0
1691460000000,0.00270500,0.00270500,0.00270500,0.00270500,120.00000000,1691463599999,0.32460000,2,120.00000000,0.32460000,0
1691463600000,0.00270500,0.00270700,0.00270400,0.00270500,83.00000000,1691467199999,0.22459630,10,32.97000000,0.08924979,0
1691467200000,0.00270600,0.00271000,0.00270600,0.00271000,666.08000000,1691470799999,1.80506588,3,2.73000000,0.00738738,0
1691470800000,0.00270800,0.00271400,0.00269900,0.00271300,551.46000000,1691474399999,1.49245859,18,136.56000000,0.37023455,0
1691474400000,0.00271400,0.00271500,0.00271100,0.00271500,107.06000000,1691477999999,0.29048811,11,39.48000000,0.10715525,0
1691478000000,0.00271500,0.00271500,0.00271200,0.00271500,49.70000000,1691481599999,0.13491558,7,35.78000000,0.09714270,0
1691481600000,0.00271500,0.00271600,0.00271000,0.00271500,50.61000000,1691485199999,0.13727737,7,2.23000000,0.00605445,0
1691485200000,0.00271600,0.00272400,0.00271600,0.00272400,13.63000000,1691488799999,0.03706470,7,11.14000000,0.03030186,0
1691488800000,0.00271700,0.00272500,0.00270900,0.00272500,341.97000000,1691492399999,0.92974841,30,47.57000000,0.12956098,0
1691492400000,0.00272000,0.00272700,0.00272000,0.00272500,21.28000000,1691495999999,0.05794717,7,7.77000000,0.02118679,0
1691496000000,0.00272500,0.00273000,0.00272500,0.00273000,64.50000000,1691499599999,0.17595234,7,40.61000000,0.11079248,0
1691499600000,0.00272700,0.00273300,0.00272700,0.00273100,459.45000000,1691503199999,1.25400718,19,439.93000000,1.20073017,0
1691503200000,0.00272500,0.00272600,0.00270400,0.00272300,680.21000000,1691506799999,1.84705523,47,64.86000000,0.17673088,0
1691506800000,0.00272500,0.00272800,0.00272500,0.00272800,29.35000000,1691510399999,0.07999774,3,25.69000000,0.07002424,0
1691510400000,0.00272600,0.00273400,0.00272400,0.00273300,106.37000000,1691513999999,0.29026981,15,59.05000000,0.16134216,0
1691514000000,0.00273200,0.00273300,0.00272600,0.00272600,86.66000000,1691517599999,0.23668509,6,64.81000000,0.17704176,0
1691517600000,0.00273500,0.00273600,0.00271500,0.00272000,382.63000000,1691521199999,1.04286534,24,198.44000000,0.54055701,0
1691521200000,0.00272000,0.00272000,0.00271100,0.00271400,173.26000000,1691524799999,0.47017865,20,12.27000000,0.03335354,0
1691524800000,0.00271500,0.00274200,0.00271500,0.00271900,163.79000000,1691528399999,0.44722837,18,134.98000000,0.36893572,0
1691528400000,0.00271700,0.00272800,0.00271400,0.00272200,1018.71000000,1691531999999,2.77009872,37,723.13000000,1.96651081,0
1691532000000,0.00272100,0.00272600,0.00272000,0.00272100,35.06000000,1691535599999,0.09540256,6,1.84000000,0.00501584,0
1691535600000,0.00272100,0.00272100,0.00272100,0.00272100,0.00000000,1691539199999,0.00000000,0,0.00000000,0.00000000,0
1691539200000,0.00272700,0.00272900,0.00272700,0.00272900,28.58000000,1691542799999,0.07797204,2,17.19000000,0.04691151,0
1691542800000,0.00272200,0.00272200,0.00272200,0.00272200,15.61000000,1691546399999,0.04249042,2,0.00000000,0.00000000,0
1691546400000,0.00272100,0.00272400,0.00271500,0.00272400,48.38000000,1691549999999,0.13166270,7,37.80000000,0.10292124,0
1691550000000,0.00271800,0.00271800,0.00271600,0.00271600,97.09000000,1691553599999,0.26381053,4,0.00000000,0.00000000,0
1691553600000,0.00271800,0.00271800,0.00271800,0.00271800,9.06000000,1691557199999,0.02462508,1,0.00000000,0.00000000,0
1691557200000,0.00271800,0.00271800,0.00271400,0.00271400,12.88000000,1691560799999,0.03496784,4,2.88000000,0.00782784,0
1691560800000,0.00271300,0.00271300,0.00271000,0.00271000,33.38000000,1691564399999,0.09052516,5,0.00000000,0.00000000,0
1691564400000,0.00271000,0.00271000,0.00271000,0.00271000,0.00000000,1691567999999,0.00000000,0,0.00000000,0.00000000,0
1691568000000,0.00271000,0.00271500,0.00270800,0.00271500,788.28000000,1691571599999,2.13984955,15,34.46000000,0.09351388,0
1691571600000,0.00271200,0.00271600,0.00271200,0.00271600,84.12000000,1691575199999,0.22821040,9,44.71000000,0.12128764,0
1691575200000,0.00271300,0.00272000,0.00270800,0.00271500,234.98000000,1691578799999,0.63826834,15,101.67000000,0.27644561,0
1691578800000,0.00271600,0.00271900,0.00271600,0.00271700,26.43000000,1691582399999,0.07181233,3,16.66000000,0.04526522,0
1691582400000,0.00271100,0.00272900,0.00271100,0.00272900,147.93000000,1691585999999,0.40314798,9,40.71000000,0.11071002,0
1691586000000,0.00273000,0.00273300,0.00272600,0.00273300,175.52000000,1691589599999,0.47879078,12,105.04000000,0.28643298,0
1691589600000,0.00272400,0.00273000,0.00271500,0.00272700,201.22000000,1691593199999,0.54831877,13,48.88000000,0.13326853,0
1691593200000,0.00272400,0.00272400,0.00272300,0.00272400,166.71000000,1691596799999,0.45411288,7,147.39000000,0.40149036,0
1691596800000,0.00272700,0.00272700,0.00271900,0.00271900,33.43000000,1691600399999,0.09103643,3,0.00000000,0.00000000,0
1691600400000,0.00272000,0.00272200,0.00271300,0.00271300,52.06000000,1691603999999,0.14135628,9,2.44000000,0.00664168,0
1691604000000,0.00271200,0.00271700,0.00270800,0.00270800,142.00000000,1691607599999,0.38543991,13,3.38000000,0.00917670,0
1691607600000,0.00270800,0.00271300,0.00270800,0.00271300,20.44000000,1691611199999,0.05541712,5,0.00000000,0.00000000,0
1691611200000,0.00271400,0.00271500,0.00270800,0.00271500,105.14000000,1691614799999,0.28509809,6,55.10000000,0.14953976,0
1691614800000,0.00270700,0.00271600,0.00270500,0.00271600,258.05000000,1691618399999,0.69921417,26,33.31000000,0.09044986,0
1691618400000,0.00271300,0.00272000,0.00271200,0.00272000,217.67000000,1691621999999,0.59104381,16,163.27000000,0.44336116,0
1691622000000,0.00271900,0.00272600,0.00271700,0.00272600,566.47000000,1691625599999,1.54039428,22,382.23000000,1.03915828,0
1691625600000,0.00272700,0.00273200,0.00271900,0.00272200,177.24000000,1691629199999,0.48308060,23,122.81000000,0.33482754,0
1691629200000,0.00272100,0.00272700,0.00272000,0.00272700,146.05000000,1691632799999,0.39790227,8,112.14000000,0.30560958,0
1691632800000,0.00272400,0.00272800,0.00272400,0.00272800,4.54000000,1691636399999,0.01237776,2,2.70000000,0.00736560,0
1691636400000,0.00272500,0.00272500,0.00272500,0.00272500,9.55000000,1691639999999,0.02602375,1,0.00000000,0.00000000,0
1691640000000,0.00271800,0.00272100,0.00271600,0.00271600,66.05000000,1691643599999,0.17955018,6,0.00000000,0.00000000,0
1691643600000,0.00271400,0.00271400,0.00271200,0.00271200,20.24000000,1691647199999,0.05489902,3,0.00000000,0.00000000,0
1691647200000,0.00271000,0.00271000,0.00271000,0.00271000,20.00000000,1691650799999,0.05420000,2,0.00000000,0.00000000,0
1691650800000,0.00271000,0.00271000,0.00271000,0.00271000,0.00000000,1691654399999,0.00000000,0,0.00000000,0.00000000,0
1691654400000,0.00270600,0.00270600,0.00270300,0.00270400,181.97000000,1691657999999,0.49191797,11,0.00000000,0.00000000,0
1691658000000,0.00270300,0.00270700,0.00270000,0.00270600,32.86000000,1691661599999,0.08884399,6,3.69000000,0.00998883,0
1691661600000,0.00270600,0.00270600,0.00270600,0.00270600,0.00000000,1691665199999,0.00000000,0,0.00000000,0.00000000,0
1691665200000,0.00270600,0.00270600,0.00270000,0.00270000,3.19000000,1691668799999,0.00861414,2,0.00000000,0.00000000,0
1691668800000,0.00270200,0.00270600,0.00269600,0.00270600,158.93000000,1691672399999,0.42948844,15,0.00000000,0.00000000,0
1691672400000,0.00270600,0.00270800,0.00270600,0.00270800,13.48000000,1691675999999,0.03648886,3,0.00000000,0.00000000,0
1691676000000,0.00270600,0.00270600,0.00270200,0.00270200,219.33000000,1691679599999,0.59348658,6,112.00000000,0.30307200,0
1691679600000,0.00270000,0.00270000,0.00270000,0.00270000,3.47000000,1691683199999,0.00936900,1,0.00000000,0.00000000,0
1691683200000,0.00270000,0.00270600,0.00269800,0.00270400,182.95000000,1691686799999,0.49430477,10,28.05000000,0.07584934,0
1691686800000,0.00270100,0.00270100,0.00269700,0.00269800,30.48000000,1691690399999,0.08225317,4,0.00000000,0.00000000,0
1691690400000,0.00270100,0.00270100,0.00269700,0.00269800,90.33000000,1691693999999,0.24379696,8,0.00000000,0.00000000,0
1691694000000,0.00270000,0.00270100,0.00269300,0.00269600,467.33000000,1691697599999,1.26008755,23,211.09000000,0.56982220,0
1691697600000,0.00269500,0.00269900,0.00269500,0.00269500,122.31000000,1691701199999,0.32988410,8,91.23000000,0.24608919,0
1691701200000,0.00269500,0.00270000,0.00269400,0.00269900,116.58000000,1691704799999,0.31439141,9,26.45000000,0.07130282,0
1691704800000,0.00270200,0.00271100,0.00270000,0.00270100,77.25000000,1691708399999,0.20881903,9,62.07000000,0.16782785,0
1691708400000,0.00270000,0.00270000,0.00268900,0.00268900,552.34000000,1691711999999,1.48860578,25,42.02000000,0.11345400,0
1691712000000,0.00269900,0.00270600,0.00268100,0.00270600,417.45000000,1691715599999,1.12357968,32,70.72000000,0.19118672,0
1691715600000,0.00270400,0.00270600,0.00270400,0.00270600,116.22000000,1691719199999,0.31427794,5,109.36000000,0.29572850,0
1691719200000,0.00271000,0.00271100,0.00270100,0.00270100,176.65000000,1691722799999,0.47855700,7,122.04000000,0.33074330,0
1691722800000,0.00270300,0.00270300,0.00270300,0.00270300,8.22000000,1691726399999,0.02221866,1,0.00000000,0.00000000,0
1691726400000,0.00270500,0.00270600,0.00269300,0.00270600,315.18000000,1691729999999,0.85057090,26,29.91000000,0.08085023,0
1691730000000,0.00270200,0.00270600,0.00270100,0.00270600,36.68000000,1691733599999,0.09912661,7,5.73000000,0.01550538,0
1691733600000,0.00270800,0.00271000,0.00270400,0.00270800,1968.15000000,1691737199999,5.32377438,18,1824.95000000,4.93605175,0
1691737200000,0.00270700,0.00270700,0.00270400,0.00270500,270.47000000,1691740799999,0.73161045,10,228.51000000,0.61809543,0
1691740800000,0.00270200,0.00270300,0.00270100,0.00270300,65.44000000,1691744399999,0.17682611,5,33.08000000,0.08937967,0
1691744400000,0.00270300,0.00270300,0.00270300,0.00270300,0.00000000,1691747999999,0.00000000,0,0.00000000,0.00000000,0
1691748000000,0.00270200,0.00270500,0.00269500,0.00269500,146.92000000,1691751599999,0.39675214,14,21.92000000,0.05927353,0
1691751600000,0.00270200,0.00270500,0.00270200,0.00270400,89.57000000,1691755199999,0.24213948,9,4.07000000,0.01100935,0
1691755200000,0.00270400,0.00270400,0.00269800,0.00269800,68.14000000,1691758799999,0.18409854,5,21.62000000,0.05833076,0
1691758800000,0.00270000,0.00270000,0.00269900,0.00269900,80.67000000,1691762399999,0.21780356,4,0.00000000,0.00000000,0
1691762400000,0.00269700,0.00270300,0.00269700,0.00269800,224.60000000,1691765999999,0.60649754,13,140.51000000,0.37958075,0
1691766000000,0.00269800,0.00270600,0.00269500,0.00269500,71.70000000,1691769599999,0.19350447,10,34.02000000,0.09189772,0
1691769600000,0.00269500,0.00269700,0.00269400,0.00269400,566.78000000,1691773199999,1.52745464,6,171.30000000,0.46167610,0
1691773200000,0.00269600,0.00270000,0.00269600,0.00270000,91.13000000,1691776799999,0.24588807,7,30.77000000,0.08301746,0
1691776800000,0.00270100,0.00270100,0.00270000,0.00270100,98.91000000,1691780399999,0.26714591,5,5.94000000,0.01604394,0
1691780400000,0.00270500,0.00270700,0.00270200,0.00270500,222.92000000,1691783999999,0.60261473,18,6.36000000,0.01720838,0
1691784000000,0.00270500,0.00271200,0.00270500,0.00271200,29.91000000,1691787599999,0.08101894,8,19.05000000,0.05163487,0
1691787600000,0.00270800,0.00271300,0.00270800,0.00271300,35.10000000,1691791199999,0.09518770,6,25.93000000,0.07034059,0
1691791200000,0.00271200,0.00271200,0.00270800,0.00270800,58.33000000,1691794799999,0.15806441,8,0.00000000,0.00000000,0
1691794800000,0.00271300,0.00271300,0.00271000,0.00271000,26.81000000,1691798399999,0.07271648,3,20.46000000,0.05550798,0
1691798400000,0.00270500,0.00270700,0.00270100,0.00270100,197.45000000,1691801999999,0.53396700,13,10.28000000,0.02782796,0
1691802000000,0.00270600,0.00270900,0.00270600,0.00270900,217.99000000,1691805599999,0.59016757,11,202.16000000,0.54728410,0
1691805600000,0.00270600,0.00270700,0.00270500,0.00270600,166.88000000,1691809199999,0.45156503,6,0.00000000,0.00000000,0
1691809200000,0.00270500,0.00270600,0.00270500,0.00270600,8.94000000,1691812799999,0.02418598,2,3.28000000,0.00887568,0
1691812800000,0.00270600,0.00270600,0.00270500,0.00270500,18.50000000,1691816399999,0.05005832,3,12.95000000,0.03504270,0
1691816400000,0.00270700,0.00270700,0.00270600,0.00270600,8.63000000,1691819999999,0.02335525,2,0.00000000,0.00000000,0
1691820000000,0.00270600,0.00270700,0.00270600,0.00270700,18.34000000,1691823599999,0.04963415,2,18.34000000,0.04963415,0
1691823600000,0.00270600,0.00270900,0.00270500,0.00270700,40.40000000,1691827199999,0.10933011,6,4.91000000,0.01329507,0
1691827200000,0.00270700,0.00270700,0.00270500,0.00270500,59.87000000,1691830799999,0.16196915,5,0.00000000,0.00000000,0
1691830800000,0.00270900,0.00272000,0.00270600,0.00271400,289.67000000,1691834399999,0.78618882,16,234.53000000,0.63694645,0
1691834400000,0.00271600,0.00272000,0.00271400,0.00272000,385.66000000,1691837999999,1.04768162,16,277.39000000,0.75357902,0
1691838000000,0.00271600,0.00271600,0.00271400,0.00271400,71.24000000,1691841599999,0.19344757,4,0.00000000,0.00000000,0
1691841600000,0.00271800,0.00271800,0.00271200,0.00271400,81.24000000,1691845199999,0.22053239,7,12.90000000,0.03505480,0
1691845200000,0.00271600,0.00271800,0.00271200,0.00271200,76.81000000,1691848799999,0.20866769,8,54.20000000,0.14729679,0
1691848800000,0.00271500,0.00271500,0.00271100,0.00271300,76.85000000,1691852399999,0.20839365,6,1.85000000,0.00502275,0
1691852400000,0.00271000,0.00271700,0.00270900,0.00271400,255.17000000,1691855999999,0.69284989,10,168.84000000,0.45873828,0
1691856000000,0.00272000,0.00272100,0.00271900,0.00272100,20.52000000,1691859599999,0.05582520,5,18.68000000,0.05082224,0
1691859600000,0.00272200,0.00272200,0.00271900,0.00271900,103.76000000,1691863199999,0.28217114,5,12.54000000,0.03412410,0
1691863200000,0.00271500,0.00272700,0.00271400,0.00271900,99.86000000,1691866799999,0.27159968,17,46.55000000,0.12675905,0
1691866800000,0.00272100,0.00272400,0.00272000,0.00272100,155.37000000,1691870399999,0.42297681,7,142.49000000,0.38793033,0
1691870400000,0.00272100,0.00272100,0.00271900,0.00271900,30.26000000,1691873999999,0.08232546,2,24.26000000,0.06601146,0
1691874000000,0.00272000,0.00272200,0.00272000,0.00272200,25.33000000,1691877599999,0.06893004,2,16.22000000,0.04415084,0
1691877600000,0.00272300,0.00272500,0.00272300,0.00272500,22.52000000,1691881199999,0.06135404,4,12.11000000,0.03299975,0
1691881200000,0.00272500,0.00272600,0.00272100,0.00272100,17.34000000,1691884799999,0.04722235,5,7.22000000,0.01967747,0
1691884800000,0.00272300,0.00272300,0.00272200,0.00272200,11.67000000,1691888399999,0.03176938,3,8.03000000,0.02185766,0
1691888400000,0.00272100,0.00272500,0.00271900,0.00272500,215.57000000,1691891999999,0.58656169,10,171.61000000,0.46699383,0
1691892000000,0.00271800,0.00271800,0.00271700,0.00271700,53.24000000,1691895599999,0.14470010,4,0.00000000,0.00000000,0
1691895600000,0.00271900,0.00272200,0.00271900,0.00272200,43.92000000,1691899199999,0.11953615,6,8.57000000,0.02331897,0
1691899200000,0.00272200,0.00272800,0.00272200,0.00272600,549.33000000,1691902799999,1.49682356,23,467.27000000,1.27335214,0
1691902800000,0.00272300,0.00272500,0.00272100,0.00272100,58.05000000,1691906399999,0.15806267,6,8.63000000,0.02350812,0
1691906400000,0.00272000,0.00272100,0.00270400,0.00271700,745.44000000,1691909999999,2.02188520,41,42.28000000,0.11491329,0
1691910000000,0.00271900,0.00272400,0.00271900,0.00272100,137.54000000,1691913599999,0.37422052,7,125.17000000,0.34053016,0
1691913600000,0.00272000,0.00272500,0.00272000,0.00272100,282.67000000,1691917199999,0.76955640,16,220.89000000,0.60148593,0
1691917200000,0.00272200,0.00272400,0.00271900,0.00271900,151.28000000,1691920799999,0.41184325,8,145.69000000,0.39664003,0
1691920800000,0.00272000,0.00272200,0.00271800,0.00272200,42.49000000,1691924399999,0.11554338,4,0.00000000,0.00000000,0
1691924400000,0.00272200,0.00272200,0.00272100,0.00272100,11.40000000,1691927999999,0.03102288,2,7.92000000,0.02155032,0
1691928000000,0.00272100,0.00272100,0.00271800,0.00271800,28.88000000,1691931599999,0.07857348,3,25.88000000,0.07041948,0
1691931600000,0.00271600,0.00271900,0.00271100,0.00271500,404.07000000,1691935199999,1.09628912,19,94.40000000,0.25630488,0
1691935200000,0.00271600,0.00271600,0.00271400,0.00271500,52.20000000,1691938799999,0.14169949,4,15.02000000,0.04078561,0
1691938800000,0.00271600,0.00271700,0.00271500,0.00271700,20.32000000,1691942399999,0.05518912,4,16.62000000,0.04513992,0
1691942400000,0.00271700,0.00271700,0.00270600,0.00270600,143.30000000,1691945999999,0.38849719,16,51.11000000,0.13866565,0
1691946000000,0.00271000,0.00271100,0.00270600,0.00270900,141.17000000,1691949599999,0.38250408,13,16.55000000,0.04483395,0
1691949600000,0.00271000,0.00271000,0.00271000,0.00271000,4.77000000,1691953199999,0.01292670,1,0.00000000,0.00000000,0
1691953200000,0.00271600,0.00271600,0.00270900,0.00270900,116.71000000,1691956799999,0.31646102,11,15.66000000,0.04253256,0
1691956800000,0.00271200,0.00271700,0.00271200,0.00271300,28.05000000,1691960399999,0.07613648,4,15.46000000,0.04198296,0
1691960400000,0.00272000,0.00272000,0.00271800,0.00271800,56.56000000,1691963999999,0.15376522,6,6.56000000,0.01784320,0
1691964000000,0.00271300,0.00271500,0.00270300,0.00270400,132.51000000,1691967599999,0.35883058,12,0.00000000,0.00000000,0
1691967600000,0.00271300,0.00271300,0.00270700,0.00271000,153.60000000,1691971199999,0.41668560,4,147.43000000,0.39997759,0
1691971200000,0.00270400,0.00270800,0.00270400,0.00270800,124.55000000,1691974799999,0.33719508,3,0.00000000,0.00000000,0
1691974800000,0.00270500,0.00270600,0.00270500,0.00270600,15.23000000,1691978399999,0.04120243,2,0.00000000,0.00000000,0
1691978400000,0.00270100,0.00270600,0.00269900,0.00270600,106.93000000,1691981999999,0.28868312,7,90.32000000,0.24378626,0
1691982000000,0.00270900,0.00270900,0.00270800,0.00270800,9.02000000,1691985599999,0.02442891,3,0.00000000,0.00000000,0
1691985600000,0.00270800,0.00270800,0.00270800,0.00270800,0.00000000,1691989199999,0.00000000,0,0.00000000,0.00000000,0
1691989200000,0.00270900,0.00271400,0.00270900,0.00271400,31.94000000,1691992799999,0.08654581,2,4.07000000,0.01104598,0
1691992800000,0.00271800,0.00271800,0.00270600,0.00271100,63.26000000,1691996399999,0.17136834,6,12.40000000,0.03368129,0
1691996400000,0.00270500,0.00270500,0.00270200,0.00270300,219.79000000,1691999999999,0.59404407,10,0.00000000,0.00000000,0
1692000000000,0.00270400,0.00270600,0.00270400,0.00270500,24.52000000,1692003599999,0.06634350,3,0.00000000,0.00000000,0
1692003600000,0.00270400,0.00270400,0.00270400,0.00270400,1.85000000,1692007199999,0.00500240,1,0.00000000,0.00000000,0
1692007200000,0.00270300,0.00270500,0.00270100,0.00270500,1047.46000000,1692010799999,2.83334974,5,100.05000000,0.27063525,0
1692010800000,0.00270400,0.00270400,0.00270100,0.00270100,282.94000000,1692014399999,0.76466502,12,178.01000000,0.48106204,0
1692014400000,0.00270400,0.00270400,0.00269600,0.00270000,36.92000000,1692017999999,0.09966197,7,11.89000000,0.03215056,0
1692018000000,0.00270000,0.00270100,0.00269700,0.00270100,20.37000000,1692021599999,0.05498722,3,3.11000000,0.00839700,0
1692021600000,0.00270100,0.00271300,0.00270100,0.00271100,179.62000000,1692025199999,0.48671808,13,134.63000000,0.36491596,0
1692025200000,0.00271300,0.00273500,0.00271200,0.00272000,674.70000000,1692028799999,1.83466361,34,274.49000000,0.74583610,0
1692028800000,0.00272100,0.00272100,0.00271600,0.00271700,379.44000000,1692032399999,1.03209138,10,266.35000000,0.72473835,0
1692032400000,0.00271400,0.00271500,0.00270800,0.00270800,52.40000000,1692035999999,0.14210890,6,20.00000000,0.05430000,0
1692036000000,0.00270600,0.00270600,0.00269900,0.00270400,161.60000000,1692039599999,0.43655216,15,0.00000000,0.00000000,0
1692039600000,0.00269900,0.00269900,0.00269900,0.00269900,2.20000000,1692043199999,0.00593780,1,0.00000000,0.00000000,0
1692043200000,0.00270300,0.00270800,0.00270200,0.00270800,44.23000000,1692046799999,0.11955880,3,4.88000000,0.01321504,0
1692046800000,0.00270200,0.00270200,0.00270200,0.00270200,11.45000000,1692050399999,0.03093790,1,0.00000000,0.00000000,0
1692050400000,0.00270400,0.00270500,0.00269700,0.00270400,239.18000000,1692053999999,0.64639054,16,0.00000000,0.00000000,0
1692054000000,0.00270700,0.00270700,0.00270700,0.00270700,23.79000000,1692057599999,0.06439953,1,23.79000000,0.06439953,0
1692057600000,0.00270300,0.00270300,0.00270300,0.00270300,4.90000000,1692061199999,0.01324470,1,0.00000000,0.00000000,0
1692061200000,0.00269900,0.00269900,0.00269900,0.00269900,15.61000000,1692064799999,0.04213139,1,0.00000000,0.00000000,0
1692064800000,0.00270000,0.00270000,0.00269900,0.00269900,21.45000000,1692068399999,0.05791362,2,0.00000000,0.00000000,0
1692068400000,0.00269700,0.00269700,0.00269500,0.00269500,22.87000000,1692071999999,0.06167281,5,0.00000000,0.00000000,0
1692072000000,0.00269500,0.00269500,0.00269400,0.00269500,15.10000000,1692075599999,0.04068666,4,0.00000000,0.00000000,0
1692075600000,0.00269300,0.00269400,0.00269200,0.00269200,18.15000000,1692079199999,0.04887446,5,0.00000000,0.00000000,0
1692079200000,0.00268800,0.00269500,0.00268400,0.00269500,182.94000000,1692082799999,0.49201867,13,12.46000000,0.03356623,0
1692082800000,0.00269300,0.00269300,0.00269000,0.00269100,12.84000000,1692086399999,0.03456450,3,2.04000000,0.00548964,0
1692086400000,0.00269600,0.00270300,0.00269400,0.00269700,486.12000000,1692089999999,1.31192219,9,432.52000000,1.16747059,0
1692090000000,0.00269800,0.00270200,0.00269800,0.00270200,137.40000000,1692093599999,0.37089032,7,50.08000000,0.13530096,0
1692093600000,0.00270000,0.00270600,0.00270000,0.00270600,15.21000000,1692097199999,0.04110121,4,6.38000000,0.01726021,0
1692097200000,0.00269700,0.00270000,0.00269500,0.00269500,232.07000000,1692100799999,0.62601807,13,48.74000000,0.13159800,0
1692100800000,0.00269500,0.00269500,0.00269500,0.00269500,4.05000000,1692104399999,0.01091475,1,0.00000000,0.00000000,0
1692104400000,0.00269300,0.00270300,0.00269300,0.00269900,36.00000000,1692107999999,0.09718798,4,31.69000000,0.08558115,0
1692108000000,0.00269000,0.00269600,0.00269000,0.00269300,19.06000000,1692111599999,0.05135576,3,11.36000000,0.03062656,0
1692111600000,0.00269100,0.00269400,0.00268800,0.00268800,61.16000000,1692115199999,0.16449613,6,0.00000000,0.00000000,0
1692115200000,0.00268900,0.00268900,0.00268800,0.00268800,36.97000000,1692118799999,0.09939556,2,0.00000000,0.00000000,0
1692118800000,0.00268700,0.00268700,0.00268200,0.00268500,342.08000000,1692122399999,0.91784710,11,0.00000000,0.00000000,0
1692122400000,0.00268500,0.00268500,0.00268000,0.00268000,1057.38000000,1692125999999,2.83447271,11,30.15000000,0.08095275,0
1692126000000,0.00268000,0.00268000,0.00255000,0.00262300,5938.45000000,1692129599999,15.69350148,287,1343.96000000,3.50373619,0
1692129600000,0.00261400,0.00262500,0.00260900,0.00262000,680.49000000,1692133199999,1.78365786,24,90.67000000,0.23743500,0
1692133200000,0.00262500,0.00263900,0.00262500,0.00263900,417.01000000,1692136799999,1.09895920,19,417.01000000,1.09895920,0
1692136800000,0.00263200,0.00263200,0.00262500,0.00262600,172.15000000,1692140399999,0.45268936,9,5.21000000,0.01369709,0
1692140400000,0.00263700,0.00263700,0.00263700,0.00263700,17.30000000,1692143999999,0.04562010,1,17.30000000,0.04562010,0
1692144000000,0.00263200,0.00264000,0.00263200,0.00263900,170.36000000,1692147599999,0.44948545,11,73.09000000,0.19293457,0
1692147600000,0.00262900,0.00263100,0.00262900,0.00263100,65.59000000,1692151199999,0.17256193,5,49.80000000,0.13102380,0
1692151200000,0.00263100,0.00264600,0.00263000,0.00264100,248.90000000,1692154799999,0.65665717,19,25.12000000,0.06641338,0
1692154800000,0.00264000,0.00264000,0.00264000,0.00264000,3.10000000,1692158399999,0.00818400,1,0.00000000,0.00000000,0
1692158400000,0.00264200,0.00264200,0.00263900,0.00264200,303.85000000,1692161999999,0.80258492,9,182.49000000,0.48211896,0
1692162000000,0.00263800,0.00263800,0.00263800,0.00263800,26.95000000,1692165599999,0.07109410,1,26.95000000,0.07109410,0
1692165600000,0.00262800,0.00262800,0.00262200,0.00262200,383.49000000,1692169199999,1.00567899,11,0.00000000,0.00000000,0
1692169200000,0.00262100,0.00262100,0.00262100,0.00262100,3.79000000,1692172799999,0.00993359,1,0.00000000,0.00000000,0
1692172800000,0.00262000,0.00263100,0.00261300,0.00261500,1625.05000000,1692176399999,4.25788598,22,380.54000000,0.99860046,0
1692176400000,0.00262500,0.00262500,0.00261300,0.00261300,144.55000000,1692179999999,0.37891012,7,93.79000000,0.24581946,0
1692180000000,0.00261800,0.00262500,0.00261600,0.00261600,92.10000000,1692183599999,0.24136690,10,49.60000000,0.13014810,0
1692183600000,0.00261800,0.00261800,0.00261300,0.00261700,196.76000000,1692187199999,0.51459198,10,0.00000000,0.00000000,0
1692187200000,0.00261200,0.00261200,0.00259000,0.00260300,1875.89000000,1692190799999,4.87971651,53,836.65000000,2.17949396,0
1692190800000,0.00260500,0.00260500,0.00258800,0.00258800,101.75000000,1692194399999,0.26420221,10,3.77000000,0.00977561,0
1692194400000,0.00259300,0.00260200,0.00259300,0.00259600,386.08000000,1692197999999,1.00285572,8,8.27000000,0.02151040,0
1692198000000,0.00259700,0.00259700,0.00258800,0.00259300,1115.51000000,1692201599999,2.89005123,24,57.10000000,0.14814230,0
1692201600000,0.00258900,0.00259500,0.00258600,0.00259500,820.28000000,1692205199999,2.12386941,14,341.93000000,0.88637708,0
1692205200000,0.00258800,0.00259500,0.00258800,0.00258800,378.08000000,1692208799999,0.97957696,8,15.10000000,0.03918450,0
1692208800000,0.00259800,0.00260000,0.00259500,0.00259500,312.32000000,1692212399999,0.81194599,7,276.64000000,0.71925652,0
1692212400000,0.00259100,0.00259300,0.00258100,0.00259300,475.84000000,1692215999999,1.23145061,28,162.12000000,0.42035982,0
1692216000000,0.00258700,0.00259200,0.00254100,0.00257100,5133.28000000,1692219599999,13.11481486,96,406.00000000,1.04034936,0
1692219600000,0.00255800,0.00255800,0.00251500,0.00254600,615.36000000,1692223199999,1.55758725,65,330.90000000,0.83691057,0
1692223200000,0.00255400,0.00262400,0.00255400,0.00257100,1931.34000000,1692226799999,4.97231867,106,1861.42000000,4.79218697,0
1692226800000,0.00257100,0.00258100,0.00257100,0.00258100,36.32000000,1692230399999,0.09363317,6,19.13000000,0.04935347,0
1692230400000,0.00258100,0.00260000,0.00257200,0.00260000,243.08000000,1692233999999,0.62738654,18,118.83000000,0.30692796,0
1692234000000,0.00259900,0.00260800,0.00259900,0.00260200,24.39000000,1692237599999,0.06345763,6,19.64000000,0.05109813,0
1692237600000,0.00260400,0.00261900,0.00260400,0.00261900,171.32000000,1692241199999,0.44717138,19,168.40000000,0.43956770,0
1692241200000,0.00262100,0.00262100,0.00261700,0.00261700,106.03000000,1692244799999,0.27771619,6,4.08000000,0.01069368,0
1692244800000,0.00262400,0.00268500,0.00262400,0.00263900,5095.59000000,1692248399999,13.52537233,202,2834.10000000,7.54072995,0
1692248400000,0.00263800,0.00266700,0.00263700,0.00266600,1275.60000000,1692251999999,3.38881870,29,1039.50000000,2.75984997,0
1692252000000,0.00266600,0.00266600,0.00263300,0.00263300,1142.91000000,1692255599999,3.03050350,28,2.66000000,0.00703304,0
1692255600000,0.00263500,0.00263900,0.00263100,0.00263900,115.12000000,1692259199999,0.30345399,21,64.80000000,0.17082973,0
1692259200000,0.00264300,0.00264700,0.00264300,0.00264700,1008.67000000,1692262799999,2.66893569,6,1008.67000000,2.66893569,0
1692262800000,0.00264600,0.00266800,0.00264400,0.00266800,1456.65000000,1692266399999,3.87157669,43,1276.27000000,3.39177693,0
1692266400000,0.00267100,0.00267700,0.00266600,0.00266600,41.19000000,1692269999999,0.11008134,10,26.80000000,0.07169939,0
1692270000000,0.00267400,0.00267600,0.00266400,0.00266400,501.15000000,1692273599999,1.33991682,19,84.39000000,0.22558240,0
1692273600000,0.00266400,0.00267900,0.00266400,0.00266600,1290.44000000,1692277199999,3.44157689,32,43.03000000,0.11519049,0
1692277200000,0.00266900,0.00267900,0.00266700,0.00266700,181.60000000,1692280799999,0.48605771,13,170.14000000,0.45546713,0
1692280800000,0.00266600,0.00266600,0.00265400,0.00265500,810.07000000,1692284399999,2.15421376,27,152.59000000,0.40635576,0
1692284400000,0.00266000,0.00270500,0.00266000,0.00268500,4544.12000000,1692287999999,12.15407897,100,3314.37000000,8.87071550,0
1692288000000,0.00268400,0.00269700,0.00268000,0.00269700,7001.79000000,1692291599999,18.86192348,63,6763.55000000,18.22098560,0
1692291600000,0.00269700,0.00271100,0.00269600,0.00270200,1605.88000000,1692295199999,4.33631943,41,1165.13000000,3.14494975,0
1692295200000,0.00270000,0.00270000,0.00270000,0.00270000,83.67000000,1692298799999,0.22590900,4,13.68000000,0.03693600,0
1692298800000,0.00270300,0.00270600,0.00270000,0.00270100,204.11000000,1692302399999,0.55144385,8,15.89000000,0.04299834,0
1692302400000,0.00270200,0.00271400,0.00270100,0.00270900,441.06000000,1692305999999,1.19363561,22,260.73000000,0.70637887,0
1692306000000,0.00271000,0.00282200,0.00265900,0.00268200,26896.38000000,1692309599999,72.97589894,626,8932.75000000,24.29554239,0
1692309600000,0.00268400,0.00272800,0.00262800,0.00264200,3889.01000000,1692313199999,10.41954260,183,2032.69000000,5.46638849,0
1692313200000,0.00264700,0.00265200,0.00260700,0.00263400,5958.11000000,1692316799999,15.65437887,152,630.53000000,1.65581976,0
1692316800000,0.00263400,0.00264000,0.00262500,0.00263000,878.86000000,1692320399999,2.31528745,46,663.13000000,1.74766097,0
1692320400000,0.00263100,0.00263100,0.00259200,0.00259200,603.78000000,1692323999999,1.57577445,44,104.85000000,0.27372705,0
1692324000000,0.00260200,0.00261600,0.00260200,0.00261300,895.65000000,1692327599999,2.33765306,29,464.48000000,1.21354560,0
1692327600000,0.00261400,0.00262600,0.00261400,0.00262400,750.29000000,1692331199999,1.96490555,36,547.63000000,1.43359665,0
1692331200000,0.00262800,0.00263400,0.00262300,0.00262300,297.66000000,1692334799999,0.78204952,14,100.33000000,0.26397804,0
1692334800000,0.00263200,0.00264000,0.00263100,0.00264000,1225.08000000,1692338399999,3.23113788,51,1208.01000000,3.18618440,0
1692338400000,0.00263800,0.00266600,0.00263600,0.00266600,1235.49000000,1692341999999,3.26982503,50,952.42000000,2.52172756,0
1692342000000,0.00266500,0.00266900,0.00266100,0.00266300,719.40000000,1692345599999,1.91676829,26,511.64000000,1.36355077,0
1692345600000,0.00266500,0.00266900,0.00265700,0.00265700,391.36000000,1692349199999,1.04333286,18,248.84000000,0.66368228,0
1692349200000,0.00266300,0.00267000,0.00266000,0.00267000,81.52000000,1692352799999,0.21720142,8,71.87000000,0.19149002,0
1692352800000,0.00267100,0.00267100,0.00266400,0.00266400,94.85000000,1692356399999,0.25277701,4,0.00000000,0.00000000,0
1692356400000,0.00267200,0.00268800,0.00266600,0.00267100,903.70000000,1692359999999,2.41999018,44,623.79000000,1.67260721,0
1692360000000,0.00267600,0.00268600,0.00266800,0.00268600,1096.53000000,1692363599999,2.93192132,41,227.28000000,0.60887806,0
1692363600000,0.00269300,0.00269400,0.00268300,0.00269100,235.92000000,1692367199999,0.63475737,20,126.47000000,0.34052799,0
1692367200000,0.00269100,0.00271300,0.00268600,0.00271300,1163.67000000,1692370799999,3.13971889,56,931.83000000,2.51477983,0
1692370800000,0.00270400,0.00272100,0.00270200,0.00270900,498.09000000,1692374399999,1.35152931,42,239.47000000,0.65082038,0
1692374400000,0.00271300,0.00271900,0.00270600,0.00270600,278.76000000,1692377999999,0.75618879,22,100.87000000,0.27391228,0
1692378000000,0.00270500,0.00272900,0.00270500,0.00272400,1545.84000000,1692381599999,4.20027748,70,418.85000000,1.13944496,0
1692381600000,0.00272000,0.00272500,0.00271100,0.00271200,445.92000000,1692385199999,1.21206458,18,281.17000000,0.76335942,0
1692385200000,0.00272000,0.00272800,0.00271300,0.00271800,464.05000000,1692388799999,1.26243535,16,179.20000000,0.48783276,0
1692388800000,0.00272000,0.00272500,0.00272000,0.00272200,492.23000000,1692392399999,1.34068000,15,382.41000000,1.04155525,0
1692392400000,0.00272500,0.00272900,0.00272100,0.00272100,585.28000000,1692395999999,1.59296652,14,58.12000000,0.15838526,0
1692396000000,0.00272000,0.00272100,0.00271700,0.00272100,1916.28000000,1692399599999,5.21260714,25,1030.15000000,2.80262240,0
1692399600000,0.00272100,0.00272100,0.00271600,0.00271600,2108.55000000,1692403199999,5.73479653,44,1780.99000000,4.84484625,0
1692403200000,0.00271400,0.00271500,0.00270800,0.00270900,223.14000000,1692406799999,0.60522070,15,17.05000000,0.04623961,0
1692406800000,0.00270600,0.00270600,0.00270000,0.00270000,212.84000000,1692410399999,0.57560396,13,152.28000000,0.41179650,0
1692410400000,0.00270400,0.00270600,0.00269100,0.00270100,1383.35000000,1692413999999,3.72721609,25,117.56000000,0.31793913,0
1692414000000,0.00270400,0.00270600,0.00270100,0.00270500,155.25000000,1692417599999,0.41976999,7,126.81000000,0.34294955,0
1692417600000,0.00270400,0.00270400,0.00270200,0.00270400,60.02000000,1692421199999,0.16226048,6,26.85000000,0.07260240,0
1692421200000,0.00270200,0.00270200,0.00268800,0.00270100,531.97000000,1692424799999,1.43546131,25,249.89000000,0.67495002,0
1692424800000,0.00269900,0.00270000,0.00269800,0.00269900,60.63000000,1692428399999,0.16364351,7,5.00000000,0.01350000,0
1692428400000,0.00269900,0.00269900,0.00269400,0.00269500,143.57000000,1692431999999,0.38690214,12,3.01000000,0.00812399,0
1692432000000,0.00269600,0.00269600,0.00269300,0.00269300,804.19000000,1692435599999,2.16583529,9,684.14000000,1.84242361,0
1692435600000,0.00269900,0.00275700,0.00269300,0.00269700,1135.98000000,1692439199999,3.08232069,71,1036.40000000,2.81350473,0
1692439200000,0.00269700,0.00270400,0.00269600,0.00270300,294.71000000,1692442799999,0.79499550,14,18.41000000,0.04973339,0
1692442800000,0.00270300,0.00270300,0.00268900,0.00270000,2880.44000000,1692446399999,7.75553015,27,218.69000000,0.59041210,0
1692446400000,0.00270000,0.00270500,0.00270000,0.00270300,161.87000000,1692449999999,0.43751849,11,12.18000000,0.03294690,0
1692450000000,0.00270500,0.00271400,0.00270400,0.00270400,118.10000000,1692453599999,0.31977061,9,97.77000000,0.26479829,0
1692453600000,0.00270300,0.00270400,0.00270000,0.00270100,41.93000000,1692457199999,0.11330943,4,27.42000000,0.07412247,0
1692457200000,0.00269900,0.00270100,0.00269000,0.00269000,197.20000000,1692460799999,0.53193438,17,52.32000000,0.14113835,0
1692460800000,0.00268700,0.00270800,0.00268200,0.00268800,667.54000000,1692464399999,1.79822776,37,407.04000000,1.09832951,0
1692464400000,0.00269500,0.00269500,0.00269400,0.00269400,7.25000000,1692467999999,0.01953557,2,4.07000000,0.01096865,0
1692468000000,0.00270100,0.00270100,0.00269500,0.00269500,87.48000000,1692471599999,0.23611272,7,44.19000000,0.11933997,0
1692471600000,0.00269500,0.00270500,0.00269500,0.00270500,40.89000000,1692475199999,0.11050047,6,19.19000000,0.05190665,0
1692475200000,0.00270200,0.00271400,0.00270200,0.00270700,80.58000000,1692478799999,0.21828924,18,47.99000000,0.13000000,0
1692478800000,0.00270500,0.00270500,0.00269900,0.00269900,14.16000000,1692482399999,0.03826226,4,0.00000000,0.00000000,0
1692482400000,0.00270600,0.00270700,0.00270200,0.00270200,2354.59000000,1692485999999,6.37342606,38,2284.66000000,6.18427633,0
1692486000000,0.00270700,0.00270700,0.00270700,0.00270700,0.01000000,1692489599999,0.00002707,1,0.01000000,0.00002707,0
1692489600000,0.00270200,0.00270200,0.00269700,0.00269700,26.08000000,1692493199999,0.07044856,3,0.00000000,0.00000000,0
1692493200000,0.00269700,0.00269900,0.00269700,0.00269900,16.12000000,1692496799999,0.04349334,3,13.71000000,0.03699357,0
1692496800000,0.00269500,0.00270200,0.00269300,0.00269500,821.75000000,1692500399999,2.21780978,20,307.41000000,0.83007877,0
1692500400000,0.00269300,0.00269800,0.00269200,0.00269800,84.46000000,1692503999999,0.22762477,4,36.46000000,0.09836908,0
1692504000000,0.00269300,0.00269500,0.00269100,0.00269100,71.32000000,1692507599999,0.19202772,6,3.65000000,0.00983675,0
1692507600000,0.00269100,0.00269100,0.00268500,0.00268500,781.69000000,1692511199999,2.10103091,12,2.61000000,0.00702351,0
1692511200000,0.00269000,0.00269100,0.00268500,0.00269100,103.42000000,1692514799999,0.27802901,14,52.55000000,0.14135764,0
1692514800000,0.00268900,0.00269200,0.00268800,0.00269100,644.47000000,1692518399999,1.73385300,34,446.98000000,1.20251625,0
1692518400000,0.00269200,0.00269600,0.00268800,0.00269600,403.23000000,1692521999999,1.08511541,22,142.01000000,0.38240617,0
1692522000000,0.00269500,0.00269700,0.00269400,0.00269600,79.18000000,1692525599999,0.21340216,8,38.72000000,0.10438726,0
1692525600000,0.00269800,0.00270200,0.00269800,0.00270200,39.85000000,1692529199999,0.10757846,6,5.58000000,0.01506600,0
1692529200000,0.00269700,0.00270500,0.00269100,0.00270500,1071.66000000,1692532799999,2.88922120,35,127.44000000,0.34424772,0
1692532800000,0.00270400,0.00270500,0.00270000,0.00270100,111.01000000,1692536399999,0.29993164,16,57.48000000,0.15538464,0
1692536400000,0.00269900,0.00270100,0.00269400,0.00269700,128.83000000,1692539999999,0.34767901,15,62.49000000,0.16866051,0
1692540000000,0.00269200,0.00269200,0.00267900,0.00268200,418.26000000,1692543599999,1.12199844,21,59.17000000,0.15882437,0
1692543600000,0.00268600,0.00269100,0.00268300,0.00268900,495.57000000,1692547199999,1.33200068,22,419.08000000,1.12630343,0
1692547200000,0.00268700,0.00269000,0.00268400,0.00268400,21.52000000,1692550799999,0.05780119,7,6.46000000,0.01736906,0
1692550800000,0.00268400,0.00268800,0.00268000,0.00268800,72.56000000,1692554399999,0.19476775,10,4.29000000,0.01151458,0
1692554400000,0.00268900,0.00269100,0.00268700,0.00268700,149.84000000,1692557999999,0.40278413,10,14.30000000,0.03845828,0
1692558000000,0.00268400,0.00268500,0.00267800,0.00268200,338.71000000,1692561599999,0.90776772,14,116.98000000,0.31374523,0
1692561600000,0.00268200,0.00268300,0.00267300,0.00267600,733.54000000,1692565199999,1.96509802,28,427.85000000,1.14676244,0
1692565200000,0.00268000,0.00268400,0.00267700,0.00268000,178.89000000,1692568799999,0.47932007,14,59.74000000,0.16017922,0
1692568800000,0.00268000,0.00268400,0.00267900,0.00268400,13.88000000,1692572399999,0.03720526,4,3.74000000,0.01003068,0
1692572400000,0.00268500,0.00268800,0.00268300,0.00268400,163.67000000,1692575999999,0.43940807,11,124.58000000,0.33448420,0
1692576000000,0.00268100,0.00269500,0.00268000,0.00269500,2035.14000000,1692579599999,5.46148763,32,1186.14000000,3.18529123,0
1692579600000,0.00268800,0.00268800,0.00268500,0.00268500,9.57000000,1692583199999,0.02571195,2,5.50000000,0.01478400,0
1692583200000,0.00267900,0.00268500,0.00267600,0.00268300,269.23000000,1692586799999,0.72133783,14,78.81000000,0.21147353,0
1692586800000,0.00268300,0.00268300,0.00268300,0.00268300,7.03000000,1692590399999,0.01886149,1,0.00000000,0.00000000,0
1692590400000,0.00267800,0.00267800,0.00267600,0.00267600,11.03000000,1692593999999,0.02952625,3,0.00000000,0.00000000,0
1692594000000,0.00267300,0.00267800,0.00267100,0.00267800,851.37000000,1692597599999,2.27632770,24,627.98000000,1.67911970,0
1692597600000,0.00268300,0.00268300,0.00268300,0.00268300,43.87000000,1692601199999,0.11770321,5,15.92000000,0.04271336,0
1692601200000,0.00268100,0.00268100,0.00268000,0.00268000,177.50000000,1692604799999,0.47581983,4,0.00000000,0.00000000,0
1692604800000,0.00268500,0.00269200,0.00268300,0.00269100,86.56000000,1692608399999,0.23268466,8,15.51000000,0.04165450,0
1692608400000,0.00269300,0.00269300,0.00269300,0.00269300,6.56000000,1692611999999,0.01766608,2,6.56000000,0.01766608,0
1692612000000,0.00268600,0.00268600,0.00267500,0.00268500,757.49000000,1692615599999,2.02945663,18,130.89000000,0.35149761,0
1692615600000,0.00268400,0.00269300,0.00268400,0.00269300,283.23000000,1692619199999,0.76234525,8,279.66000000,0.75276337,0
1692619200000,0.00269100,0.00269100,0.00267600,0.00267600,126.57000000,1692622799999,0.33992339,8,28.63000000,0.07704333,0
1692622800000,0.00267400,0.00267400,0.00266500,0.00266500,750.44000000,1692626399999,2.00418649,24,327.60000000,0.87600240,0
1692626400000,0.00267400,0.00267400,0.00266400,0.00266400,137.08000000,1692629999999,0.36600699,8,31.12000000,0.08312152,0
1692630000000,0.00266400,0.00266600,0.00264000,0.00265300,581.13000000,1692633599999,1.54082734,40,259.60000000,0.68916075,0
1692633600000,0.00264900,0.00265300,0.00264100,0.00264100,851.36000000,1692637199999,2.25135277,27,149.89000000,0.39723067,0
1692637200000,0.00264000,0.00265000,0.00264000,0.00264700,35.40000000,1692640799999,0.09369039,5,0.00000000,0.00000000,0
1692640800000,0.00265200,0.00265700,0.00265100,0.00265600,114.79000000,1692644399999,0.30461878,9,12.94000000,0.03437271,0
1692644400000,0.00265300,0.00265800,0.00264700,0.00265800,180.62000000,1692647999999,0.47936546,10,60.55000000,0.16089263,0
1692648000000,0.00265200,0.00265500,0.00265000,0.00265400,41.17000000,1692651599999,0.10924089,6,17.71000000,0.04702005,0
1692651600000,0.00265700,0.00266800,0.00265700,0.00266800,30.17000000,1692655199999,0.08036863,8,30.17000000,0.08036863,0
1692655200000,0.00266500,0.00266800,0.00266500,0.00266800,206.48000000,1692658799999,0.55087772,4,200.00000000,0.53360000,0
1692658800000,0.00266600,0.00266700,0.00265700,0.00265700,124.65000000,1692662399999,0.33198008,5,80.33000000,0.21422184,0
1692662400000,0.00266300,0.00266600,0.00266300,0.00266600,10.63000000,1692665999999,0.02831990,2,10.63000000,0.02831990,0
1692666000000,0.00266300,0.00266400,0.00266300,0.00266400,22.65000000,1692669599999,0.06033662,3,0.00000000,0.00000000,0
1692669600000,0.00266100,0.00266100,0.00266000,0.00266000,35.39000000,1692673199999,0.09415933,2,0.00000000,0.00000000,0
1692673200000,0.00266700,0.00266700,0.00266000,0.00266000,501.36000000,1692676799999,1.33527936,9,320.36000000,0.85375938,0
1692676800000,0.00266200,0.00266200,0.00265700,0.00265700,142.95000000,1692680399999,0.38023855,4,138.88000000,0.36942456,0
1692680400000,0.00265700,0.00265700,0.00265300,0.00265300,47.08000000,1692683999999,0.12500218,4,0.00000000,0.00000000,0
1692684000000,0.00265300,0.00265600,0.00265200,0.00265300,334.55000000,1692687599999,0.88805081,10,226.04000000,0.59998014,0
1692687600000,0.00266500,0.00266500,0.00266000,0.00266000,53.88000000,1692691199999,0.14333020,3,1.88000000,0.00501020,0
1692691200000,0.00266000,0.00266600,0.00265700,0.00265700,562.82000000,1692694799999,1.49698034,26,462.07000000,1.22911270,0
1692694800000,0.00265300,0.00265700,0.00265000,0.00265000,1007.56000000,1692698399999,2.67448495,16,561.68000000,1.49126040,0
1692698400000,0.00265000,0.00265300,0.00264500,0.00264700,222.96000000,1692701999999,0.59111070,15,199.78000000,0.52975389,0
1692702000000,0.00264400,0.00264500,0.00264000,0.00264000,163.83000000,1692705599999,0.43277901,9,39.60000000,0.10468759,0
1692705600000,0.00264900,0.00265800,0.00264900,0.00265800,277.30000000,1692709199999,0.73515903,7,227.77000000,0.60350829,0
1692709200000,0.00264700,0.00265000,0.00264500,0.00264900,249.54000000,1692712799999,0.66040546,8,86.36000000,0.22867793,0
1692712800000,0.00265700,0.00265700,0.00264100,0.00264100,21.77000000,1692716399999,0.05759761,3,2.64000000,0.00701448,0
1692716400000,0.00265000,0.00265000,0.00264400,0.00264500,526.35000000,1692719999999,1.39322007,11,185.91000000,0.49183768,0
1692720000000,0.00265700,0.00265700,0.00264800,0.00265400,289.27000000,1692723599999,0.76768672,11,119.83000000,0.31815151,0
1692723600000,0.00265400,0.00265700,0.00265200,0.00265600,184.83000000,1692727199999,0.49078167,9,67.33000000,0.17877255,0
1692727200000,0.00264700,0.00265800,0.00264500,0.00265400,341.93000000,1692730799999,0.90777426,17,177.71000000,0.47178189,0
1692730800000,0.00265600,0.00266000,0.00265300,0.00266000,159.69000000,1692734399999,0.42415466,6,78.89000000,0.20957816,0
1692734400000,0.00265900,0.00266500,0.00265900,0.00266100,148.42000000,1692737999999,0.39514804,12,8.63000000,0.02299435,0
1692738000000,0.00266400,0.00269700,0.00266200,0.00269600,1554.11000000,1692741599999,4.16243793,70,1328.28000000,3.55920576,0
1692741600000,0.00269000,0.00269800,0.00269000,0.00269800,41.91000000,1692745199999,0.11282511,9,22.94000000,0.06175426,0
1692745200000,0.00269800,0.00271200,0.00269800,0.00270800,735.55000000,1692748799999,1.99047589,32,496.29000000,1.34330862,0
1692748800000,0.00270300,0.00270400,0.00270300,0.00270400,100.09000000,1692752399999,0.27054563,2,0.00000000,0.00000000,0
1692752400000,0.00270400,0.00270400,0.00270400,0.00270400,5.00000000,1692755999999,0.01352000,1,5.00000000,0.01352000,0
1692756000000,0.00270000,0.00270000,0.00270000,0.00270000,112.92000000,1692759599999,0.30488400,2,0.00000000,0.00000000,0
1692759600000,0.00270300,0.00270400,0.00269500,0.00269600,438.21000000,1692763199999,1.18325111,17,269.69000000,0.72885403,0
1692763200000,0.00269400,0.00269400,0.00268600,0.00268600,393.45000000,1692766799999,1.05737931,14,231.17000000,0.62133914,0
1692766800000,0.00269100,0.00269100,0.00268100,0.00268200,615.21000000,1692770399999,1.65173004,17,219.40000000,0.58994355,0
1692770400000,0.00268700,0.00268700,0.00267900,0.00268300,994.86000000,1692773999999,2.66658589,17,4.90000000,0.01314670,0
1692774000000,0.00268100,0.00268900,0.00267800,0.00268300,804.84000000,1692777599999,2.15712630,18,150.12000000,0.40334790,0
1692777600000,0.00268400,0.00268400,0.00268000,0.00268100,109.00000000,1692781199999,0.29223184,5,11.77000000,0.03155537,0
1692781200000,0.00268500,0.00268600,0.00268500,0.00268500,476.43000000,1692784799999,1.27937252,8,100.36000000,0.26956696,0
1692784800000,0.00268500,0.00268700,0.00268400,0.00268700,1447.81000000,1692788399999,3.88642419,17,1312.87000000,3.52412832,0
1692788400000,0.00268700,0.00269100,0.00266500,0.00269000,1033.28000000,1692791999999,2.76873785,55,245.97000000,0.66152167,0
1692792000000,0.00269100,0.00269500,0.00268400,0.00268400,395.27000000,1692795599999,1.06355246,9,314.09000000,0.84524559,0
1692795600000,0.00268900,0.00269100,0.00268900,0.00269100,126.08000000,1692799199999,0.33906886,2,126.08000000,0.33906886,0
1692799200000,0.00268600,0.00269500,0.00268600,0.00269100,345.43000000,1692802799999,0.92940514,10,61.77000000,0.16619485,0
1692802800000,0.00268600,0.00269500,0.00268400,0.00269200,413.27000000,1692806399999,1.11279278,15,274.28000000,0.73907399,0
1692806400000,0.00269400,0.00269500,0.00267000,0.00268000,1191.94000000,1692809999999,3.20407891,40,752.36000000,2.02425412,0
1692810000000,0.00267800,0.00267800,0.00266600,0.00266600,443.57000000,1692813599999,1.18535800,24,197.02000000,0.52726430,0
1692813600000,0.00266800,0.00267900,0.00266800,0.00267900,205.22000000,1692817199999,0.54835660,9,150.35000000,0.40179740,0
1692817200000,0.00267900,0.00268100,0.00267800,0.00268100,286.10000000,1692820799999,0.76648359,8,160.57000000,0.43020651,0
1692820800000,0.00267900,0.00267900,0.00266500,0.00266800,246.49000000,1692824399999,0.65879286,14,96.26000000,0.25781542,0
1692824400000,0.00266500,0.00269100,0.00266500,0.00268600,230.82000000,1692827999999,0.61905120,17,101.90000000,0.27288734,0
1692828000000,0.00268700,0.00269500,0.00267900,0.00267900,196.40000000,1692831599999,0.52764401,17,29.91000000,0.08052618,0
1692831600000,0.00267700,0.00267700,0.00267200,0.00267500,26.70000000,1692835199999,0.07137699,6,0.00000000,0.00000000,0
1692835200000,0.00267100,0.00267700,0.00267100,0.00267700,377.74000000,1692838799999,1.01074515,7,373.66000000,0.99984747,0
1692838800000,0.00268000,0.00268500,0.00268000,0.00268500,51.77000000,1692842399999,0.13876395,2,4.07000000,0.01092795,0
1692842400000,0.00268500,0.00268900,0.00268500,0.00268800,570.78000000,1692845999999,1.53409601,12,332.38000000,0.89342807,0
1692846000000,0.00268600,0.00268900,0.00268600,0.00268900,61.32000000,1692849599999,0.16472202,3,0.00000000,0.00000000,0
1692849600000,0.00268800,0.00269100,0.00268800,0.00268900,83.55000000,1692853199999,0.22472992,7,17.75000000,0.04772975,0
1692853200000,0.00269000,0.00269200,0.00269000,0.00269200,87.86000000,1692856799999,0.23638056,5,0.00000000,0.00000000,0
1692856800000,0.00268700,0.00269000,0.00268500,0.00268500,183.98000000,1692860399999,0.49430862,8,35.09000000,0.09436237,0
1692860400000,0.00268500,0.00268500,0.00268500,0.00268500,17.90000000,1692863999999,0.04806150,1,0.00000000,0.00000000,0
1692864000000,0.00268100,0.00268100,0.00267800,0.00267800,13.65000000,1692867599999,0.03658872,2,0.00000000,0.00000000,0
1692867600000,0.00268000,0.00268600,0.00268000,0.00268200,245.46000000,1692871199999,0.65878995,12,142.17000000,0.38173602,0
1692871200000,0.00268200,0.00268500,0.00267700,0.00268000,299.14000000,1692874799999,0.80204310,18,225.72000000,0.60534845,0
1692874800000,0.00268300,0.00268300,0.00268100,0.00268200,271.13000000,1692878399999,0.72713481,8,186.14000000,0.49912972,0
1692878400000,0.00267700,0.00267700,0.00267300,0.00267300,177.70000000,1692881999999,0.47554045,9,10.97000000,0.02933181,0
1692882000000,0.00267600,0.00267600,0.00266500,0.00267600,912.11000000,1692885599999,2.43757160,30,632.44000000,1.69090726,0
1692885600000,0.00267600,0.00267900,0.00265100,0.00267800,2497.83000000,1692889199999,6.67278065,57,419.18000000,1.12242010,0
1692889200000,0.00267900,0.00267900,0.00267000,0.00267000,179.17000000,1692892799999,0.47992545,10,163.76000000,0.43867725,0
1692892800000,0.00266700,0.00267400,0.00266700,0.00267300,180.95000000,1692896399999,0.48330483,10,53.75000000,0.14372750,0
1692896400000,0.00267800,0.00269000,0.00267000,0.00267600,1136.23000000,1692899999999,3.04226916,34,811.17000000,2.17279415,0
1692900000000,0.00268500,0.00268700,0.00268000,0.00268000,790.14000000,1692903599999,2.11816754,19,635.16000000,1.70256678,0
1692903600000,0.00267700,0.00267700,0.00267600,0.00267600,27.24000000,1692907199999,0.07289843,3,23.17000000,0.06200711,0
1692907200000,0.00266600,0.00266700,0.00265700,0.00266200,1472.36000000,1692910799999,3.92508832,35,627.05000000,1.67180602,0
1692910800000,0.00265800,0.00266300,0.00265700,0.00266100,550.72000000,1692914399999,1.46526609,20,93.55000000,0.24882493,0
1692914400000,0.00266400,0.00266500,0.00266100,0.00266400,47.33000000,1692917999999,0.12604862,8,36.67000000,0.09767657,0
1692918000000,0.00266600,0.00266700,0.00266000,0.00266400,368.77000000,1692921599999,0.98173802,7,205.71000000,0.54770994,0
1692921600000,0.00265900,0.00266100,0.00265700,0.00266100,142.78000000,1692925199999,0.37967822,5,17.17000000,0.04568937,0
1692925200000,0.00266500,0.00266600,0.00266400,0.00266400,896.50000000,1692928799999,2.38966260,22,881.27000000,2.34908988,0
1692928800000,0.00266200,0.00266400,0.00266200,0.00266200,100.51000000,1692932399999,0.26764305,4,0.00000000,0.00000000,0
1692932400000,0.00265700,0.00266100,0.00265400,0.00266100,37.86000000,1692935999999,0.10069514,5,2.25000000,0.00598275,0
1692936000000,0.00265200,0.00265200,0.00264500,0.00264500,76.75000000,1692939599999,0.20338679,14,0.00000000,0.00000000,0
1692939600000,0.00265300,0.00266600,0.00265300,0.00266600,53.06000000,1692943199999,0.14098918,8,17.93000000,0.04775842,0
1692943200000,0.00266600,0.00266900,0.00266300,0.00266300,1199.32000000,1692946799999,3.19745427,13,1154.53000000,3.07815248,0
1692946800000,0.00266800,0.00266800,0.00266800,0.00266800,19.33000000,1692950399999,0.05157244,3,2.30000000,0.00613640,0
1692950400000,0.00266700,0.00267900,0.00266700,0.00267600,749.83000000,1692953999999,2.00643520,25,488.49000000,1.30722667,0
1692954000000,0.00268100,0.00270900,0.00268100,0.00269100,998.46000000,1692957599999,2.68949177,64,372.70000000,1.00525325,0
1692957600000,0.00269300,0.00270000,0.00269300,0.00269700,98.71000000,1692961199999,0.26621690,8,8.00000000,0.02160000,0
1692961200000,0.00269800,0.00270100,0.00269300,0.00269500,652.51000000,1692964799999,1.76030939,23,290.95000000,0.78552303,0
1692964800000,0.00269400,0.00269400,0.00269000,0.00269100,9.39000000,1692968399999,0.02527426,4,2.61000000,0.00702612,0
1692968400000,0.00269600,0.00269600,0.00268200,0.00268600,94.63000000,1692971999999,0.25437921,9,51.11000000,0.13748590,0
1692972000000,0.00268800,0.00270700,0.00267500,0.00269900,2126.39000000,1692975599999,5.72615066,71,1167.20000000,3.14224572,0
1692975600000,0.00270000,0.00270500,0.00269600,0.00270300,413.64000000,1692979199999,1.11761448,17,183.52000000,0.49566945,0
1692979200000,0.00270700,0.00270700,0.00269800,0.00270100,233.34000000,1692982799999,0.63062445,11,10.12000000,0.02736356,0
1692982800000,0.00270300,0.00271000,0.00269800,0.00270200,619.67000000,1692986399999,1.67403187,20,172.61000000,0.46708087,0
1692986400000,0.00270500,0.00271400,0.00270500,0.00270900,159.85000000,1692989999999,0.43276215,12,145.50000000,0.39388540,0
1692990000000,0.00270700,0.00271200,0.00270700,0.00271000,126.31000000,1692993599999,0.34202034,8,28.67000000,0.07770886,0
1692993600000,0.00270600,0.00270600,0.00270000,0.00270500,155.55000000,1692997199999,0.42064397,6,123.27000000,0.33344535,0
1692997200000,0.00270500,0.00271300,0.00270500,0.00271000,112.18000000,1693000799999,0.30392514,7,83.96000000,0.22742539,0
1693000800000,0.00271100,0.00271600,0.00271000,0.00271000,287.87000000,1693004399999,0.78040691,13,56.15000000,0.15234190,0
1693004400000,0.00271200,0.00271400,0.00270900,0.00271400,360.92000000,1693007999999,0.97867095,10,185.30000000,0.50256177,0
1693008000000,0.00271700,0.00272100,0.00271100,0.00271500,485.78000000,1693011599999,1.32127275,24,425.00000000,1.15617363,0
1693011600000,0.00271100,0.00272300,0.00271000,0.00271700,665.94000000,1693015199999,1.81071470,15,433.12000000,1.17890365,0
1693015200000,0.00271500,0.00271500,0.00271200,0.00271200,28.96000000,1693018799999,0.07861140,3,0.00000000,0.00000000,0
1693018800000,0.00272400,0.00272400,0.00271500,0.00271500,164.48000000,1693022399999,0.44674831,5,6.35000000,0.01729740,0
1693022400000,0.00271800,0.00272000,0.00271500,0.00271800,2511.52000000,1693025999999,6.82470141,31,1796.22000000,4.88085261,0
1693026000000,0.00271900,0.00272100,0.00271600,0.00271600,101.28000000,1693029599999,0.27530488,8,49.96000000,0.13586840,0
1693029600000,0.00271700,0.00272500,0.00271700,0.00272500,197.25000000,1693033199999,0.53727632,6,175.09000000,0.47706760,0
1693033200000,0.00272300,0.00272300,0.00271800,0.00271800,97.01000000,1693036799999,0.26386750,7,13.21000000,0.03596827,0
1693036800000,0.00272100,0.00272200,0.00272100,0.00272200,18.56000000,1693040399999,0.05050604,2,18.56000000,0.05050604,0
1693040400000,0.00271800,0.00272800,0.00271800,0.00272000,301.64000000,1693043999999,0.82177622,17,52.34000000,0.14273503,0
1693044000000,0.00272600,0.00272600,0.00272400,0.00272600,37.01000000,1693047599999,0.10082492,3,4.84000000,0.01319384,0
1693047600000,0.00272900,0.00273000,0.00272800,0.00272900,241.84000000,1693051199999,0.66003968,6,95.74000000,0.26136836,0
1693051200000,0.00273000,0.00273400,0.00272900,0.00273200,65.85000000,1693054799999,0.17984822,11,17.07000000,0.04665135,0
1693054800000,0.00273300,0.00273300,0.00273100,0.00273200,240.10000000,1693058399999,0.65588611,10,75.07000000,0.20515858,0
1693058400000,0.00273000,0.00273000,0.00272900,0.00272900,20.81000000,1693061999999,0.05679777,2,0.00000000,0.00000000,0
1693062000000,0.00272800,0.00272800,0.00272500,0.00272500,431.42000000,1693065599999,1.17672287,8,0.00000000,0.00000000,0
1693065600000,0.00272500,0.00272600,0.00272400,0.00272600,135.62000000,1693069199999,0.36962117,4,2.38000000,0.00648312,0
1693069200000,0.00272400,0.00273200,0.00270000,0.00272900,3306.19000000,1693072799999,8.99662486,65,283.84000000,0.77487131,0
1693072800000,0.00272800,0.00273200,0.00272800,0.00272900,566.00000000,1693076399999,1.54499851,17,473.86000000,1.29351329,0
1693076400000,0.00272900,0.00273500,0.00272900,0.00273200,83.10000000,1693079999999,0.22700952,9,14.86000000,0.04062298,0
1693080000000,0.00273200,0.00273300,0.00273200,0.00273200,79.15000000,1693083599999,0.21626892,4,26.35000000,0.07198820,0
1693083600000,0.00273600,0.00273600,0.00273300,0.00273500,378.96000000,1693087199999,1.03626732,11,254.23000000,0.69513483,0
1693087200000,0.00273400,0.00273400,0.00273400,0.00273400,2.42000000,1693090799999,0.00661628,1,0.00000000,0.00000000,0
1693090800000,0.00273700,0.00273800,0.00273700,0.00273800,236.43000000,1693094399999,0.64729042,5,236.43000000,0.64729042,0
1693094400000,0.00273800,0.00274300,0.00273700,0.00273700,451.74000000,1693097999999,1.23686619,17,382.12000000,1.04629858,0
1693098000000,0.00274200,0.00274200,0.00273800,0.00274000,171.73000000,1693101599999,0.47058366,4,110.73000000,0.30356566,0
1693101600000,0.00273800,0.00273800,0.00273800,0.00273800,35.36000000,1693105199999,0.09681568,1,0.00000000,0.00000000,0
1693105200000,0.00274400,0.00274500,0.00274400,0.00274500,15.00000000,1693108799999,0.04116460,5,15.00000000,0.04116460,0
1693108800000,0.00274200,0.00274400,0.00274000,0.00274000,77.39000000,1693112399999,0.21220126,6,1.83000000,0.00502152,0
1693112400000,0.00273500,0.00273500,0.00273300,0.00273400,198.77000000,1693115999999,0.54350377,6,0.00000000,0.00000000,0
1693116000000,0.00273800,0.00274000,0.00273600,0.00273900,255.86000000,1693119599999,0.70031144,8,235.86000000,0.64553144,0
1693119600000,0.00274200,0.00274700,0.00274200,0.00274200,292.66000000,1693123199999,0.80295884,15,120.72000000,0.33142284,0
1693123200000,0.00273800,0.00274100,0.00273800,0.00274100,238.46000000,1693126799999,0.65291545,4,234.47000000,0.64197886,0
1693126800000,0.00274100,0.00274100,0.00274100,0.00274100,0.00000000,1693130399999,0.00000000,0,0.00000000,0.00000000,0
1693130400000,0.00273800,0.00273800,0.00273800,0.00273800,15.68000000,1693133999999,0.04293184,1,0.00000000,0.00000000,0
1693134000000,0.00273500,0.00273500,0.00273300,0.00273300,99.84000000,1693137599999,0.27305589,7,0.00000000,0.00000000,0
1693137600000,0.00273400,0.00273600,0.00272800,0.00272800,1096.20000000,1693141199999,2.99345100,23,680.00000000,1.85657913,0
1693141200000,0.00273300,0.00273800,0.00272900,0.00273600,523.95000000,1693144799999,1.43256637,22,282.79000000,0.77329677,0
1693144800000,0.00273500,0.00273800,0.00272700,0.00273200,434.96000000,1693148399999,1.18825489,20,193.90000000,0.52978587,0
1693148400000,0.00272400,0.00272400,0.00271200,0.00271600,363.89000000,1693151999999,0.99033712,17,13.58000000,0.03693244,0
1693152000000,0.00271200,0.00271300,0.00271000,0.00271300,406.48000000,1693155599999,1.10271067,7,76.29000000,0.20697477,0
1693155600000,0.00270900,0.00270900,0.00270700,0.00270700,50.55000000,1693159199999,0.13688996,8,16.34000000,0.04425988,0
1693159200000,0.00270600,0.00271200,0.00270300,0.00271200,25.49000000,1693162799999,0.06897125,9,4.15000000,0.01125480,0
1693162800000,0.00271100,0.00271700,0.00271100,0.00271300,187.26000000,1693166399999,0.50807181,10,36.97000000,0.10034068,0
1693166400000,0.00271800,0.00277400,0.00271400,0.00271600,2414.04000000,1693169999999,6.61520132,81,2354.32000000,6.45279896,0
1693170000000,0.00271900,0.00271900,0.00271000,0.00271100,538.71000000,1693173599999,1.46086640,13,60.17000000,0.16348747,0
1693173600000,0.00271000,0.00271900,0.00271000,0.00271200,719.99000000,1693177199999,1.95384832,15,519.80000000,1.41104176,0
1693177200000,0.00271400,0.00271500,0.00271200,0.00271200,210.25000000,1693180799999,0.57045134,8,39.58000000,0.10735296,0
1693180800000,0.00270800,0.00270800,0.00269000,0.00269000,309.84000000,1693184399999,0.83705743,38,17.45000000,0.04710765,0
1693184400000,0.00270000,0.00270700,0.00269900,0.00270700,351.09000000,1693187999999,0.94952948,14,181.65000000,0.49171185,0
1693188000000,0.00270900,0.00271000,0.00270600,0.00270600,132.81000000,1693191599999,0.35973651,6,128.50000000,0.34806072,0
1693191600000,0.00270500,0.00270800,0.00270500,0.00270800,196.25000000,1693195199999,0.53104972,7,196.25000000,0.53104972,0
1693195200000,0.00271200,0.00271700,0.00271000,0.00271000,76.23000000,1693198799999,0.20678136,9,17.30000000,0.04694184,0
1693198800000,0.00270500,0.00271300,0.00270500,0.00271300,49.17000000,1693202399999,0.13306290,3,1.85000000,0.00501905,0
1693202400000,0.00270900,0.00271400,0.00270600,0.00271100,273.63000000,1693205999999,0.74132602,7,44.68000000,0.12113969,0
1693206000000,0.00271300,0.00271300,0.00271200,0.00271300,62.48000000,1693209599999,0.16950074,4,62.48000000,0.16950074,0
1693209600000,0.00270500,0.00270500,0.00269800,0.00270300,101.12000000,1693213199999,0.27300179,5,1.85000000,0.00500055,0
1693213200000,0.00271100,0.00272400,0.00271100,0.00271900,110.72000000,1693216799999,0.30139075,14,99.34000000,0.27049069,0
1693216800000,0.00271700,0.00272100,0.00271600,0.00272100,104.08000000,1693220399999,0.28276981,6,5.46000000,0.01485304,0
1693220400000,0.00271700,0.00271900,0.00271300,0.00271900,185.32000000,1693223999999,0.50327341,14,89.78000000,0.24397210,0
1693224000000,0.00271900,0.00271900,0.00271000,0.00271000,272.84000000,1693227599999,0.74106965,10,143.77000000,0.39047932,0
1693227600000,0.00270900,0.00272500,0.00270900,0.00272500,261.92000000,1693231199999,0.71009419,11,237.33000000,0.64316941,0
1693231200000,0.00272700,0.00278200,0.00272700,0.00275000,37126.72000000,1693234799999,102.46395615,338,3281.49000000,9.05311711,0
1693234800000,0.00274800,0.00277300,0.00274200,0.00276900,880.63000000,1693238399999,2.42405295,64,376.19000000,1.03707165,0
1693238400000,0.00277500,0.00278700,0.00277200,0.00278700,196.51000000,1693241999999,0.54587783,26,63.71000000,0.17708677,0
1693242000000,0.00277900,0.00278100,0.00277800,0.00277800,48.87000000,1693245599999,0.13579244,3,24.93000000,0.06925554,0
1693245600000,0.00278000,0.00278000,0.00277300,0.00277600,139.87000000,1693249199999,0.38850485,11,81.25000000,0.22582625,0
1693249200000,0.00277600,0.00279300,0.00277600,0.00278300,237.43000000,1693252799999,0.66135229,27,92.46000000,0.25764878,0
1693252800000,0.00278200,0.00278400,0.00277900,0.00278000,245.15000000,1693256399999,0.68201560,15,142.75000000,0.39724757,0
1693256400000,0.00277700,0.00278400,0.00277700,0.00277800,77.75000000,1693259999999,0.21635361,7,0.00000000,0.00000000,0
1693260000000,0.00277900,0.00278700,0.00277800,0.00278600,428.81000000,1693263599999,1.19462124,13,343.88000000,0.95811728,0
1693263600000,0.00278400,0.00279300,0.00278200,0.00278800,556.59000000,1693267199999,1.55183087,16,428.94000000,1.19603355,0
1693267200000,0.00279100,0.00280000,0.00278500,0.00278500,406.33000000,1693270799999,1.13404622,30,90.67000000,0.25364330,0
1693270800000,0.00279800,0.00282500,0.00279800,0.00282100,1406.88000000,1693274399999,3.95488067,58,880.83000000,2.47755125,0
1693274400000,0.00281700,0.00281700,0.00279400,0.00279400,645.01000000,1693277999999,1.80889934,43,185.04000000,0.51911840,0
1693278000000,0.00279300,0.00279500,0.00278400,0.00278400,295.49000000,1693281599999,0.82432140,20,206.59000000,0.57633170,0
1693281600000,0.00278300,0.00278800,0.00277500,0.00278800,3227.16000000,1693285199999,8.97832083,39,133.24000000,0.37075320,0
1693285200000,0.00279000,0.00280900,0.00279000,0.00280200,346.00000000,1693288799999,0.96880176,25,247.96000000,0.69432846,0
1693288800000,0.00279900,0.00279900,0.00278400,0.00278600,165.25000000,1693292399999,0.46124848,13,0.00000000,0.00000000,0
1693292400000,0.00278400,0.00278400,0.00277400,0.00277400,81.23000000,1693295999999,0.22594610,9,2.53000000,0.00703593,0
1693296000000,0.00278300,0.00278400,0.00277300,0.00277300,370.57000000,1693299599999,1.03009933,19,246.59000000,0.68590500,0
1693299600000,0.00277100,0.00277900,0.00276700,0.00277400,416.73000000,1693303199999,1.15544915,22,136.67000000,0.37913564,0
1693303200000,0.00277400,0.00277600,0.00276500,0.00276800,524.20000000,1693306799999,1.45308854,22,169.79000000,0.47110081,0
1693306800000,0.00277500,0.00278300,0.00277200,0.00278300,930.60000000,1693310399999,2.58363282,23,54.49000000,0.15162923,0
1693310400000,0.00278300,0.00278300,0.00276800,0.00277500,356.44000000,1693313999999,0.98986450,24,187.25000000,0.51997530,0
1693314000000,0.00277600,0.00278500,0.00277400,0.00277500,98.95000000,1693317599999,0.27491596,18,44.93000000,0.12489002,0
1693317600000,0.00278000,0.00279300,0.00275600,0.00276300,4288.24000000,1693321199999,11.86617201,206,1101.96000000,3.05072046,0
1693321200000,0.00276200,0.00276200,0.00272800,0.00272900,23663.93000000,1693324799999,64.88418132,174,18617.06000000,51.06615931,0
1693324800000,0.00273200,0.00273400,0.00271100,0.00271700,9414.43000000,1693328399999,25.70500179,112,973.79000000,2.65381408,0
1693328400000,0.00271500,0.00271500,0.00270100,0.00271100,3750.50000000,1693331999999,10.14474886,93,1440.53000000,3.90120112,0
1693332000000,0.00270800,0.00270900,0.00269800,0.00269900,354.46000000,1693335599999,0.95741235,42,104.06000000,0.28113028,0
1693335600000,0.00269800,0.00270000,0.00269400,0.00270000,139.61000000,1693339199999,0.37646905,25,68.84000000,0.18566980,0
1693339200000,0.00269900,0.00270000,0.00268900,0.00269600,744.85000000,1693342799999,2.00691322,33,250.64000000,0.67632590,0
1693342800000,0.00269300,0.00270100,0.00269200,0.00270100,114.68000000,1693346399999,0.30942077,11,84.64000000,0.22846701,0
1693346400000,0.00270300,0.00270600,0.00270300,0.00270600,135.88000000,1693349999999,0.36756359,13,62.48000000,0.16902247,0
1693350000000,0.00270500,0.00270700,0.00270400,0.00270400,161.50000000,1693353599999,0.43690655,19,57.47000000,0.15551723,0
1693353600000,0.00270100,0.00270100,0.00268100,0.00269700,177.56000000,1693357199999,0.47708764,28,92.09000000,0.24752098,0
1693357200000,0.00269700,0.00269700,0.00269500,0.00269700,152.08000000,1693360799999,0.41012288,9,125.82000000,0.33932778,0
1693360800000,0.00269800,0.00269800,0.00269100,0.00269500,447.68000000,1693364399999,1.20670507,30,121.92000000,0.32874337,0
1693364400000,0.00269600,0.00269800,0.00268500,0.00268900,595.91000000,1693367999999,1.60517494,32,313.94000000,0.84632986,0
1693368000000,0.00268700,0.00268700,0.00267600,0.00267600,129.33000000,1693371599999,0.34659176,16,0.00000000,0.00000000,0
1693371600000,0.00267600,0.00267800,0.00267300,0.00267700,532.73000000,1693375199999,1.42495190,23,208.85000000,0.55881001,0
1693375200000,0.00267200,0.00267200,0.00266800,0.00267100,469.29000000,1693378799999,1.25274454,39,167.61000000,0.44754886,0
1693378800000,0.00267000,0.00267800,0.00267000,0.00267800,239.73000000,1693382399999,0.64098822,16,232.02000000,0.62037544,0
1693382400000,0.00267900,0.00268300,0.00267600,0.00268300,451.25000000,1693385999999,1.20945667,36,103.48000000,0.27750988,0
1693386000000,0.00268000,0.00268400,0.00267500,0.00267600,462.63000000,1693389599999,1.23986742,35,232.42000000,0.62321498,0
1693389600000,0.00267300,0.00267600,0.00267200,0.00267400,103.20000000,1693393199999,0.27587402,7,5.59000000,0.01495884,0
1693393200000,0.00267400,0.00267400,0.00266300,0.00266400,407.64000000,1693396799999,1.08766581,23,144.27000000,0.38527756,0
1693396800000,0.00266300,0.00266400,0.00265300,0.00266300,1361.71000000,1693400399999,3.62035864,56,409.94000000,1.09051176,0
1693400400000,0.00266300,0.00266900,0.00266200,0.00266700,503.70000000,1693403999999,1.34294592,30,254.38000000,0.67784089,0
1693404000000,0.00266700,0.00267300,0.00266200,0.00266200,486.68000000,1693407599999,1.29788833,31,184.00000000,0.49080017,0
1693407600000,0.00266600,0.00266900,0.00266300,0.00266900,14742.52000000,1693411199999,39.28903634,56,13890.63000000,37.01894494,0
1693411200000,0.00266900,0.00268100,0.00266600,0.00267800,399.97000000,1693414799999,1.06872033,31,266.07000000,0.71095301,0
1693414800000,0.00268100,0.00268500,0.00267600,0.00267900,628.60000000,1693418399999,1.68621385,23,541.15000000,1.45185773,0
1693418400000,0.00267200,0.00267200,0.00267100,0.00267200,35.34000000,1693421999999,0.09442140,3,0.00000000,0.00000000,0
1693422000000,0.00267200,0.00267200,0.00266900,0.00266900,56.95000000,1693425599999,0.15215459,8,49.52000000,0.13231744,0
1693425600000,0.00266800,0.00267000,0.00266700,0.00266700,175.09000000,1693429199999,0.46732107,15,67.99000000,0.18153330,0
1693429200000,0.00266600,0.00266600,0.00265900,0.00265900,82.64000000,1693432799999,0.22009434,15,12.41000000,0.03308506,0
1693432800000,0.00266000,0.00266200,0.00265800,0.00266200,332.37000000,1693436399999,0.88426070,23,98.51000000,0.26221626,0
1693436400000,0.00266000,0.00266200,0.00265900,0.00265900,234.12000000,1693439999999,0.62281590,18,161.45000000,0.42957568,0
1693440000000,0.00265700,0.00265700,0.00264700,0.00265300,214.66000000,1693443599999,0.56911324,32,82.43000000,0.21856430,0
1693443600000,0.00265000,0.00265100,0.00264400,0.00264400,177.88000000,1693447199999,0.47113606,18,30.84000000,0.08167679,0
1693447200000,0.00264300,0.00264800,0.00263800,0.00263800,274.79000000,1693450799999,0.72685443,30,168.63000000,0.44634766,0
1693450800000,0.00263600,0.00263800,0.00263300,0.00263600,237.99000000,1693454399999,0.62733735,25,136.26000000,0.35923020,0
1693454400000,0.00263700,0.00264200,0.00263200,0.00264000,183.61000000,1693457999999,0.48386077,13,45.99000000,0.12144404,0
1693458000000,0.00264000,0.00264200,0.00263500,0.00263500,233.91000000,1693461599999,0.61745802,22,111.30000000,0.29391244,0
1693461600000,0.00263400,0.00263700,0.00263300,0.00263700,138.62000000,1693465199999,0.36535516,16,49.94000000,0.13168798,0
1693465200000,0.00263700,0.00263700,0.00263400,0.00263400,318.54000000,1693468799999,0.83954282,37,168.41000000,0.44390167,0
1693468800000,0.00263100,0.00263400,0.00262700,0.00263200,245.14000000,1693472399999,0.64496739,32,109.13000000,0.28720987,0
1693472400000,0.00263300,0.00263300,0.00262400,0.00262500,115.18000000,1693475999999,0.30255851,22,10.99000000,0.02886979,0
1693476000000,0.00262900,0.00263100,0.00262600,0.00262900,101.38000000,1693479599999,0.26645085,8,12.65000000,0.03327248,0
1693479600000,0.00262600,0.00262800,0.00262000,0.00262100,1063.29000000,1693483199999,2.78889053,66,392.40000000,1.02927661,0
1693483200000,0.00261900,0.00262100,0.00260000,0.00261600,809.62000000,1693486799999,2.11454718,78,295.90000000,0.77309218,0
1693486800000,0.00261700,0.00261700,0.00261000,0.00261400,319.77000000,1693490399999,0.83581193,19,225.00000000,0.58817894,0
1693490400000,0.00261300,0.00261600,0.00258300,0.00260900,5107.46000000,1693493999999,13.28477806,176,1071.32000000,2.78691760,0
1693494000000,0.00261000,0.00261000,0.00258900,0.00258900,1266.03000000,1693497599999,3.29103627,75,732.27000000,1.90332040,0
1693497600000,0.00258500,0.00260000,0.00258300,0.00259600,425.07000000,1693501199999,1.10258869,45,233.79000000,0.60684858,0
1693501200000,0.00258600,0.00260400,0.00257700,0.00260200,1029.33000000,1693504799999,2.66367521,58,194.29000000,0.50435576,0
1693504800000,0.00260200,0.00260600,0.00259700,0.00260300,67.74000000,1693508399999,0.17613183,16,32.41000000,0.08426562,0
1693508400000,0.00260100,0.00260600,0.00259900,0.00260400,241.10000000,1693511999999,0.62719183,23,169.41000000,0.44071182,0
1693512000000,0.00260300,0.00260300,0.00257900,0.00258200,191.79000000,1693515599999,0.49720671,38,28.48000000,0.07371620,0
1693515600000,0.00258200,0.00259800,0.00258200,0.00259100,312.81000000,1693519199999,0.81046938,42,195.26000000,0.50588040,0
1693519200000,0.00258800,0.00259500,0.00258200,0.00258900,578.76000000,1693522799999,1.49809184,40,313.75000000,0.81247907,0
1693522800000,0.00258700,0.00259400,0.00258600,0.00259100,213.05000000,1693526399999,0.55194009,24,182.57000000,0.47296521,0
