1698796800000,0.00006680,0.00006680,0.00006580,0.00006600,16038.00000000,1698800399999,1.06272430,42,2768.00000000,0.18420440,0
1698800400000,0.00006600,0.00006660,0.00006600,0.00006660,15398.00000000,1698803999999,1.02416300,29,9897.00000000,0.65886540,0
1698804000000,0.00006650,0.00006680,0.00006640,0.00006660,4966.00000000,1698807599999,0.33099140,18,714.00000000,0.04759380,0
1698807600000,0.00006660,0.00006680,0.00006630,0.00006630,27686.00000000,1698811199999,1.84260050,29,12344.00000000,0.82092720,0
1698811200000,0.00006620,0.00006670,0.00006620,0.00006640,14484.00000000,1698814799999,0.96044020,31,3190.00000000,0.21210040,0
1698814800000,0.00006640,0.00006650,0.00006580,0.00006580,16565.00000000,1698818399999,1.09705870,39,7556.00000000,0.50164270,0
1698818400000,0.00006580,0.00006600,0.00006540,0.00006600,37609.00000000,1698821999999,2.46519800,32,2613.00000000,0.17135600,0
1698822000000,0.00006600,0.00006710,0.00006600,0.00006710,36840.00000000,1698825599999,2.45922930,74,33982.00000000,2.26844290,0
1698825600000,0.00006710,0.00006730,0.00006690,0.00006710,77622.00000000,1698829199999,5.21210390,63,43745.00000000,2.93807040,0
1698829200000,0.00006720,0.00006770,0.00006720,0.00006770,17281.00000000,1698832799999,1.16409970,45,12114.00000000,0.81553240,0
1698832800000,0.00006760,0.00006760,0.00006690,0.00006700,18522.00000000,1698836399999,1.24845680,58,9137.00000000,0.61581390,0
1698836400000,0.00006710,0.00006710,0.00006670,0.00006700,12415.00000000,1698839999999,0.83025160,36,4612.00000000,0.30876090,0
1698840000000,0.00006710,0.00006750,0.00006700,0.00006700,8915.00000000,1698843599999,0.59887260,39,5667.00000000,0.38088970,0
1698843600000,0.00006710,0.00006770,0.00006670,0.00006690,44219.00000000,1698847199999,2.96895100,91,29402.00000000,1.97780930,0
1698847200000,0.00006700,0.00006700,0.00006670,0.00006680,12444.00000000,1698850799999,0.83165250,41,4510.00000000,0.30141600,0
1698850800000,0.00006680,0.00006690,0.00006650,0.00006670,7222.00000000,1698854399999,0.48171160,25,936.00000000,0.06248320,0
1698854400000,0.00006660,0.00006680,0.00006640,0.00006680,9996.00000000,1698857999999,0.66660790,36,3244.00000000,0.21633040,0
1698858000000,0.00006690,0.00006700,0.00006660,0.00006670,18380.00000000,1698861599999,1.23017580,46,8001.00000000,0.53590060,0
1698861600000,0.00006680,0.00006690,0.00006650,0.00006690,35347.00000000,1698865199999,2.35564350,56,12540.00000000,0.83616670,0
1698865200000,0.00006680,0.00006680,0.00006610,0.00006630,53997.00000000,1698868799999,3.58357090,52,13961.00000000,0.92529950,0
1698868800000,0.00006620,0.00006640,0.00006600,0.00006610,47567.00000000,1698872399999,3.14753420,54,9932.00000000,0.65837940,0
1698872400000,0.00006610,0.00006670,0.00006610,0.00006660,41493.00000000,1698875999999,2.75738520,71,11162.00000000,0.74071240,0
1698876000000,0.00006650,0.00006650,0.00006610,0.00006630,34236.00000000,1698879599999,2.26939340,36,22994.00000000,1.52472350,0
1698879600000,0.00006630,0.00006640,0.00006610,0.00006630,9919.00000000,1698883199999,0.65787940,27,5243.00000000,0.34757970,0
1698883200000,0.00006630,0.00006640,0.00006620,0.00006630,6196.00000000,1698886799999,0.41061090,21,3581.00000000,0.23741030,0
1698886800000,0.00006640,0.00006640,0.00006600,0.00006630,11424.00000000,1698890399999,0.75666040,31,6091.00000000,0.40374080,0
1698890400000,0.00006630,0.00006640,0.00006600,0.00006600,3681.00000000,1698893999999,0.24347720,22,832.00000000,0.05515120,0
1698894000000,0.00006610,0.00006610,0.00006570,0.00006600,16464.00000000,1698897599999,1.08475190,34,9612.00000000,0.63259440,0
1698897600000,0.00006600,0.00006600,0.00006580,0.00006580,1678.00000000,1698901199999,0.11050040,12,624.00000000,0.04110080,0
1698901200000,0.00006590,0.00006610,0.00006560,0.00006580,16140.00000000,1698904799999,1.06139890,33,3307.00000000,0.21763260,0
1698904800000,0.00006580,0.00006610,0.00006580,0.00006600,4936.00000000,1698908399999,0.32593670,26,4196.00000000,0.27715620,0
1698908400000,0.00006600,0.00006610,0.00006600,0.00006610,1341.00000000,1698911999999,0.08859880,7,1240.00000000,0.08193280,0
1698912000000,0.00006600,0.00006620,0.00006560,0.00006580,12569.00000000,1698915599999,0.82843470,46,6420.00000000,0.42352860,0
1698915600000,0.00006580,0.00006600,0.00006570,0.00006600,19385.00000000,1698919199999,1.27640500,41,6060.00000000,0.39885550,0
1698919200000,0.00006610,0.00006670,0.00006610,0.00006630,25293.00000000,1698922799999,1.67770810,60,18444.00000000,1.22223400,0
1698922800000,0.00006620,0.00006640,0.00006600,0.00006620,8078.00000000,1698926399999,0.53432990,28,1655.00000000,0.10956300,0
1698926400000,0.00006640,0.00006660,0.00006630,0.00006660,4485.00000000,1698929999999,0.29826840,30,2001.00000000,0.13317280,0
1698930000000,0.00006660,0.00006660,0.00006590,0.00006610,30343.00000000,1698933599999,2.00730100,71,6326.00000000,0.41873800,0
1698933600000,0.00006610,0.00006620,0.00006570,0.00006620,31553.00000000,1698937199999,2.08044450,75,16390.00000000,1.08033330,0
1698937200000,0.00006620,0.00006620,0.00006570,0.00006590,20052.00000000,1698940799999,1.32171530,64,6636.00000000,0.43754960,0
1698940800000,0.00006590,0.00006620,0.00006560,0.00006590,14096.00000000,1698944399999,0.92708690,50,8047.00000000,0.52882740,0
1698944400000,0.00006600,0.00006620,0.00006600,0.00006620,8252.00000000,1698947999999,0.54618470,12,7637.00000000,0.50552780,0
1698948000000,0.00006600,0.00006620,0.00006600,0.00006600,18389.00000000,1698951599999,1.21725060,27,10052.00000000,0.66539040,0
1698951600000,0.00006610,0.00006670,0.00006610,0.00006660,25991.00000000,1698955199999,1.72804090,47,14187.00000000,0.94338090,0
1698955200000,0.00006650,0.00006680,0.00006640,0.00006650,9989.00000000,1698958799999,0.66524960,30,9159.00000000,0.61003360,0
1698958800000,0.00006640,0.00006650,0.00006640,0.00006650,2427.00000000,1698962399999,0.16128160,12,1983.00000000,0.13180000,0
1698962400000,0.00006660,0.00006660,0.00006640,0.00006650,10393.00000000,1698965999999,0.69194660,21,3488.00000000,0.23223280,0
1698966000000,0.00006640,0.00006660,0.00006640,0.00006650,8271.00000000,1698969599999,0.55034520,20,5702.00000000,0.37970120,0
1698969600000,0.00006640,0.00006640,0.00006590,0.00006590,10050.00000000,1698973199999,0.66416630,49,1352.00000000,0.08948160,0
1698973200000,0.00006590,0.00006590,0.00006530,0.00006570,22711.00000000,1698976799999,1.48968200,126,3943.00000000,0.25867890,0
1698976800000,0.00006570,0.00006600,0.00006560,0.00006590,17154.00000000,1698980399999,1.12773680,72,1872.00000000,0.12316720,0
1698980400000,0.00006590,0.00006590,0.00006560,0.00006580,25444.00000000,1698983999999,1.67365860,33,20848.00000000,1.37176720,0
1698984000000,0.00006570,0.00006570,0.00006540,0.00006550,3486.00000000,1698987599999,0.22861760,20,1008.00000000,0.06619440,0
1698987600000,0.00006540,0.00006570,0.00006540,0.00006570,8687.00000000,1698991199999,0.56933380,32,624.00000000,0.04092400,0
1698991200000,0.00006580,0.00006600,0.00006580,0.00006600,4504.00000000,1698994799999,0.29684680,18,312.00000000,0.02056080,0
1698994800000,0.00006590,0.00006640,0.00006580,0.00006640,25802.00000000,1698998399999,1.70465520,61,14657.00000000,0.96915810,0
1698998400000,0.00006640,0.00006680,0.00006630,0.00006670,19477.00000000,1699001999999,1.29555490,41,17495.00000000,1.16385210,0
1699002000000,0.00006680,0.00006710,0.00006660,0.00006680,38279.00000000,1699005599999,2.55843110,54,30477.00000000,2.03613110,0
1699005600000,0.00006690,0.00006710,0.00006670,0.00006690,4582.00000000,1699009199999,0.30632720,29,3230.00000000,0.21586800,0
1699009200000,0.00006690,0.00006760,0.00006690,0.00006730,13089.00000000,1699012799999,0.88039760,47,11638.00000000,0.78265620,0
1699012800000,0.00006730,0.00006760,0.00006720,0.00006760,12511.00000000,1699016399999,0.84196370,33,2597.00000000,0.17473300,0
1699016400000,0.00006770,0.00006910,0.00006760,0.00006760,100624.00000000,1699019999999,6.85783320,177,70249.00000000,4.79478370,0
1699020000000,0.00006760,0.00006790,0.00006760,0.00006770,20930.00000000,1699023599999,1.41846480,55,4148.00000000,0.28106610,0
1699023600000,0.00006780,0.00006820,0.00006760,0.00006780,17686.00000000,1699027199999,1.19993290,63,2359.00000000,0.16029340,0
1699027200000,0.00006790,0.00006810,0.00006740,0.00006750,36025.00000000,1699030799999,2.44851570,65,24447.00000000,1.66353560,0
1699030800000,0.00006760,0.00006780,0.00006750,0.00006780,14188.00000000,1699034399999,0.96123100,37,1965.00000000,0.13291450,0
1699034400000,0.00006790,0.00006790,0.00006720,0.00006740,21480.00000000,1699037999999,1.44616540,34,2842.00000000,0.19157730,0
1699038000000,0.00006750,0.00006760,0.00006740,0.00006750,1923.00000000,1699041599999,0.12989120,12,1299.00000000,0.08776080,0
1699041600000,0.00006750,0.00006760,0.00006710,0.00006710,3063.00000000,1699045199999,0.20623140,25,1716.00000000,0.11552630,0
1699045200000,0.00006720,0.00006730,0.00006710,0.00006720,2541.00000000,1699048799999,0.17077430,10,2125.00000000,0.14281910,0
1699048800000,0.00006720,0.00006720,0.00006680,0.00006680,2139.00000000,1699052399999,0.14322980,21,363.00000000,0.02431060,0
1699052400000,0.00006680,0.00006690,0.00006670,0.00006680,2293.00000000,1699055999999,0.15306260,15,520.00000000,0.03473600,0
1699056000000,0.00006680,0.00006720,0.00006680,0.00006700,24238.00000000,1699059599999,1.62351610,40,7803.00000000,0.52163300,0
1699059600000,0.00006710,0.00006720,0.00006670,0.00006690,10370.00000000,1699063199999,0.69386570,20,9404.00000000,0.62917350,0
1699063200000,0.00006700,0.00006710,0.00006680,0.00006690,3469.00000000,1699066799999,0.23220890,25,713.00000000,0.04775020,0
1699066800000,0.00006700,0.00006710,0.00006670,0.00006680,8038.00000000,1699070399999,0.53761850,58,5150.00000000,0.34489250,0
1699070400000,0.00006690,0.00006700,0.00006680,0.00006700,5250.00000000,1699073999999,0.35122500,11,5042.00000000,0.33732020,0
1699074000000,0.00006700,0.00006710,0.00006680,0.00006710,2053.00000000,1699077599999,0.13737410,23,1182.00000000,0.07910420,0
1699077600000,0.00006700,0.00006720,0.00006700,0.00006720,8974.00000000,1699081199999,0.60136720,26,8584.00000000,0.57521250,0
1699081200000,0.00006720,0.00006720,0.00006700,0.00006710,16191.00000000,1699084799999,1.08677840,65,4124.00000000,0.27706130,0
1699084800000,0.00006700,0.00006720,0.00006690,0.00006720,7130.00000000,1699088399999,0.47830190,16,5212.00000000,0.34980340,0
1699088400000,0.00006720,0.00006730,0.00006690,0.00006710,4120.00000000,1699091999999,0.27644300,36,1872.00000000,0.12560660,0
1699092000000,0.00006700,0.00006710,0.00006690,0.00006690,2980.00000000,1699095599999,0.19974630,17,1934.00000000,0.12969610,0
1699095600000,0.00006700,0.00006700,0.00006680,0.00006690,8312.00000000,1699099199999,0.55633510,12,6225.00000000,0.41686110,0
1699099200000,0.00006700,0.00006700,0.00006680,0.00006700,19897.00000000,1699102799999,1.33152570,26,12740.00000000,0.85276960,0
1699102800000,0.00006700,0.00006710,0.00006680,0.00006680,23156.00000000,1699106399999,1.55130440,14,679.00000000,0.04550580,0
1699106400000,0.00006670,0.00006680,0.00006660,0.00006660,7134.00000000,1699109999999,0.47579200,15,773.00000000,0.05158440,0
1699110000000,0.00006660,0.00006660,0.00006620,0.00006630,5408.00000000,1699113599999,0.35894200,19,1428.00000000,0.09490260,0
1699113600000,0.00006620,0.00006650,0.00006590,0.00006650,23277.00000000,1699117199999,1.53732290,23,521.00000000,0.03454250,0
1699117200000,0.00006640,0.00006670,0.00006640,0.00006660,5767.00000000,1699120799999,0.38356120,13,4068.00000000,0.27055320,0
1699120800000,0.00006660,0.00006670,0.00006650,0.00006660,3735.00000000,1699124399999,0.24872710,10,3194.00000000,0.21272980,0
1699124400000,0.00006650,0.00006650,0.00006650,0.00006650,2520.00000000,1699127999999,0.16758000,6,416.00000000,0.02766400,0
1699128000000,0.00006660,0.00006660,0.00006660,0.00006660,1196.00000000,1699131599999,0.07965360,6,312.00000000,0.02077920,0
1699131600000,0.00006670,0.00006690,0.00006670,0.00006680,9096.00000000,1699135199999,0.60797570,18,5714.00000000,0.38219420,0
1699135200000,0.00006680,0.00006680,0.00006660,0.00006670,10068.00000000,1699138799999,0.67240460,26,8837.00000000,0.59027070,0
1699138800000,0.00006670,0.00006670,0.00006650,0.00006660,17464.00000000,1699142399999,1.16305230,29,15476.00000000,1.03072550,0
1699142400000,0.00006660,0.00006750,0.00006650,0.00006730,12425.00000000,1699145999999,0.83310870,47,3012.00000000,0.20210770,0
1699146000000,0.00006720,0.00006720,0.00006670,0.00006670,13197.00000000,1699149599999,0.88357450,34,3986.00000000,0.26732620,0
1699149600000,0.00006670,0.00006670,0.00006650,0.00006650,23426.00000000,1699153199999,1.55792150,22,607.00000000,0.04041440,0
1699153200000,0.00006650,0.00006650,0.00006570,0.00006580,181102.00000000,1699156799999,11.95144640,94,3792.00000000,0.25099920,0
1699156800000,0.00006580,0.00006610,0.00006580,0.00006600,10379.00000000,1699160399999,0.68347440,34,8820.00000000,0.58054920,0
1699160400000,0.00006600,0.00006600,0.00006540,0.00006550,9235.00000000,1699163999999,0.60703900,29,7159.00000000,0.47080950,0
1699164000000,0.00006550,0.00006550,0.00006540,0.00006550,10204.00000000,1699167599999,0.66777620,12,9788.00000000,0.64053860,0
1699167600000,0.00006540,0.00006560,0.00006530,0.00006560,2833.00000000,1699171199999,0.18518860,11,416.00000000,0.02723760,0
1699171200000,0.00006550,0.00006550,0.00006530,0.00006550,12410.00000000,1699174799999,0.81225020,24,6317.00000000,0.41376350,0
1699174800000,0.00006560,0.00006600,0.00006560,0.00006580,40174.00000000,1699178399999,2.63830660,38,23771.00000000,1.56144080,0
1699178400000,0.00006590,0.00006680,0.00006590,0.00006650,26816.00000000,1699181999999,1.78479380,74,19903.00000000,1.32440750,0
1699182000000,0.00006650,0.00006820,0.00006650,0.00006730,130746.00000000,1699185599999,8.80977700,292,78566.00000000,5.28903060,0
1699185600000,0.00006730,0.00006730,0.00006640,0.00006650,62960.00000000,1699189199999,4.21967700,83,22571.00000000,1.51220430,0
1699189200000,0.00006650,0.00006660,0.00006590,0.00006590,12977.00000000,1699192799999,0.86117970,55,5987.00000000,0.39778860,0
1699192800000,0.00006590,0.00006670,0.00006590,0.00006660,24111.00000000,1699196399999,1.59983260,89,14468.00000000,0.96017210,0
1699196400000,0.00006670,0.00006670,0.00006600,0.00006610,46108.00000000,1699199999999,3.06430220,56,12879.00000000,0.85565210,0
1699200000000,0.00006620,0.00006640,0.00006610,0.00006620,11379.00000000,1699203599999,0.75358090,43,6275.00000000,0.41545050,0
1699203600000,0.00006620,0.00006640,0.00006570,0.00006570,27559.00000000,1699207199999,1.82296270,57,21264.00000000,1.40721900,0
1699207200000,0.00006590,0.00006610,0.00006590,0.00006610,3452.00000000,1699210799999,0.22782080,23,1495.00000000,0.09873630,0
1699210800000,0.00006600,0.00006660,0.00006600,0.00006650,6255.00000000,1699214399999,0.41414800,27,2721.00000000,0.18050290,0
1699214400000,0.00006650,0.00006670,0.00006650,0.00006660,3534.00000000,1699217999999,0.23536220,16,2925.00000000,0.19482210,0
1699218000000,0.00006650,0.00006680,0.00006620,0.00006670,26391.00000000,1699221599999,1.75450670,53,3993.00000000,0.26568780,0
1699221600000,0.00006660,0.00006660,0.00006640,0.00006650,13768.00000000,1699225199999,0.91662630,22,6022.00000000,0.40103400,0
1699225200000,0.00006650,0.00006650,0.00006580,0.00006640,4685.00000000,1699228799999,0.30982960,34,1910.00000000,0.12639000,0
1699228800000,0.00006640,0.00006840,0.00006630,0.00006800,105165.00000000,1699232399999,7.09123580,200,61616.00000000,4.14737840,0
1699232400000,0.00006810,0.00006840,0.00006780,0.00006790,13073.00000000,1699235999999,0.89037860,58,8791.00000000,0.59847480,0
1699236000000,0.00006790,0.00006860,0.00006780,0.00006860,15746.00000000,1699239599999,1.07366110,46,13774.00000000,0.93915870,0
1699239600000,0.00006870,0.00006880,0.00006830,0.00006860,20409.00000000,1699243199999,1.39643000,50,3877.00000000,0.26540440,0
1699243200000,0.00006860,0.00006880,0.00006830,0.00006860,34241.00000000,1699246799999,2.35027050,58,30260.00000000,2.07739990,0
1699246800000,0.00006850,0.00006850,0.00006770,0.00006820,33251.00000000,1699250399999,2.26010260,78,13709.00000000,0.93119350,0
1699250400000,0.00006820,0.00006820,0.00006800,0.00006810,5179.00000000,1699253999999,0.35226620,11,575.00000000,0.03916300,0
1699254000000,0.00006810,0.00006860,0.00006810,0.00006860,11926.00000000,1699257599999,0.81265530,22,1152.00000000,0.07884190,0
1699257600000,0.00006860,0.00006860,0.00006830,0.00006840,11826.00000000,1699261199999,0.81048220,29,9692.00000000,0.66446460,0
1699261200000,0.00006840,0.00006930,0.00006840,0.00006910,60347.00000000,1699264799999,4.16095000,82,28507.00000000,1.96222500,0
1699264800000,0.00006900,0.00006910,0.00006870,0.00006910,24893.00000000,1699268399999,1.71515640,66,9260.00000000,0.63961100,0
1699268400000,0.00006920,0.00006940,0.00006790,0.00006910,117205.00000000,1699271999999,8.02841460,125,25788.00000000,1.77869310,0
1699272000000,0.00006920,0.00007070,0.00006900,0.00007010,173147.00000000,1699275599999,12.14821210,233,87204.00000000,6.11432150,0
1699275600000,0.00007020,0.00007050,0.00006940,0.00007030,70422.00000000,1699279199999,4.92634350,120,39158.00000000,2.74151350,0
1699279200000,0.00007020,0.00007070,0.00006970,0.00006970,161960.00000000,1699282799999,11.41107530,160,99230.00000000,6.99525150,0
1699282800000,0.00006980,0.00007000,0.00006950,0.00006980,25024.00000000,1699286399999,1.74582470,58,20426.00000000,1.42504410,0
1699286400000,0.00006960,0.00006970,0.00006900,0.00006910,25015.00000000,1699289999999,1.73548650,72,9718.00000000,0.67388660,0
1699290000000,0.00006920,0.00006940,0.00006870,0.00006870,42702.00000000,1699293599999,2.94568310,60,10973.00000000,0.75638000,0
1699293600000,0.00006880,0.00006920,0.00006870,0.00006920,27377.00000000,1699297199999,1.88969190,39,17996.00000000,1.24346860,0
1699297200000,0.00006920,0.00006930,0.00006910,0.00006920,45363.00000000,1699300799999,3.13564000,34,18143.00000000,1.25434300,0
1699300800000,0.00006930,0.00006930,0.00006890,0.00006920,14547.00000000,1699304399999,1.00626230,33,8333.00000000,0.57664780,0
1699304400000,0.00006930,0.00006960,0.00006930,0.00006960,15055.00000000,1699307999999,1.04421210,30,12421.00000000,0.86161870,0
1699308000000,0.00006960,0.00006960,0.00006930,0.00006930,27249.00000000,1699311599999,1.89117570,30,16147.00000000,1.12163850,0
1699311600000,0.00006920,0.00006920,0.00006880,0.00006900,9060.00000000,1699315199999,0.62495710,34,1244.00000000,0.08582560,0
1699315200000,0.00006890,0.00006890,0.00006760,0.00006800,97233.00000000,1699318799999,6.64418770,128,38877.00000000,2.66117590,0
1699318800000,0.00006800,0.00006820,0.00006780,0.00006820,14041.00000000,1699322399999,0.95438150,67,8325.00000000,0.56629610,0
1699322400000,0.00006820,0.00006830,0.00006770,0.00006770,8093.00000000,1699325999999,0.54897770,37,3568.00000000,0.24217120,0
1699326000000,0.00006770,0.00006810,0.00006770,0.00006790,12213.00000000,1699329599999,0.82937740,32,1647.00000000,0.11187990,0
1699329600000,0.00006790,0.00006800,0.00006760,0.00006760,10698.00000000,1699333199999,0.72525620,31,9501.00000000,0.64413420,0
1699333200000,0.00006760,0.00006790,0.00006760,0.00006790,1687.00000000,1699336799999,0.11439130,9,728.00000000,0.04927520,0
1699336800000,0.00006790,0.00006800,0.00006790,0.00006800,832.00000000,1699340399999,0.05655520,8,208.00000000,0.01414400,0
1699340400000,0.00006800,0.00006810,0.00006770,0.00006790,8399.00000000,1699343999999,0.57014630,22,3728.00000000,0.25345200,0
1699344000000,0.00006790,0.00006810,0.00006790,0.00006790,11917.00000000,1699347599999,0.81021230,22,9482.00000000,0.64481340,0
1699347600000,0.00006790,0.00006790,0.00006720,0.00006760,43762.00000000,1699351199999,2.95796700,66,5963.00000000,0.40417010,0
1699351200000,0.00006750,0.00006770,0.00006730,0.00006750,36708.00000000,1699354799999,2.47928720,70,20608.00000000,1.39167440,0
1699354800000,0.00006750,0.00006770,0.00006740,0.00006770,6789.00000000,1699358399999,0.45921070,25,3304.00000000,0.22363020,0
1699358400000,0.00006770,0.00006780,0.00006750,0.00006770,2569.00000000,1699361999999,0.17398760,19,1896.00000000,0.12843590,0
1699362000000,0.00006770,0.00006770,0.00006740,0.00006750,3395.00000000,1699365599999,0.22942510,27,2031.00000000,0.13735130,0
1699365600000,0.00006740,0.00006740,0.00006690,0.00006720,5505.00000000,1699369199999,0.36974800,32,2318.00000000,0.15567600,0
1699369200000,0.00006720,0.00006720,0.00006640,0.00006680,19730.00000000,1699372799999,1.31534110,62,5528.00000000,0.36983040,0
1699372800000,0.00006680,0.00006690,0.00006670,0.00006670,4598.00000000,1699376399999,0.30703240,20,2894.00000000,0.19329240,0
1699376400000,0.00006660,0.00006660,0.00006610,0.00006660,8299.00000000,1699379999999,0.55143910,52,4418.00000000,0.29382330,0
1699380000000,0.00006670,0.00006720,0.00006650,0.00006690,8340.00000000,1699383599999,0.55748920,53,4288.00000000,0.28703860,0
1699383600000,0.00006690,0.00006710,0.00006640,0.00006710,70837.00000000,1699387199999,4.73049920,75,26840.00000000,1.79709720,0
1699387200000,0.00006700,0.00006720,0.00006690,0.00006710,6962.00000000,1699390799999,0.46661110,35,4190.00000000,0.28082650,0
1699390800000,0.00006710,0.00006720,0.00006690,0.00006720,6084.00000000,1699394399999,0.40773080,33,942.00000000,0.06318560,0
1699394400000,0.00006710,0.00006770,0.00006700,0.00006710,40842.00000000,1699397999999,2.74957520,62,31767.00000000,2.14008710,0
1699398000000,0.00006710,0.00006720,0.00006700,0.00006710,5147.00000000,1699401599999,0.34532310,23,2570.00000000,0.17245310,0
1699401600000,0.00006710,0.00006710,0.00006680,0.00006680,3971.00000000,1699405199999,0.26593650,22,954.00000000,0.06388500,0
1699405200000,0.00006680,0.00006700,0.00006680,0.00006690,1339.00000000,1699408799999,0.08961020,11,624.00000000,0.04175600,0
1699408800000,0.00006710,0.00006720,0.00006700,0.00006710,13981.00000000,1699412399999,0.93762770,16,4608.00000000,0.30880980,0
1699412400000,0.00006720,0.00006730,0.00006710,0.00006720,6718.00000000,1699415999999,0.45106010,16,2822.00000000,0.18961770,0
1699416000000,0.00006720,0.00006720,0.00006710,0.00006710,6624.00000000,1699419599999,0.44509950,9,1218.00000000,0.08183920,0
1699419600000,0.00006700,0.00006710,0.00006690,0.00006710,13973.00000000,1699423199999,0.93700670,26,2071.00000000,0.13878820,0
1699423200000,0.00006700,0.00006730,0.00006690,0.00006730,3888.00000000,1699426799999,0.26122550,27,2448.00000000,0.16451160,0
1699426800000,0.00006720,0.00006760,0.00006720,0.00006720,15072.00000000,1699430399999,1.01481610,37,10543.00000000,0.71001430,0
1699430400000,0.00006720,0.00006780,0.00006710,0.00006760,37058.00000000,1699433999999,2.50093130,50,33977.00000000,2.29332610,0
1699434000000,0.00006770,0.00006790,0.00006750,0.00006770,39340.00000000,1699437599999,2.66216400,41,3684.00000000,0.25000730,0
1699437600000,0.00006780,0.00006830,0.00006770,0.00006820,29663.00000000,1699441199999,2.02153490,47,16973.00000000,1.15648080,0
1699441200000,0.00006820,0.00006820,0.00006800,0.00006800,15775.00000000,1699444799999,1.07338610,27,8980.00000000,0.61114480,0
1699444800000,0.00006790,0.00006790,0.00006750,0.00006760,11656.00000000,1699448399999,0.78892590,22,2728.00000000,0.18417530,0
1699448400000,0.00006770,0.00006770,0.00006730,0.00006750,10003.00000000,1699451999999,0.67595070,23,7624.00000000,0.51520870,0
1699452000000,0.00006750,0.00006750,0.00006710,0.00006720,10866.00000000,1699455599999,0.73144090,28,4385.00000000,0.29587310,0
1699455600000,0.00006720,0.00006800,0.00006680,0.00006680,82077.00000000,1699459199999,5.53783640,105,32226.00000000,2.17515680,0
1699459200000,0.00006680,0.00006720,0.00006680,0.00006710,7893.00000000,1699462799999,0.52911700,23,6672.00000000,0.44732320,0
1699462800000,0.00006700,0.00006730,0.00006700,0.00006730,5731.00000000,1699466399999,0.38444430,21,4725.00000000,0.31701630,0
1699466400000,0.00006730,0.00006740,0.00006730,0.00006740,2151.00000000,1699469999999,0.14480370,8,841.00000000,0.05662010,0
1699470000000,0.00006740,0.00006760,0.00006730,0.00006740,25800.00000000,1699473599999,1.73896930,43,9528.00000000,0.64267670,0
1699473600000,0.00006730,0.00006750,0.00006730,0.00006740,8079.00000000,1699477199999,0.54442790,13,3972.00000000,0.26802680,0
1699477200000,0.00006740,0.00006770,0.00006720,0.00006760,14723.00000000,1699480799999,0.99311480,42,8595.00000000,0.58079040,0
1699480800000,0.00006750,0.00006770,0.00006740,0.00006770,3720.00000000,1699484399999,0.25143420,14,590.00000000,0.03986320,0
1699484400000,0.00006760,0.00006770,0.00006750,0.00006760,11649.00000000,1699487999999,0.78796090,26,3982.00000000,0.26951980,0
1699488000000,0.00006760,0.00006760,0.00006720,0.00006760,21389.00000000,1699491599999,1.44066600,35,10496.00000000,0.70742000,0
1699491600000,0.00006750,0.00006760,0.00006720,0.00006730,7755.00000000,1699495199999,0.52287080,27,1113.00000000,0.07507240,0
1699495200000,0.00006720,0.00006740,0.00006710,0.00006720,15746.00000000,1699498799999,1.05908780,35,3768.00000000,0.25296770,0
1699498800000,0.00006710,0.00006720,0.00006690,0.00006720,14201.00000000,1699502399999,0.95238820,28,5409.00000000,0.36294390,0
1699502400000,0.00006730,0.00006730,0.00006700,0.00006710,8574.00000000,1699505999999,0.57613140,23,3670.00000000,0.24663380,0
1699506000000,0.00006710,0.00006720,0.00006690,0.00006720,9286.00000000,1699509599999,0.62307280,22,5521.00000000,0.37044870,0
1699509600000,0.00006730,0.00006740,0.00006710,0.00006730,30052.00000000,1699513199999,2.02026800,46,18219.00000000,1.22503910,0
1699513200000,0.00006720,0.00006730,0.00006700,0.00006710,33179.00000000,1699516799999,2.22718810,37,3565.00000000,0.23982440,0
1699516800000,0.00006700,0.00006770,0.00006700,0.00006760,26087.00000000,1699520399999,1.75275540,50,13061.00000000,0.87682700,0
1699520400000,0.00006770,0.00006790,0.00006770,0.00006780,20360.00000000,1699523999999,1.38197600,27,5609.00000000,0.38069030,0
1699524000000,0.00006770,0.00006780,0.00006750,0.00006750,30050.00000000,1699527599999,2.03458200,28,27855.00000000,1.88617920,0
1699527600000,0.00006750,0.00006750,0.00006710,0.00006710,20940.00000000,1699531199999,1.40790740,30,12353.00000000,0.83128490,0
1699531200000,0.00006720,0.00006750,0.00006680,0.00006710,63281.00000000,1699534799999,4.24754030,83,25594.00000000,1.71626780,0
1699534800000,0.00006690,0.00006700,0.00006650,0.00006660,56079.00000000,1699538399999,3.74967420,92,38448.00000000,2.57274300,0
1699538400000,0.00006660,0.00006660,0.00006520,0.00006520,190024.00000000,1699541999999,12.51466990,294,48062.00000000,3.17378310,0
1699542000000,0.00006530,0.00006530,0.00006280,0.00006290,222157.00000000,1699545599999,14.25938180,400,101905.00000000,6.52006400,0
1699545600000,0.00006280,0.00006330,0.00005500,0.00006050,741318.00000000,1699549199999,43.91851430,992,330180.00000000,19.60483190,0
1699549200000,0.00006050,0.00006070,0.00005980,0.00006050,21833.00000000,1699552799999,1.31671210,96,10915.00000000,0.65943730,0
1699552800000,0.00006050,0.00006050,0.00006000,0.00006010,38911.00000000,1699556399999,2.34586050,59,19508.00000000,1.17761970,0
1699556400000,0.00006010,0.00006020,0.00005980,0.00005980,30613.00000000,1699559999999,1.83319490,75,15344.00000000,0.91799830,0
1699560000000,0.00005970,0.00005970,0.00005890,0.00005920,44872.00000000,1699563599999,2.65847820,85,16387.00000000,0.97213940,0
1699563600000,0.00005920,0.00005930,0.00005820,0.00005870,49554.00000000,1699567199999,2.91183130,95,26263.00000000,1.54202510,0
1699567200000,0.00005880,0.00005930,0.00005760,0.00005810,125715.00000000,1699570799999,7.32188460,188,72223.00000000,4.22013470,0
1699570800000,0.00005820,0.00005830,0.00005770,0.00005790,37886.00000000,1699574399999,2.19990560,82,25197.00000000,1.46321150,0
1699574400000,0.00005790,0.00005870,0.00005770,0.00005840,126477.00000000,1699577999999,7.34591890,105,86069.00000000,4.99758930,0
1699578000000,0.00005840,0.00005880,0.00005820,0.00005860,25939.00000000,1699581599999,1.51862530,48,19367.00000000,1.13516260,0
1699581600000,0.00005860,0.00005860,0.00005840,0.00005850,6790.00000000,1699585199999,0.39673390,17,1063.00000000,0.06218340,0
1699585200000,0.00005830,0.00005840,0.00005770,0.00005770,41967.00000000,1699588799999,2.44301650,58,23552.00000000,1.37485020,0
1699588800000,0.00005770,0.00005820,0.00005770,0.00005790,22867.00000000,1699592399999,1.32735760,37,10825.00000000,0.62899390,0
1699592400000,0.00005780,0.00005820,0.00005770,0.00005820,5271.00000000,1699595999999,0.30508110,28,2224.00000000,0.12880320,0
1699596000000,0.00005820,0.00005830,0.00005820,0.00005830,36035.00000000,1699599599999,2.10076380,30,34007.00000000,1.98260190,0
1699599600000,0.00005830,0.00005830,0.00005820,0.00005830,55485.00000000,1699603199999,3.23175820,38,38976.00000000,2.27006610,0
1699603200000,0.00005820,0.00005850,0.00005800,0.00005850,23902.00000000,1699606799999,1.39179400,33,5467.00000000,0.31825410,0
1699606800000,0.00005850,0.00005850,0.00005840,0.00005840,4276.00000000,1699610399999,0.24982640,21,3569.00000000,0.20851680,0
1699610400000,0.00005840,0.00005870,0.00005840,0.00005870,49770.00000000,1699613999999,2.91312840,45,25222.00000000,1.47607540,0
1699614000000,0.00005860,0.00005880,0.00005840,0.00005880,46264.00000000,1699617599999,2.70448520,54,36590.00000000,2.13862520,0
1699617600000,0.00005880,0.00005890,0.00005850,0.00005880,69051.00000000,1699621199999,4.05211940,82,21579.00000000,1.26692770,0
1699621200000,0.00005880,0.00005890,0.00005830,0.00005840,36841.00000000,1699624799999,2.15482380,71,34548.00000000,2.02067820,0
1699624800000,0.00005830,0.00005830,0.00005810,0.00005810,34827.00000000,1699628399999,2.02784330,58,26350.00000000,1.53477920,0
1699628400000,0.00005800,0.00005820,0.00005790,0.00005810,15956.00000000,1699631999999,0.92702460,30,3839.00000000,0.22317350,0
1699632000000,0.00005810,0.00005840,0.00005790,0.00005830,6401.00000000,1699635599999,0.37253730,37,1556.00000000,0.09055840,0
1699635600000,0.00005840,0.00005860,0.00005830,0.00005860,29217.00000000,1699639199999,1.70799160,38,19064.00000000,1.11508100,0
1699639200000,0.00005850,0.00005860,0.00005840,0.00005850,17777.00000000,1699642799999,1.03993400,31,523.00000000,0.03061090,0
1699642800000,0.00005850,0.00005890,0.00005850,0.00005890,14359.00000000,1699646399999,0.84486460,24,10169.00000000,0.59877090,0
1699646400000,0.00005890,0.00005910,0.00005870,0.00005900,5677.00000000,1699649999999,0.33396450,22,987.00000000,0.05817170,0
1699650000000,0.00005900,0.00005960,0.00005900,0.00005920,29278.00000000,1699653599999,1.73380890,47,24165.00000000,1.43182640,0
1699653600000,0.00005930,0.00005980,0.00005930,0.00005950,16596.00000000,1699657199999,0.98642120,41,7855.00000000,0.46711740,0
1699657200000,0.00005950,0.00005960,0.00005940,0.00005960,28321.00000000,1699660799999,1.68509950,30,936.00000000,0.05569200,0
1699660800000,0.00005960,0.00005970,0.00005950,0.00005970,22494.00000000,1699664399999,1.34032600,32,16546.00000000,0.98613680,0
1699664400000,0.00005980,0.00006050,0.00005950,0.00005970,69471.00000000,1699667999999,4.18504950,77,53466.00000000,3.22670280,0
1699668000000,0.00005980,0.00006010,0.00005980,0.00006000,21696.00000000,1699671599999,1.30020230,41,8555.00000000,0.51203440,0
1699671600000,0.00006000,0.00006000,0.00005950,0.00005950,14808.00000000,1699675199999,0.88228070,30,9926.00000000,0.59104840,0
1699675200000,0.00005950,0.00005960,0.00005920,0.00005950,53524.00000000,1699678799999,3.18217880,51,43106.00000000,2.56413070,0
1699678800000,0.00005950,0.00005970,0.00005950,0.00005970,23984.00000000,1699682399999,1.42899990,17,6513.00000000,0.38819560,0
1699682400000,0.00005970,0.00005980,0.00005970,0.00005970,6684.00000000,1699685999999,0.39906600,13,6288.00000000,0.37540400,0
1699686000000,0.00005980,0.00005980,0.00005950,0.00005980,9207.00000000,1699689599999,0.54928110,17,6094.00000000,0.36352540,0
1699689600000,0.00005980,0.00006130,0.00005980,0.00006050,58268.00000000,1699693199999,3.54181520,143,32156.00000000,1.95815440,0
1699693200000,0.00006060,0.00006080,0.00006030,0.00006080,24059.00000000,1699696799999,1.45577150,35,1302.00000000,0.07893240,0
1699696800000,0.00006070,0.00006080,0.00006060,0.00006070,7785.00000000,1699700399999,0.47253400,27,2238.00000000,0.13584150,0
1699700400000,0.00006070,0.00006070,0.00006040,0.00006040,1679.00000000,1699703999999,0.10163060,9,560.00000000,0.03382400,0
1699704000000,0.00006010,0.00006070,0.00006010,0.00006070,4444.00000000,1699707599999,0.26907080,18,4236.00000000,0.25648680,0
1699707600000,0.00006080,0.00006080,0.00006060,0.00006060,5874.00000000,1699711199999,0.35614140,17,571.00000000,0.03464400,0
1699711200000,0.00006060,0.00006060,0.00006020,0.00006040,27180.00000000,1699714799999,1.64231720,39,6735.00000000,0.40635040,0
1699714800000,0.00006050,0.00006090,0.00006050,0.00006070,13605.00000000,1699718399999,0.82610290,35,7905.00000000,0.48059910,0
1699718400000,0.00006070,0.00006100,0.00006050,0.00006050,31622.00000000,1699721999999,1.92140250,48,14816.00000000,0.89663490,0
1699722000000,0.00006060,0.00006090,0.00006040,0.00006090,9293.00000000,1699725599999,0.56239480,28,1801.00000000,0.10911920,0
1699725600000,0.00006080,0.00006100,0.00006070,0.00006080,8640.00000000,1699729199999,0.52646640,28,5888.00000000,0.35908480,0
1699729200000,0.00006080,0.00006120,0.00006080,0.00006120,3433.00000000,1699732799999,0.20950520,13,1333.00000000,0.08138440,0
1699732800000,0.00006120,0.00006140,0.00006100,0.00006110,9958.00000000,1699736399999,0.60856560,22,5601.00000000,0.34229240,0
1699736400000,0.00006110,0.00006140,0.00006100,0.00006130,15688.00000000,1699739999999,0.95981360,47,11343.00000000,0.69424410,0
1699740000000,0.00006120,0.00006140,0.00006100,0.00006130,8978.00000000,1699743599999,0.54915560,29,5531.00000000,0.33820750,0
1699743600000,0.00006120,0.00006120,0.00006080,0.00006090,13747.00000000,1699747199999,0.83629120,19,569.00000000,0.03467780,0
1699747200000,0.00006090,0.00006090,0.00006020,0.00006050,22822.00000000,1699750799999,1.38064200,59,14840.00000000,0.89877130,0
1699750800000,0.00006050,0.00006070,0.00006040,0.00006070,16925.00000000,1699754399999,1.02460150,37,4622.00000000,0.28005160,0
1699754400000,0.00006060,0.00006060,0.00006030,0.00006040,14112.00000000,1699757999999,0.85110420,22,13384.00000000,0.80711220,0
1699758000000,0.00006040,0.00006050,0.00006030,0.00006030,6604.00000000,1699761599999,0.39877020,19,570.00000000,0.03443300,0
1699761600000,0.00006040,0.00006040,0.00006020,0.00006020,5929.00000000,1699765199999,0.35782000,12,5363.00000000,0.32367980,0
1699765200000,0.00006020,0.00006040,0.00006020,0.00006040,713.00000000,1699768799999,0.04299540,7,312.00000000,0.01882400,0
1699768800000,0.00006030,0.00006080,0.00006030,0.00006070,5676.00000000,1699772399999,0.34464290,30,874.00000000,0.05286300,0
1699772400000,0.00006080,0.00006090,0.00006080,0.00006080,11071.00000000,1699775999999,0.67313170,10,357.00000000,0.02172050,0
1699776000000,0.00006080,0.00006110,0.00006080,0.00006110,7238.00000000,1699779599999,0.44110110,18,5245.00000000,0.31989550,0
1699779600000,0.00006120,0.00006160,0.00006120,0.00006120,7928.00000000,1699783199999,0.48744840,41,2018.00000000,0.12399380,0
1699783200000,0.00006130,0.00006150,0.00006120,0.00006150,14936.00000000,1699786799999,0.91817180,21,1481.00000000,0.09088030,0
1699786800000,0.00006150,0.00006150,0.00006130,0.00006140,9205.00000000,1699790399999,0.56522540,19,8343.00000000,0.51228080,0
1699790400000,0.00006140,0.00006160,0.00006120,0.00006120,38540.00000000,1699793999999,2.36518220,44,30618.00000000,1.88021020,0
1699794000000,0.00006110,0.00006110,0.00006070,0.00006070,3393.00000000,1699797599999,0.20665770,24,836.00000000,0.05094360,0
1699797600000,0.00006070,0.00006110,0.00006070,0.00006080,25351.00000000,1699801199999,1.54382770,35,12388.00000000,0.75554710,0
1699801200000,0.00006070,0.00006070,0.00006050,0.00006050,16828.00000000,1699804799999,1.01996710,37,9756.00000000,0.59138950,0
1699804800000,0.00006050,0.00006050,0.00006030,0.00006030,26718.00000000,1699808399999,1.61163900,29,2420.00000000,0.14635800,0
1699808400000,0.00006040,0.00006060,0.00006040,0.00006060,1442.00000000,1699811999999,0.08725620,15,554.00000000,0.03352740,0
1699812000000,0.00006060,0.00006090,0.00006050,0.00006090,25022.00000000,1699815599999,1.51715010,24,783.00000000,0.04752670,0
1699815600000,0.00006070,0.00006090,0.00006070,0.00006090,1146.00000000,1699819199999,0.06969720,8,104.00000000,0.00633360,0
1699819200000,0.00006100,0.00006100,0.00006100,0.00006100,1970.00000000,1699822799999,0.12017000,6,1762.00000000,0.10748200,0
1699822800000,0.00006100,0.00006100,0.00006050,0.00006070,1183.00000000,1699826399999,0.07184010,14,441.00000000,0.02675990,0
1699826400000,0.00006070,0.00006080,0.00006060,0.00006070,2073.00000000,1699829999999,0.12583350,12,1022.00000000,0.06204290,0
1699830000000,0.00006070,0.00006080,0.00006070,0.00006080,7386.00000000,1699833599999,0.44837840,22,6970.00000000,0.42311680,0
1699833600000,0.00006070,0.00006090,0.00006060,0.00006090,12123.00000000,1699837199999,0.73523710,29,2638.00000000,0.16019320,0
1699837200000,0.00006090,0.00006090,0.00006060,0.00006080,14279.00000000,1699840799999,0.86684600,20,11382.00000000,0.69100750,0
1699840800000,0.00006080,0.00006080,0.00006050,0.00006050,3174.00000000,1699844399999,0.19244800,14,620.00000000,0.03764440,0
1699844400000,0.00006040,0.00006040,0.00006000,0.00006000,7681.00000000,1699847999999,0.46311470,36,5342.00000000,0.32244290,0
1699848000000,0.00006010,0.00006030,0.00006010,0.00006010,12087.00000000,1699851599999,0.72670160,18,11412.00000000,0.68610290,0
1699851600000,0.00006020,0.00006060,0.00006020,0.00006060,606.00000000,1699855199999,0.03659620,8,502.00000000,0.03033540,0
1699855200000,0.00006060,0.00006060,0.00006040,0.00006060,2000.00000000,1699858799999,0.12098470,17,1161.00000000,0.07026750,0
1699858800000,0.00006060,0.00006060,0.00006030,0.00006030,11838.00000000,1699862399999,0.71672690,20,0.00000000,0.00000000,0
1699862400000,0.00006020,0.00006020,0.00006010,0.00006020,9395.00000000,1699865999999,0.56554360,17,5264.00000000,0.31688860,0
1699866000000,0.00006020,0.00006040,0.00006010,0.00006040,56207.00000000,1699869599999,3.38370300,14,312.00000000,0.01881360,0
1699869600000,0.00006050,0.00006050,0.00006020,0.00006030,9028.00000000,1699873199999,0.54518190,22,6465.00000000,0.39044690,0
1699873200000,0.00006020,0.00006020,0.00006000,0.00006010,5677.00000000,1699876799999,0.34074280,16,4885.00000000,0.29316040,0
1699876800000,0.00006010,0.00006030,0.00006000,0.00006030,18238.00000000,1699880399999,1.09610280,19,13496.00000000,0.81112840,0
1699880400000,0.00006030,0.00006050,0.00006010,0.00006040,16989.00000000,1699883999999,1.02607540,20,2562.00000000,0.15475680,0
1699884000000,0.00006040,0.00006040,0.00005920,0.00005930,81569.00000000,1699887599999,4.88237950,83,11364.00000000,0.67903360,0
1699887600000,0.00005910,0.00005920,0.00005870,0.00005870,22740.00000000,1699891199999,1.34120950,75,12952.00000000,0.76459180,0
1699891200000,0.00005870,0.00005920,0.00005860,0.00005920,27438.00000000,1699894799999,1.61324120,83,9656.00000000,0.56911640,0
1699894800000,0.00005910,0.00005920,0.00005890,0.00005910,12907.00000000,1699898399999,0.76174020,35,7489.00000000,0.44200840,0
1699898400000,0.00005900,0.00005900,0.00005860,0.00005860,2068.00000000,1699901999999,0.12149130,15,363.00000000,0.02136100,0
1699902000000,0.00005870,0.00005870,0.00005840,0.00005850,18405.00000000,1699905599999,1.07912180,23,6551.00000000,0.38451250,0
1699905600000,0.00005850,0.00006270,0.00005820,0.00006270,262139.00000000,1699909199999,15.92860740,641,143968.00000000,8.71506140,0
1699909200000,0.00006260,0.00006590,0.00005800,0.00005870,495642.00000000,1699912799999,30.58010860,1482,268397.00000000,16.55159100,0
1699912800000,0.00005870,0.00005920,0.00005870,0.00005870,49890.00000000,1699916399999,2.93786900,76,21871.00000000,1.29002640,0
1699916400000,0.00005880,0.00005960,0.00005870,0.00005950,16269.00000000,1699919999999,0.96511020,55,11336.00000000,0.67281330,0
1699920000000,0.00005950,0.00005950,0.00005880,0.00005900,41653.00000000,1699923599999,2.46550370,76,14925.00000000,0.88336010,0
1699923600000,0.00005910,0.00005910,0.00005870,0.00005880,26122.00000000,1699927199999,1.54283300,27,3257.00000000,0.19218590,0
1699927200000,0.00005880,0.00005890,0.00005860,0.00005880,16039.00000000,1699930799999,0.94243590,27,14441.00000000,0.84867690,0
1699930800000,0.00005880,0.00005890,0.00005870,0.00005890,11291.00000000,1699934399999,0.66459840,10,2845.00000000,0.16757050,0
1699934400000,0.00005900,0.00005920,0.00005900,0.00005920,41458.00000000,1699937999999,2.44963300,39,24969.00000000,1.47448290,0
1699938000000,0.00005910,0.00005930,0.00005910,0.00005930,3359.00000000,1699941599999,0.19907550,15,2599.00000000,0.15406870,0
1699941600000,0.00005930,0.00005930,0.00005910,0.00005920,36254.00000000,1699945199999,2.14622970,26,15653.00000000,0.92674200,0
1699945200000,0.00005920,0.00005930,0.00005910,0.00005930,8782.00000000,1699948799999,0.51912130,10,312.00000000,0.01847040,0
1699948800000,0.00005930,0.00005940,0.00005910,0.00005930,4118.00000000,1699952399999,0.24374230,19,2549.00000000,0.15092080,0
1699952400000,0.00005920,0.00005920,0.00005900,0.00005900,102656.00000000,1699955999999,6.06045970,34,10109.00000000,0.59844240,0
1699956000000,0.00005890,0.00005890,0.00005850,0.00005860,14754.00000000,1699959599999,0.86615600,30,2076.00000000,0.12201320,0
1699959600000,0.00005870,0.00005870,0.00005840,0.00005870,106367.00000000,1699963199999,6.22428020,78,47295.00000000,2.76857950,0
1699963200000,0.00005860,0.00005860,0.00005830,0.00005860,28626.00000000,1699966799999,1.67447670,62,9825.00000000,0.57394970,0
1699966800000,0.00005860,0.00005900,0.00005860,0.00005900,41032.00000000,1699970399999,2.41070660,55,17734.00000000,1.04295800,0
1699970400000,0.00005910,0.00005920,0.00005900,0.00005900,20398.00000000,1699973999999,1.20386440,27,10703.00000000,0.63174600,0
1699974000000,0.00005900,0.00005900,0.00005880,0.00005890,28929.00000000,1699977599999,1.70364040,49,13537.00000000,0.79759060,0
1699977600000,0.00005900,0.00005900,0.00005870,0.00005900,4302.00000000,1699981199999,0.25342200,23,1993.00000000,0.11755580,0
1699981200000,0.00005890,0.00005910,0.00005880,0.00005890,18572.00000000,1699984799999,1.09380110,25,15677.00000000,0.92345040,0
1699984800000,0.00005900,0.00005930,0.00005840,0.00005900,134540.00000000,1699988399999,7.92258650,189,92023.00000000,5.41574920,0
1699988400000,0.00005900,0.00005940,0.00005890,0.00005930,19449.00000000,1699991999999,1.15142870,49,5694.00000000,0.33630870,0
1699992000000,0.00005920,0.00005920,0.00005900,0.00005910,12959.00000000,1699995599999,0.76470690,21,1144.00000000,0.06750640,0
1699995600000,0.00005910,0.00005950,0.00005900,0.00005940,22001.00000000,1699999199999,1.30361650,28,18844.00000000,1.11689920,0
1699999200000,0.00005950,0.00005950,0.00005940,0.00005950,5996.00000000,1700002799999,0.35653240,8,3700.00000000,0.22015000,0
1700002800000,0.00005950,0.00005950,0.00005940,0.00005950,838.00000000,1700006399999,0.04983960,7,520.00000000,0.03094000,0
1700006400000,0.00005950,0.00005960,0.00005940,0.00005940,22955.00000000,1700009999999,1.36692370,20,580.00000000,0.03450560,0
1700010000000,0.00005940,0.00005960,0.00005940,0.00005960,11451.00000000,1700013599999,0.68088850,29,10221.00000000,0.60775370,0
1700013600000,0.00005960,0.00005960,0.00005960,0.00005960,7768.00000000,1700017199999,0.46297280,13,1473.00000000,0.08779080,0
1700017200000,0.00005950,0.00005960,0.00005940,0.00005950,19645.00000000,1700020799999,1.16885670,20,12608.00000000,0.75019660,0
1700020800000,0.00005950,0.00005970,0.00005940,0.00005970,4546.00000000,1700024399999,0.27085900,13,4419.00000000,0.26331290,0
1700024400000,0.00005970,0.00006000,0.00005960,0.00005990,7278.00000000,1700027999999,0.43584130,13,5304.00000000,0.31768930,0
1700028000000,0.00005980,0.00006000,0.00005960,0.00005990,28240.00000000,1700031599999,1.68769340,27,2496.00000000,0.14950810,0
1700031600000,0.00005990,0.00005990,0.00005980,0.00005980,5693.00000000,1700035199999,0.34090470,15,3668.00000000,0.21968200,0
1700035200000,0.00005980,0.00005990,0.00005970,0.00005980,43357.00000000,1700038799999,2.59431750,43,21718.00000000,1.29984350,0
1700038800000,0.00005980,0.00005980,0.00005960,0.00005960,6937.00000000,1700042399999,0.41410180,14,3564.00000000,0.21283340,0
1700042400000,0.00005960,0.00005990,0.00005950,0.00005980,14312.00000000,1700045999999,0.85461870,15,5325.00000000,0.31888430,0
1700046000000,0.00005980,0.00005980,0.00005960,0.00005970,15562.00000000,1700049599999,0.92841030,27,6501.00000000,0.38824990,0
1700049600000,0.00005970,0.00005970,0.00005950,0.00005950,15730.00000000,1700053199999,0.93623180,20,9612.00000000,0.57203240,0
1700053200000,0.00005940,0.00005960,0.00005910,0.00005950,36499.00000000,1700056799999,2.16588500,58,20584.00000000,1.22325890,0
1700056800000,0.00005960,0.00005960,0.00005940,0.00005960,19867.00000000,1700060399999,1.18132240,32,7877.00000000,0.46880150,0
1700060400000,0.00005950,0.00005970,0.00005940,0.00005960,33405.00000000,1700063999999,1.98656400,35,13870.00000000,0.82591430,0
1700064000000,0.00005950,0.00005970,0.00005950,0.00005960,1376.00000000,1700067599999,0.08195400,17,618.00000000,0.03681140,0
1700067600000,0.00005960,0.00005970,0.00005930,0.00005930,6631.00000000,1700071199999,0.39483590,21,3544.00000000,0.21106840,0
1700071200000,0.00005930,0.00005960,0.00005920,0.00005930,34541.00000000,1700074799999,2.04912410,66,18251.00000000,1.08321040,0
1700074800000,0.00005930,0.00005950,0.00005910,0.00005930,7946.00000000,1700078399999,0.47147190,28,4531.00000000,0.26927270,0
1700078400000,0.00005910,0.00005930,0.00005890,0.00005920,36545.00000000,1700081999999,2.15950220,48,25039.00000000,1.48141770,0
1700082000000,0.00005930,0.00005930,0.00005910,0.00005910,14008.00000000,1700085599999,0.83050660,25,3899.00000000,0.23106510,0
1700085600000,0.00005920,0.00005930,0.00005910,0.00005910,4235.00000000,1700089199999,0.25054850,20,624.00000000,0.03697200,0
1700089200000,0.00005920,0.00005920,0.00005900,0.00005900,1522.00000000,1700092799999,0.09001920,15,936.00000000,0.05535920,0
1700092800000,0.00005900,0.00005910,0.00005860,0.00005870,39813.00000000,1700096399999,2.34606670,63,6733.00000000,0.39731020,0
1700096400000,0.00005870,0.00005900,0.00005870,0.00005900,21475.00000000,1700099999999,1.26214790,30,16822.00000000,0.98841780,0
1700100000000,0.00005900,0.00005930,0.00005900,0.00005930,7028.00000000,1700103599999,0.41641630,16,5253.00000000,0.31138100,0
1700103600000,0.00005930,0.00005950,0.00005920,0.00005930,15891.00000000,1700107199999,0.94285810,20,3023.00000000,0.17978570,0
1700107200000,0.00005940,0.00005960,0.00005940,0.00005960,13589.00000000,1700110799999,0.80841960,13,9307.00000000,0.55405840,0
1700110800000,0.00005950,0.00005950,0.00005920,0.00005920,27692.00000000,1700114399999,1.64254090,21,11177.00000000,0.66375750,0
1700114400000,0.00005930,0.00005960,0.00005930,0.00005960,4099.00000000,1700117999999,0.24335710,9,2528.00000000,0.15019680,0
1700118000000,0.00005950,0.00005980,0.00005950,0.00005980,9187.00000000,1700121599999,0.54758580,15,9018.00000000,0.53753030,0
1700121600000,0.00005990,0.00006000,0.00005950,0.00005980,5255.00000000,1700125199999,0.31476980,26,4102.00000000,0.24589520,0
1700125200000,0.00005980,0.00005980,0.00005950,0.00005970,4435.00000000,1700128799999,0.26424540,22,312.00000000,0.01861600,0
1700128800000,0.00005980,0.00006000,0.00005980,0.00005990,32200.00000000,1700132399999,1.92941450,30,1277.00000000,0.07655330,0
1700132400000,0.00005980,0.00005980,0.00005880,0.00005910,49096.00000000,1700135999999,2.90638040,78,21459.00000000,1.26863820,0
1700136000000,0.00005910,0.00005960,0.00005900,0.00005950,27232.00000000,1700139599999,1.61756820,56,3778.00000000,0.22428720,0
1700139600000,0.00005970,0.00005970,0.00005910,0.00005940,59816.00000000,1700143199999,3.54666390,79,27669.00000000,1.64101620,0
1700143200000,0.00005930,0.00005940,0.00005910,0.00005940,20130.00000000,1700146799999,1.19349860,41,11983.00000000,0.71084560,0
1700146800000,0.00005940,0.00005990,0.00005940,0.00005980,32179.00000000,1700150399999,1.92039150,61,8846.00000000,0.52691740,0
1700150400000,0.00005990,0.00006010,0.00005950,0.00006010,5628.00000000,1700153999999,0.33703480,28,4928.00000000,0.29525150,0
1700154000000,0.00006000,0.00006020,0.00005990,0.00005990,3774.00000000,1700157599999,0.22623250,27,1347.00000000,0.08079280,0
1700157600000,0.00006000,0.00006040,0.00006000,0.00006010,12295.00000000,1700161199999,0.73929090,28,11367.00000000,0.68336450,0
1700161200000,0.00006000,0.00006040,0.00005990,0.00006040,25943.00000000,1700164799999,1.56018870,47,14100.00000000,0.84577670,0
1700164800000,0.00006050,0.00006070,0.00006000,0.00006030,39432.00000000,1700168399999,2.38012840,63,1828.00000000,0.11041720,0
1700168400000,0.00006020,0.00006030,0.00006010,0.00006030,5556.00000000,1700171999999,0.33498190,17,4830.00000000,0.29123530,0
1700172000000,0.00006030,0.00006030,0.00006020,0.00006030,5535.00000000,1700175599999,0.33362280,17,3742.00000000,0.22564260,0
1700175600000,0.00006030,0.00006040,0.00006000,0.00006040,15987.00000000,1700179199999,0.96500320,29,14451.00000000,0.87252310,0
1700179200000,0.00006040,0.00006060,0.00006010,0.00006030,12816.00000000,1700182799999,0.77236110,22,584.00000000,0.03530080,0
1700182800000,0.00006030,0.00006050,0.00006030,0.00006050,5288.00000000,1700186399999,0.31898090,9,5029.00000000,0.30334240,0
1700186400000,0.00006050,0.00006050,0.00006040,0.00006040,1781.00000000,1700189999999,0.10760360,10,1261.00000000,0.07616440,0
1700190000000,0.00006040,0.00006040,0.00006030,0.00006040,1989.00000000,1700193599999,0.12012520,5,1885.00000000,0.11384360,0
1700193600000,0.00006040,0.00006040,0.00006030,0.00006030,1134.00000000,1700197199999,0.06846470,6,104.00000000,0.00628160,0
1700197200000,0.00006030,0.00006040,0.00006020,0.00006040,8795.00000000,1700200799999,0.52997170,17,485.00000000,0.02928360,0
1700200800000,0.00006030,0.00006030,0.00006000,0.00006000,4790.00000000,1700204399999,0.28787340,17,469.00000000,0.02824950,0
1700204400000,0.00006020,0.00006040,0.00006000,0.00006020,75864.00000000,1700207999999,4.57127460,69,20714.00000000,1.24888870,0
1700208000000,0.00006010,0.00006030,0.00005970,0.00006020,20042.00000000,1700211599999,1.20280810,45,4244.00000000,0.25522880,0
1700211600000,0.00006010,0.00006040,0.00006010,0.00006040,9377.00000000,1700215199999,0.56436890,31,4320.00000000,0.26011800,0
1700215200000,0.00006030,0.00006030,0.00006000,0.00006020,8610.00000000,1700218799999,0.51766890,30,6202.00000000,0.37283370,0
1700218800000,0.00006030,0.00006030,0.00006020,0.00006020,17426.00000000,1700222399999,1.04921110,20,8847.00000000,0.53263290,0
1700222400000,0.00006010,0.00006010,0.00005990,0.00006010,5335.00000000,1700225999999,0.32003990,20,4279.00000000,0.25675430,0
1700226000000,0.00006010,0.00006040,0.00006010,0.00006020,17003.00000000,1700229599999,1.02391720,25,6922.00000000,0.41799580,0
1700229600000,0.00006040,0.00006040,0.00006010,0.00006020,14445.00000000,1700233199999,0.87002090,49,9624.00000000,0.57956670,0
1700233200000,0.00006020,0.00006020,0.00005990,0.00005990,11404.00000000,1700236799999,0.68518520,31,6309.00000000,0.37913000,0
1700236800000,0.00005980,0.00006050,0.00005970,0.00006040,43229.00000000,1700240399999,2.59465310,56,19939.00000000,1.19996240,0
1700240400000,0.00006040,0.00006060,0.00006010,0.00006030,18997.00000000,1700243999999,1.14675520,51,7158.00000000,0.43234740,0
1700244000000,0.00006020,0.00006040,0.00006010,0.00006040,6207.00000000,1700247599999,0.37410350,21,4572.00000000,0.27565180,0
1700247600000,0.00006040,0.00006040,0.00006020,0.00006030,2889.00000000,1700251199999,0.17424840,16,1145.00000000,0.06910600,0
1700251200000,0.00006030,0.00006030,0.00006000,0.00006000,2423.00000000,1700254799999,0.14562060,14,208.00000000,0.01252160,0
1700254800000,0.00006010,0.00006030,0.00006010,0.00006030,7901.00000000,1700258399999,0.47490210,11,1631.00000000,0.09805430,0
1700258400000,0.00006030,0.00006030,0.00006000,0.00006030,12444.00000000,1700261999999,0.74851220,31,5765.00000000,0.34664110,0
1700262000000,0.00006030,0.00006030,0.00006010,0.00006030,8618.00000000,1700265599999,0.51902390,15,3889.00000000,0.23446270,0
1700265600000,0.00006030,0.00006050,0.00006020,0.00006020,19706.00000000,1700269199999,1.18973940,28,16203.00000000,0.97868680,0
1700269200000,0.00006030,0.00006050,0.00006030,0.00006050,832.00000000,1700272799999,0.05029440,8,416.00000000,0.02512640,0
1700272800000,0.00006040,0.00006050,0.00006030,0.00006050,11287.00000000,1700276399999,0.68124720,17,430.00000000,0.02600460,0
1700276400000,0.00006030,0.00006040,0.00006000,0.00006020,5561.00000000,1700279999999,0.33507520,24,3306.00000000,0.19927900,0
1700280000000,0.00006030,0.00006050,0.00006030,0.00006040,11931.00000000,1700283599999,0.72166710,17,10555.00000000,0.63854630,0
1700283600000,0.00006040,0.00006050,0.00006010,0.00006010,30417.00000000,1700287199999,1.83415740,36,12373.00000000,0.74600820,0
1700287200000,0.00006020,0.00006020,0.00005980,0.00005980,22632.00000000,1700290799999,1.35548040,27,16810.00000000,1.00688800,0
1700290800000,0.00005970,0.00006040,0.00005960,0.00006040,16345.00000000,1700294399999,0.98191200,40,8358.00000000,0.50123020,0
1700294400000,0.00006040,0.00006050,0.00006030,0.00006040,17645.00000000,1700297999999,1.06552620,31,239.00000000,0.01444290,0
1700298000000,0.00006040,0.00006040,0.00006030,0.00006040,997.00000000,1700301599999,0.06017750,9,584.00000000,0.03526320,0
1700301600000,0.00006030,0.00006040,0.00006030,0.00006040,852.00000000,1700305199999,0.05139640,8,104.00000000,0.00628160,0
1700305200000,0.00006040,0.00006060,0.00006040,0.00006050,23188.00000000,1700308799999,1.40200500,24,12159.00000000,0.73575120,0
1700308800000,0.00006050,0.00006070,0.00006050,0.00006050,15129.00000000,1700312399999,0.91550330,18,2195.00000000,0.13282650,0
1700312400000,0.00006050,0.00006050,0.00006020,0.00006020,1984.00000000,1700315999999,0.11962590,20,1163.00000000,0.07008730,0
1700316000000,0.00006040,0.00006060,0.00006020,0.00006060,5164.00000000,1700319599999,0.31150920,18,2011.00000000,0.12150040,0
1700319600000,0.00006070,0.00006070,0.00006060,0.00006060,10842.00000000,1700323199999,0.65764040,22,300.00000000,0.01818470,0
1700323200000,0.00006050,0.00006050,0.00006010,0.00006010,7152.00000000,1700326799999,0.43132960,15,6112.00000000,0.36859680,0
1700326800000,0.00006000,0.00006020,0.00005990,0.00006020,27265.00000000,1700330399999,1.63983390,27,22744.00000000,1.36881920,0
1700330400000,0.00006020,0.00006040,0.00006020,0.00006040,6461.00000000,1700333999999,0.38898340,9,5167.00000000,0.31108460,0
1700334000000,0.00006040,0.00006060,0.00006040,0.00006050,3103.00000000,1700337599999,0.18763920,13,2102.00000000,0.12713720,0
1700337600000,0.00006050,0.00006060,0.00006050,0.00006060,1205.00000000,1700341199999,0.07300940,5,1069.00000000,0.06477100,0
1700341200000,0.00006060,0.00006070,0.00006050,0.00006060,25217.00000000,1700344799999,1.52566690,22,2420.00000000,0.14642760,0
1700344800000,0.00006070,0.00006090,0.00006060,0.00006080,4923.00000000,1700348399999,0.29909200,21,4191.00000000,0.25462800,0
1700348400000,0.00006090,0.00006090,0.00006070,0.00006070,7712.00000000,1700351999999,0.46870040,15,1770.00000000,0.10765980,0
1700352000000,0.00006070,0.00006070,0.00006040,0.00006050,13223.00000000,1700355599999,0.80006800,18,312.00000000,0.01889680,0
1700355600000,0.00006050,0.00006070,0.00006030,0.00006070,18354.00000000,1700359199999,1.10974990,37,8809.00000000,0.53299590,0
1700359200000,0.00006080,0.00006100,0.00006080,0.00006090,35570.00000000,1700362799999,2.16931950,20,34165.00000000,2.08374460,0
1700362800000,0.00006100,0.00006100,0.00006080,0.00006080,3393.00000000,1700366399999,0.20667810,14,1697.00000000,0.10336050,0
1700366400000,0.00006080,0.00006100,0.00006080,0.00006090,9804.00000000,1700369999999,0.59704600,10,8885.00000000,0.54107890,0
1700370000000,0.00006090,0.00006090,0.00006090,0.00006090,9878.00000000,1700373599999,0.60157020,5,3366.00000000,0.20498940,0
1700373600000,0.00006090,0.00006090,0.00006070,0.00006070,3798.00000000,1700377199999,0.23097360,8,1811.00000000,0.11028990,0
1700377200000,0.00006070,0.00006090,0.00006060,0.00006070,40363.00000000,1700380799999,2.45097060,22,34501.00000000,2.09547660,0
1700380800000,0.00006070,0.00006080,0.00006050,0.00006050,6493.00000000,1700384399999,0.39324120,14,209.00000000,0.01269680,0
1700384400000,0.00006060,0.00006060,0.00006050,0.00006050,506.00000000,1700387999999,0.03066030,4,369.00000000,0.02236140,0
1700388000000,0.00006060,0.00006060,0.00006040,0.00006040,5936.00000000,1700391599999,0.35869520,6,4432.00000000,0.26771360,0
1700391600000,0.00006050,0.00006080,0.00006050,0.00006070,5811.00000000,1700395199999,0.35284940,16,2566.00000000,0.15588830,0
1700395200000,0.00006070,0.00006160,0.00006070,0.00006090,22625.00000000,1700398799999,1.38756250,62,8155.00000000,0.49981320,0
1700398800000,0.00006100,0.00006120,0.00006100,0.00006120,5399.00000000,1700402399999,0.32947420,17,620.00000000,0.03789280,0
1700402400000,0.00006110,0.00006120,0.00006110,0.00006120,1499.00000000,1700405999999,0.09162010,12,1291.00000000,0.07890090,0
1700406000000,0.00006120,0.00006120,0.00006090,0.00006090,23113.00000000,1700409599999,1.41098280,25,8464.00000000,0.51647760,0
1700409600000,0.00006080,0.00006120,0.00006060,0.00006110,6727.00000000,1700413199999,0.40856370,20,979.00000000,0.05958280,0
1700413200000,0.00006110,0.00006110,0.00006060,0.00006070,19292.00000000,1700416799999,1.17388790,38,2811.00000000,0.17090270,0
1700416800000,0.00006070,0.00006100,0.00006070,0.00006090,44041.00000000,1700420399999,2.68417410,42,37733.00000000,2.29978550,0
1700420400000,0.00006090,0.00006100,0.00006090,0.00006100,885.00000000,1700423999999,0.05396420,5,885.00000000,0.05396420,0
1700424000000,0.00006090,0.00006110,0.00006090,0.00006100,10679.00000000,1700427599999,0.65140640,13,7702.00000000,0.47000530,0
1700427600000,0.00006090,0.00006110,0.00006080,0.00006110,45305.00000000,1700431199999,2.76438870,38,29632.00000000,1.80968350,0
1700431200000,0.00006110,0.00006110,0.00006090,0.00006090,12851.00000000,1700434799999,0.78306170,14,4242.00000000,0.25833780,0
1700434800000,0.00006070,0.00006080,0.00006010,0.00006020,31316.00000000,1700438399999,1.89044250,61,15025.00000000,0.90566330,0
1700438400000,0.00006020,0.00006040,0.00006020,0.00006030,9715.00000000,1700441999999,0.58543130,18,4840.00000000,0.29143760,0
1700442000000,0.00006020,0.00006030,0.00006010,0.00006020,8715.00000000,1700445599999,0.52431410,19,624.00000000,0.03757520,0
1700445600000,0.00006010,0.00006030,0.00006000,0.00006000,2488.00000000,1700449199999,0.14983710,13,1831.00000000,0.11035730,0
1700449200000,0.00006020,0.00006020,0.00006010,0.00006010,2857.00000000,1700452799999,0.17196980,10,398.00000000,0.02395960,0
1700452800000,0.00006010,0.00006020,0.00006010,0.00006020,3012.00000000,1700456399999,0.18107490,5,104.00000000,0.00626080,0
1700456400000,0.00006020,0.00006020,0.00006000,0.00006010,33229.00000000,1700459999999,1.99405340,15,1668.00000000,0.10034080,0
1700460000000,0.00006000,0.00006010,0.00006000,0.00006000,1276.00000000,1700463599999,0.07658080,12,728.00000000,0.04369040,0
1700463600000,0.00006000,0.00006000,0.00005980,0.00005980,26128.00000000,1700467199999,1.56402990,22,2789.00000000,0.16685500,0
1700467200000,0.00005980,0.00005990,0.00005970,0.00005970,27812.00000000,1700470799999,1.66539310,25,24791.00000000,1.48495010,0
1700470800000,0.00005980,0.00006000,0.00005960,0.00005960,25033.00000000,1700474399999,1.49729130,37,11156.00000000,0.66809130,0
1700474400000,0.00005950,0.00005980,0.00005950,0.00005980,30389.00000000,1700477999999,1.81514790,27,13280.00000000,0.79409200,0
1700478000000,0.00005970,0.00005980,0.00005960,0.00005960,32672.00000000,1700481599999,1.95129660,27,9787.00000000,0.58445020,0
1700481600000,0.00005970,0.00005980,0.00005960,0.00005970,6523.00000000,1700485199999,0.38942370,13,5071.00000000,0.30284930,0
1700485200000,0.00005980,0.00005980,0.00005960,0.00005970,16981.00000000,1700488799999,1.01436330,20,6288.00000000,0.37548260,0
1700488800000,0.00005980,0.00006020,0.00005960,0.00005960,50595.00000000,1700492399999,3.02528110,57,23612.00000000,1.41383140,0
1700492400000,0.00005960,0.00005960,0.00005920,0.00005920,69742.00000000,1700495999999,4.13931760,67,43749.00000000,2.59763910,0
1700496000000,0.00005920,0.00005940,0.00005910,0.00005930,45146.00000000,1700499599999,2.67176200,35,15914.00000000,0.94342580,0
1700499600000,0.00005920,0.00005940,0.00005860,0.00005860,103819.00000000,1700503199999,6.14258930,103,21184.00000000,1.25704410,0
1700503200000,0.00005880,0.00005910,0.00005860,0.00005870,18409.00000000,1700506799999,1.08368260,43,15167.00000000,0.89316360,0
1700506800000,0.00005870,0.00005880,0.00005860,0.00005880,4385.00000000,1700510399999,0.25749160,18,569.00000000,0.03341560,0
1700510400000,0.00005870,0.00005900,0.00005870,0.00005890,58917.00000000,1700513999999,3.47400780,22,36251.00000000,2.13738120,0
1700514000000,0.00005880,0.00005890,0.00005850,0.00005890,24554.00000000,1700517599999,1.44260910,39,4068.00000000,0.23902120,0
1700517600000,0.00005890,0.00005910,0.00005860,0.00005900,44598.00000000,1700521199999,2.62607520,36,8541.00000000,0.50438440,0
1700521200000,0.00005910,0.00005920,0.00005910,0.00005920,2372.00000000,1700524799999,0.14020770,14,1235.00000000,0.07301100,0
1700524800000,0.00005920,0.00005940,0.00005910,0.00005940,10239.00000000,1700528399999,0.60680500,35,4457.00000000,0.26442740,0
1700528400000,0.00005940,0.00005940,0.00005910,0.00005910,4916.00000000,1700531999999,0.29062920,16,4144.00000000,0.24496240,0
1700532000000,0.00005910,0.00005910,0.00005890,0.00005910,2469.00000000,1700535599999,0.14568910,10,2053.00000000,0.12113470,0
1700535600000,0.00005910,0.00005910,0.00005910,0.00005910,969.00000000,1700539199999,0.05726790,8,235.00000000,0.01388850,0
1700539200000,0.00005920,0.00005930,0.00005920,0.00005920,10601.00000000,1700542799999,0.62798230,12,4343.00000000,0.25750870,0
1700542800000,0.00005930,0.00005930,0.00005910,0.00005910,763.00000000,1700546399999,0.04518790,6,369.00000000,0.02187130,0
1700546400000,0.00005930,0.00005930,0.00005930,0.00005930,472.00000000,1700549999999,0.02798960,5,264.00000000,0.01565520,0
1700550000000,0.00005930,0.00005930,0.00005910,0.00005910,14413.00000000,1700553599999,0.85301670,18,11619.00000000,0.68784480,0
1700553600000,0.00005920,0.00005920,0.00005900,0.00005900,522.00000000,1700557199999,0.03088260,6,104.00000000,0.00615680,0
1700557200000,0.00005910,0.00005940,0.00005910,0.00005930,15913.00000000,1700560799999,0.94349980,28,385.00000000,0.02283780,0
1700560800000,0.00005920,0.00005930,0.00005910,0.00005930,5259.00000000,1700564399999,0.31123830,14,3507.00000000,0.20761710,0
1700564400000,0.00005930,0.00005930,0.00005920,0.00005930,18160.00000000,1700567999999,1.07668420,20,17403.00000000,1.03180940,0
1700568000000,0.00005920,0.00005920,0.00005900,0.00005900,1926.00000000,1700571599999,0.11374640,9,103.00000000,0.00607700,0
1700571600000,0.00005910,0.00005910,0.00005890,0.00005890,24617.00000000,1700575199999,1.45475440,15,24222.00000000,1.43147860,0
1700575200000,0.00005900,0.00005920,0.00005890,0.00005920,19349.00000000,1700578799999,1.14480500,28,15886.00000000,0.94014970,0
1700578800000,0.00005920,0.00005960,0.00005880,0.00005910,96961.00000000,1700582399999,5.73791690,141,65713.00000000,3.89141360,0
1700582400000,0.00005910,0.00005930,0.00005860,0.00005880,63898.00000000,1700585999999,3.76717790,81,28522.00000000,1.68541360,0
1700586000000,0.00005870,0.00005890,0.00005850,0.00005860,51091.00000000,1700589599999,2.99788290,107,32537.00000000,1.90947160,0
1700589600000,0.00005860,0.00005870,0.00005780,0.00005850,133473.00000000,1700593199999,7.77987780,169,66492.00000000,3.88019880,0
1700593200000,0.00005860,0.00005870,0.00005790,0.00005810,22621.00000000,1700596799999,1.32186030,62,4415.00000000,0.25838090,0
1700596800000,0.00005830,0.00005860,0.00005810,0.00005850,23935.00000000,1700600399999,1.39503240,53,6099.00000000,0.35600060,0
1700600400000,0.00005860,0.00005880,0.00005850,0.00005850,11969.00000000,1700603999999,0.70207630,36,8992.00000000,0.52766690,0
1700604000000,0.00005860,0.00005880,0.00005800,0.00005820,51454.00000000,1700607599999,3.00051990,79,26194.00000000,1.52703980,0
1700607600000,0.00005830,0.00005910,0.00005820,0.00005860,29680.00000000,1700611199999,1.73889050,59,23929.00000000,1.40120820,0
1700611200000,0.00005860,0.00005860,0.00005840,0.00005840,56621.00000000,1700614799999,3.31288330,28,6728.00000000,0.39412610,0
1700614800000,0.00005840,0.00005850,0.00005820,0.00005830,11266.00000000,1700618399999,0.65831340,20,312.00000000,0.01822080,0
1700618400000,0.00005830,0.00005840,0.00005820,0.00005830,676702.00000000,1700621999999,39.40867820,70,554670.00000000,32.30406420,0
1700622000000,0.00005820,0.00005830,0.00005810,0.00005830,8232.00000000,1700625599999,0.47909830,15,312.00000000,0.01816880,0
1700625600000,0.00005840,0.00005840,0.00005830,0.00005840,9427.00000000,1700629199999,0.55048130,12,8872.00000000,0.51810400,0
1700629200000,0.00005840,0.00005840,0.00005820,0.00005820,3876.00000000,1700632799999,0.22597450,9,104.00000000,0.00606320,0
1700632800000,0.00005840,0.00005840,0.00005810,0.00005810,28349.00000000,1700636399999,1.65334760,26,22120.00000000,1.29130410,0
1700636400000,0.00005820,0.00005820,0.00005800,0.00005800,6615.00000000,1700639999999,0.38483520,16,5358.00000000,0.31183560,0
1700640000000,0.00005810,0.00005810,0.00005790,0.00005810,26905.00000000,1700643599999,1.56154060,28,14546.00000000,0.84477590,0
1700643600000,0.00005800,0.00005810,0.00005800,0.00005800,19459.00000000,1700647199999,1.12868050,26,820.00000000,0.04756650,0
1700647200000,0.00005790,0.00005800,0.00005750,0.00005750,64988.00000000,1700650799999,3.75477690,61,25844.00000000,1.49635470,0
1700650800000,0.00005750,0.00005760,0.00005740,0.00005760,64918.00000000,1700654399999,3.73591700,36,30767.00000000,1.77214800,0
1700654400000,0.00005770,0.00005770,0.00005750,0.00005750,6247.00000000,1700657999999,0.35978340,13,2038.00000000,0.11740920,0
1700658000000,0.00005750,0.00005760,0.00005710,0.00005740,177050.00000000,1700661599999,10.14646760,61,146869.00000000,8.41641620,0
1700661600000,0.00005750,0.00005790,0.00005750,0.00005760,26227.00000000,1700665199999,1.51274350,33,8691.00000000,0.50120330,0
1700665200000,0.00005750,0.00005760,0.00005710,0.00005710,36333.00000000,1700668799999,2.08612920,47,21471.00000000,1.23312810,0
1700668800000,0.00005710,0.00005730,0.00005680,0.00005700,31767.00000000,1700672399999,1.81200580,37,21864.00000000,1.24757480,0
1700672400000,0.00005700,0.00005720,0.00005700,0.00005710,10313.00000000,1700675999999,0.58886850,14,249.00000000,0.01423650,0
1700676000000,0.00005730,0.00005740,0.00005690,0.00005690,55339.00000000,1700679599999,3.16466840,46,24504.00000000,1.40331710,0
1700679600000,0.00005680,0.00005710,0.00005650,0.00005670,56903.00000000,1700683199999,3.23005780,47,34541.00000000,1.96313080,0
1700683200000,0.00005660,0.00005690,0.00005650,0.00005680,10650.00000000,1700686799999,0.60392250,13,2816.00000000,0.15978210,0
1700686800000,0.00005700,0.00005700,0.00005660,0.00005680,48483.00000000,1700690399999,2.75276400,23,30131.00000000,1.71169880,0
1700690400000,0.00005670,0.00005710,0.00005660,0.00005700,44711.00000000,1700693999999,2.54594100,24,21146.00000000,1.20672480,0
1700694000000,0.00005710,0.00005730,0.00005710,0.00005730,20884.00000000,1700697599999,1.19348820,18,17164.00000000,0.98090710,0
1700697600000,0.00005730,0.00005750,0.00005730,0.00005750,58861.00000000,1700701199999,3.38089760,27,37077.00000000,2.13148480,0
1700701200000,0.00005750,0.00005750,0.00005730,0.00005730,20391.00000000,1700704799999,1.17048740,14,952.00000000,0.05464480,0
1700704800000,0.00005730,0.00005740,0.00005730,0.00005740,447.00000000,1700708399999,0.02563250,3,447.00000000,0.02563250,0
1700708400000,0.00005730,0.00005740,0.00005730,0.00005740,21960.00000000,1700711999999,1.26048790,5,21960.00000000,1.26048790,0
1700712000000,0.00005740,0.00005740,0.00005740,0.00005740,1609.00000000,1700715599999,0.09235660,1,1609.00000000,0.09235660,0
1700715600000,0.00005730,0.00005730,0.00005730,0.00005730,77.00000000,1700719199999,0.00441210,1,0.00000000,0.00000000,0
1700719200000,0.00005730,0.00005730,0.00005730,0.00005730,15573.00000000,1700722799999,0.89233290,8,4466.00000000,0.25590180,0
1700722800000,0.00005740,0.00005750,0.00005700,0.00005710,18040.00000000,1700726399999,1.03106510,25,9249.00000000,0.52810810,0
1700726400000,0.00005710,0.00005710,0.00005690,0.00005700,29281.00000000,1700729999999,1.66907610,19,8784.00000000,0.50068800,0
1700730000000,0.00005690,0.00005700,0.00005660,0.00005680,65178.00000000,1700733599999,3.70093290,49,27284.00000000,1.55065560,0
1700733600000,0.00005680,0.00005700,0.00005680,0.00005690,16827.00000000,1700737199999,0.95657400,20,12643.00000000,0.71867680,0
1700737200000,0.00005700,0.00005740,0.00005700,0.00005710,47103.00000000,1700740799999,2.69589700,33,19381.00000000,1.10973040,0
1700740800000,0.00005690,0.00005690,0.00005680,0.00005690,45396.00000000,1700744399999,2.57984390,38,21589.00000000,1.22747060,0
1700744400000,0.00005670,0.00005690,0.00005660,0.00005670,17156.00000000,1700747999999,0.97339600,31,5882.00000000,0.33416540,0
1700748000000,0.00005660,0.00005660,0.00005630,0.00005640,93007.00000000,1700751599999,5.25514210,81,61032.00000000,3.44866860,0
1700751600000,0.00005630,0.00005710,0.00005630,0.00005700,47693.00000000,1700755199999,2.70535460,31,21498.00000000,1.21983520,0
1700755200000,0.00005710,0.00005710,0.00005670,0.00005680,23246.00000000,1700758799999,1.32049620,15,8117.00000000,0.46190370,0
1700758800000,0.00005690,0.00005700,0.00005690,0.00005690,2796.00000000,1700762399999,0.15928790,6,2251.00000000,0.12827740,0
1700762400000,0.00005680,0.00005690,0.00005670,0.00005670,10501.00000000,1700765999999,0.59659700,6,5927.00000000,0.33724630,0
1700766000000,0.00005660,0.00005660,0.00005660,0.00005660,3000.00000000,1700769599999,0.16980000,3,0.00000000,0.00000000,0
1700769600000,0.00005670,0.00005690,0.00005660,0.00005660,32148.00000000,1700773199999,1.82398580,20,15410.00000000,0.87416540,0
1700773200000,0.00005650,0.00005670,0.00005650,0.00005660,15738.00000000,1700776799999,0.89058990,16,9347.00000000,0.52880160,0
1700776800000,0.00005660,0.00005680,0.00005660,0.00005670,13418.00000000,1700780399999,0.76072980,14,6903.00000000,0.39137410,0
1700780400000,0.00005670,0.00005680,0.00005670,0.00005680,15448.00000000,1700783999999,0.87716360,9,10211.00000000,0.57991580,0
1700784000000,0.00005680,0.00005690,0.00005670,0.00005690,27055.00000000,1700787599999,1.53637410,21,201.00000000,0.01143690,0
1700787600000,0.00005670,0.00005680,0.00005670,0.00005670,35075.00000000,1700791199999,1.98967340,17,21738.00000000,1.23313060,0
1700791200000,0.00005670,0.00005670,0.00005670,0.00005670,10663.00000000,1700794799999,0.60459210,7,169.00000000,0.00958230,0
1700794800000,0.00005680,0.00005680,0.00005670,0.00005680,1375.00000000,1700798399999,0.07807480,5,1123.00000000,0.06378640,0
1700798400000,0.00005670,0.00005670,0.00005650,0.00005660,22668.00000000,1700801999999,1.28305630,14,16823.00000000,0.95218180,0
1700802000000,0.00005660,0.00005670,0.00005660,0.00005660,16146.00000000,1700805599999,0.91482500,10,6050.00000000,0.34243000,0
1700805600000,0.00005660,0.00005680,0.00005660,0.00005660,9639.00000000,1700809199999,0.54728990,14,2560.00000000,0.14525710,0
1700809200000,0.00005670,0.00005680,0.00005670,0.00005670,25347.00000000,1700812799999,1.43852130,17,11076.00000000,0.62800920,0
1700812800000,0.00005670,0.00005670,0.00005650,0.00005660,33757.00000000,1700816399999,1.91150280,17,17325.00000000,0.98147350,0
1700816400000,0.00005650,0.00005650,0.00005590,0.00005610,68393.00000000,1700819999999,3.83837230,62,16988.00000000,0.95350170,0
1700820000000,0.00005600,0.00005620,0.00005580,0.00005600,42437.00000000,1700823599999,2.37658250,34,21569.00000000,1.20851490,0
1700823600000,0.00005610,0.00005630,0.00005600,0.00005630,28199.00000000,1700827199999,1.58270980,21,15551.00000000,0.87387190,0
1700827200000,0.00005630,0.00005650,0.00005620,0.00005620,14691.00000000,1700830799999,0.82677430,21,2079.00000000,0.11708000,0
1700830800000,0.00005620,0.00005620,0.00005590,0.00005600,5587.00000000,1700834399999,0.31244270,6,5445.00000000,0.30449920,0
1700834400000,0.00005600,0.00005600,0.00005550,0.00005550,31907.00000000,1700837999999,1.77619970,34,7846.00000000,0.43716830,0
1700838000000,0.00005560,0.00005590,0.00005560,0.00005590,48959.00000000,1700841599999,2.72870390,34,33634.00000000,1.87523220,0
1700841600000,0.00005600,0.00005630,0.00005590,0.00005620,105636.00000000,1700845199999,5.92407920,54,58113.00000000,3.26006070,0
1700845200000,0.00005610,0.00005620,0.00005610,0.00005610,13702.00000000,1700848799999,0.76983490,11,3360.00000000,0.18883200,0
1700848800000,0.00005630,0.00005650,0.00005630,0.00005640,18885.00000000,1700852399999,1.06595300,11,10613.00000000,0.59859600,0
1700852400000,0.00005650,0.00005660,0.00005640,0.00005660,14107.00000000,1700855999999,0.79671460,14,5879.00000000,0.33203260,0
1700856000000,0.00005670,0.00005690,0.00005660,0.00005670,4013.00000000,1700859599999,0.22719540,14,2246.00000000,0.12717440,0
1700859600000,0.00005650,0.00005660,0.00005650,0.00005660,6425.00000000,1700863199999,0.36318140,7,4736.00000000,0.26758400,0
1700863200000,0.00005660,0.00005690,0.00005660,0.00005680,25821.00000000,1700866799999,1.46400100,18,14312.00000000,0.81207010,0
1700866800000,0.00005680,0.00005680,0.00005660,0.00005660,10199.00000000,1700870399999,0.57835450,11,4030.00000000,0.22873400,0
1700870400000,0.00005650,0.00005690,0.00005640,0.00005690,10621.00000000,1700873999999,0.60344760,12,8487.00000000,0.48270670,0
1700874000000,0.00005690,0.00005730,0.00005690,0.00005710,31987.00000000,1700877599999,1.82416700,27,12581.00000000,0.71897200,0
1700877600000,0.00005720,0.00005730,0.00005710,0.00005710,23311.00000000,1700881199999,1.33375650,25,11729.00000000,0.67131460,0
1700881200000,0.00005720,0.00005720,0.00005710,0.00005710,1473.00000000,1700884799999,0.08424550,2,1372.00000000,0.07847840,0
1700884800000,0.00005710,0.00005740,0.00005710,0.00005740,6543.00000000,1700888399999,0.37378260,6,2646.00000000,0.15126390,0
1700888400000,0.00005740,0.00005740,0.00005740,0.00005740,7731.00000000,1700891999999,0.44375940,5,2218.00000000,0.12731320,0
1700892000000,0.00005740,0.00005750,0.00005740,0.00005750,1675.00000000,1700895599999,0.09618320,9,382.00000000,0.02196500,0
1700895600000,0.00005740,0.00005760,0.00005740,0.00005760,17153.00000000,1700899199999,0.98669900,24,7710.00000000,0.44334540,0
1700899200000,0.00005770,0.00005780,0.00005770,0.00005780,4557.00000000,1700902799999,0.26309200,10,4557.00000000,0.26309200,0
1700902800000,0.00005770,0.00005790,0.00005750,0.00005760,11189.00000000,1700906399999,0.64562520,20,5653.00000000,0.32593560,0
1700906400000,0.00005770,0.00005810,0.00005770,0.00005800,9676.00000000,1700909999999,0.56120640,29,3064.00000000,0.17771040,0
1700910000000,0.00005790,0.00005810,0.00005780,0.00005810,27662.00000000,1700913599999,1.60432820,30,10486.00000000,0.60830390,0
1700913600000,0.00005820,0.00005850,0.00005810,0.00005830,12585.00000000,1700917199999,0.73385180,32,8690.00000000,0.50681370,0
1700917200000,0.00005830,0.00005830,0.00005800,0.00005820,6988.00000000,1700920799999,0.40685250,17,5462.00000000,0.31824110,0
1700920800000,0.00005810,0.00005820,0.00005800,0.00005820,2079.00000000,1700924399999,0.12073180,12,520.00000000,0.03025360,0
1700924400000,0.00005810,0.00005820,0.00005790,0.00005790,15027.00000000,1700927999999,0.87181110,21,2172.00000000,0.12600780,0
1700928000000,0.00005800,0.00005800,0.00005770,0.00005770,16275.00000000,1700931599999,0.94020840,22,7020.00000000,0.40603600,0
1700931600000,0.00005780,0.00005790,0.00005780,0.00005790,1854.00000000,1700935199999,0.10725500,7,340.00000000,0.01965480,0
1700935200000,0.00005780,0.00005780,0.00005780,0.00005780,1272.00000000,1700938799999,0.07352160,5,0.00000000,0.00000000,0
1700938800000,0.00005780,0.00005780,0.00005760,0.00005760,6853.00000000,1700942399999,0.39499100,17,2166.00000000,0.12497820,0
1700942400000,0.00005760,0.00005770,0.00005750,0.00005760,7223.00000000,1700945999999,0.41633780,13,6543.00000000,0.37718500,0
1700946000000,0.00005770,0.00005780,0.00005770,0.00005780,312.00000000,1700949599999,0.01802320,3,208.00000000,0.01201200,0
1700949600000,0.00005770,0.00005790,0.00005770,0.00005790,10911.00000000,1700953199999,0.63078350,12,8318.00000000,0.48091710,0
1700953200000,0.00005790,0.00005810,0.00005770,0.00005810,19942.00000000,1700956799999,1.15443760,20,4788.00000000,0.27805960,0
1700956800000,0.00005810,0.00005830,0.00005790,0.00005820,15055.00000000,1700960399999,0.87461580,15,10881.00000000,0.63220690,0
1700960400000,0.00005820,0.00005830,0.00005810,0.00005820,20411.00000000,1700963999999,1.18780270,17,3413.00000000,0.19864490,0
1700964000000,0.00005820,0.00005820,0.00005810,0.00005810,2558.00000000,1700967599999,0.14884930,6,104.00000000,0.00604240,0
1700967600000,0.00005830,0.00005830,0.00005800,0.00005800,1153.00000000,1700971199999,0.06694040,10,142.00000000,0.00826080,0
1700971200000,0.00005800,0.00005820,0.00005790,0.00005820,1946.00000000,1700974799999,0.11302260,18,1529.00000000,0.08880980,0
1700974800000,0.00005810,0.00005820,0.00005810,0.00005820,918.00000000,1700978399999,0.05338120,14,552.00000000,0.03210620,0
1700978400000,0.00005830,0.00005830,0.00005800,0.00005810,5109.00000000,1700981999999,0.29639050,15,837.00000000,0.04860410,0
1700982000000,0.00005790,0.00005790,0.00005780,0.00005790,13724.00000000,1700985599999,0.79375770,22,9202.00000000,0.53236530,0
1700985600000,0.00005780,0.00005780,0.00005760,0.00005760,18380.00000000,1700989199999,1.05948030,30,9520.00000000,0.54862580,0
1700989200000,0.00005750,0.00005770,0.00005700,0.00005770,283633.00000000,1700992799999,16.21495700,72,173190.00000000,9.88690570,0
1700992800000,0.00005760,0.00005910,0.00005760,0.00005880,145259.00000000,1700996399999,8.47515610,103,132689.00000000,7.74153030,0
1700996400000,0.00005870,0.00005880,0.00005830,0.00005860,87120.00000000,1700999999999,5.11071970,76,16688.00000000,0.97611450,0
1701000000000,0.00005860,0.00005910,0.00005860,0.00005890,80075.00000000,1701003599999,4.71581530,67,48956.00000000,2.88260620,0
1701003600000,0.00005900,0.00005900,0.00005840,0.00005860,41168.00000000,1701007199999,2.41353450,44,7357.00000000,0.43016470,0
1701007200000,0.00005860,0.00005910,0.00005860,0.00005890,25484.00000000,1701010799999,1.49919010,44,6148.00000000,0.36174290,0
1701010800000,0.00005890,0.00005920,0.00005860,0.00005860,44673.00000000,1701014399999,2.63534910,75,23813.00000000,1.40586020,0
1701014400000,0.00005860,0.00005880,0.00005820,0.00005880,43216.00000000,1701017999999,2.53243120,68,24248.00000000,1.42019070,0
1701018000000,0.00005890,0.00005910,0.00005860,0.00005860,17561.00000000,1701021599999,1.03341930,33,9350.00000000,0.55154910,0
1701021600000,0.00005850,0.00005870,0.00005850,0.00005860,6697.00000000,1701025199999,0.39276990,11,4977.00000000,0.29212910,0
1701025200000,0.00005850,0.00005860,0.00005850,0.00005860,2328.00000000,1701028799999,0.13629060,19,1890.00000000,0.11064460,0
1701028800000,0.00005860,0.00005870,0.00005810,0.00005810,26284.00000000,1701032399999,1.53659540,38,10365.00000000,0.60782260,0
1701032400000,0.00005830,0.00005840,0.00005810,0.00005820,3447.00000000,1701035999999,0.20057000,18,1131.00000000,0.06592720,0
1701036000000,0.00005820,0.00005820,0.00005810,0.00005820,3619.00000000,1701039599999,0.21047020,9,2751.00000000,0.16003940,0
1701039600000,0.00005820,0.00005830,0.00005810,0.00005810,12432.00000000,1701043199999,0.72334420,21,10685.00000000,0.62177410,0
1701043200000,0.00005810,0.00005830,0.00005800,0.00005800,43437.00000000,1701046799999,2.52524830,40,15278.00000000,0.88739390,0
1701046800000,0.00005800,0.00005800,0.00005780,0.00005780,10390.00000000,1701050399999,0.60154740,19,8084.00000000,0.46821900,0
1701050400000,0.00005770,0.00005790,0.00005770,0.00005790,18824.00000000,1701053999999,1.08839980,19,9005.00000000,0.51995330,0
1701054000000,0.00005790,0.00005790,0.00005760,0.00005780,22615.00000000,1701057599999,1.30539000,21,10571.00000000,0.61100380,0
1701057600000,0.00005770,0.00005770,0.00005760,0.00005760,1003.00000000,1701061199999,0.05781440,9,416.00000000,0.02399280,0
1701061200000,0.00005760,0.00005760,0.00005730,0.00005750,11771.00000000,1701064799999,0.67623770,23,3670.00000000,0.21100090,0
1701064800000,0.00005740,0.00005740,0.00005730,0.00005740,4225.00000000,1701068399999,0.24248610,8,2488.00000000,0.14281120,0
1701068400000,0.00005740,0.00005740,0.00005720,0.00005740,14532.00000000,1701071999999,0.83201650,14,4931.00000000,0.28281530,0
1701072000000,0.00005720,0.00005720,0.00005700,0.00005710,10682.00000000,1701075599999,0.60979820,13,4206.00000000,0.24021950,0
1701075600000,0.00005700,0.00005720,0.00005700,0.00005720,8475.00000000,1701079199999,0.48429130,7,3999.00000000,0.22874280,0
1701079200000,0.00005720,0.00005760,0.00005710,0.00005740,35466.00000000,1701082799999,2.03374600,40,19729.00000000,1.13081480,0
1701082800000,0.00005750,0.00005760,0.00005730,0.00005760,25482.00000000,1701086399999,1.46435440,25,12629.00000000,0.72614250,0
1701086400000,0.00005760,0.00005760,0.00005730,0.00005740,35387.00000000,1701089999999,2.03151600,30,20774.00000000,1.19258650,0
1701090000000,0.00005750,0.00005760,0.00005750,0.00005750,26039.00000000,1701093599999,1.49880020,34,17345.00000000,0.99862000,0
1701093600000,0.00005750,0.00005750,0.00005730,0.00005730,15471.00000000,1701097199999,0.88736540,14,2638.00000000,0.15143250,0
1701097200000,0.00005720,0.00005760,0.00005710,0.00005760,25087.00000000,1701100799999,1.43830780,24,10998.00000000,0.63109430,0
1701100800000,0.00005750,0.00005760,0.00005750,0.00005750,29598.00000000,1701104399999,1.70412390,31,9659.00000000,0.55588800,0
1701104400000,0.00005750,0.00005750,0.00005740,0.00005750,3567.00000000,1701107999999,0.20498770,11,2257.00000000,0.12976710,0
1701108000000,0.00005750,0.00005750,0.00005750,0.00005750,8535.00000000,1701111599999,0.49076250,5,8489.00000000,0.48811750,0
1701111600000,0.00005750,0.00005780,0.00005740,0.00005770,31157.00000000,1701115199999,1.79833890,26,21542.00000000,1.24298950,0
1701115200000,0.00005780,0.00005790,0.00005750,0.00005750,33278.00000000,1701118799999,1.92199390,30,21666.00000000,1.25208710,0
1701118800000,0.00005750,0.00005760,0.00005740,0.00005740,1026.00000000,1701122399999,0.05893760,9,278.00000000,0.01599200,0
1701122400000,0.00005750,0.00005770,0.00005740,0.00005740,18265.00000000,1701125999999,1.04971220,14,9864.00000000,0.56709660,0
1701126000000,0.00005740,0.00005740,0.00005740,0.00005740,4851.00000000,1701129599999,0.27844740,5,2613.00000000,0.14998620,0
1701129600000,0.00005750,0.00005750,0.00005730,0.00005750,14073.00000000,1701133199999,0.80748950,12,312.00000000,0.01792960,0
1701133200000,0.00005760,0.00005770,0.00005750,0.00005770,9355.00000000,1701136799999,0.53821740,15,9017.00000000,0.51873560,0
1701136800000,0.00005770,0.00005770,0.00005760,0.00005760,3520.00000000,1701140399999,0.20292290,3,0.00000000,0.00000000,0
1701140400000,0.00005760,0.00005760,0.00005760,0.00005760,932.00000000,1701143999999,0.05368320,2,0.00000000,0.00000000,0
1701144000000,0.00005760,0.00005770,0.00005740,0.00005740,19820.00000000,1701147599999,1.14053940,16,19337.00000000,1.11275180,0
1701147600000,0.00005740,0.00005770,0.00005730,0.00005770,16960.00000000,1701151199999,0.97547730,18,15042.00000000,0.86538410,0
1701151200000,0.00005780,0.00005780,0.00005760,0.00005780,47166.00000000,1701154799999,2.72350770,36,30751.00000000,1.77650600,0
1701154800000,0.00005780,0.00005780,0.00005750,0.00005760,17749.00000000,1701158399999,1.02374590,18,468.00000000,0.02702960,0
1701158400000,0.00005770,0.00005770,0.00005760,0.00005770,8282.00000000,1701161999999,0.47779580,12,7123.00000000,0.41099710,0
1701162000000,0.00005770,0.00005790,0.00005770,0.00005780,16210.00000000,1701165599999,0.93686040,24,13693.00000000,0.79157020,0
1701165600000,0.00005780,0.00005790,0.00005780,0.00005790,4786.00000000,1701169199999,0.27704930,8,1314.00000000,0.07602050,0
1701169200000,0.00005790,0.00005790,0.00005780,0.00005790,20080.00000000,1701172799999,1.16262980,19,8648.00000000,0.50071920,0
1701172800000,0.00005780,0.00005800,0.00005780,0.00005780,9161.00000000,1701176399999,0.53011120,18,7156.00000000,0.41404030,0
1701176400000,0.00005780,0.00005790,0.00005730,0.00005770,55228.00000000,1701179999999,3.18093460,32,6479.00000000,0.37446940,0
1701180000000,0.00005770,0.00005780,0.00005760,0.00005770,12732.00000000,1701183599999,0.73444640,13,7488.00000000,0.43230310,0
1701183600000,0.00005780,0.00005780,0.00005760,0.00005770,18876.00000000,1701187199999,1.08896810,15,5454.00000000,0.31494400,0
1701187200000,0.00005770,0.00005770,0.00005730,0.00005730,23178.00000000,1701190799999,1.33077590,30,9894.00000000,0.56755670,0
1701190800000,0.00005740,0.00005740,0.00005710,0.00005720,19892.00000000,1701194399999,1.13956010,21,10178.00000000,0.58320400,0
1701194400000,0.00005720,0.00005740,0.00005720,0.00005740,9790.00000000,1701197999999,0.56157970,7,7074.00000000,0.40604760,0
1701198000000,0.00005750,0.00005750,0.00005730,0.00005730,4475.00000000,1701201599999,0.25669530,10,2608.00000000,0.14970580,0
1701201600000,0.00005730,0.00005750,0.00005720,0.00005750,7128.00000000,1701205199999,0.40885760,12,4650.00000000,0.26675190,0
1701205200000,0.00005750,0.00005760,0.00005750,0.00005760,28327.00000000,1701208799999,1.63008050,20,14266.00000000,0.82105650,0
1701208800000,0.00005770,0.00005780,0.00005770,0.00005770,1342.00000000,1701212399999,0.07743630,6,398.00000000,0.02296750,0
1701212400000,0.00005770,0.00005780,0.00005770,0.00005780,10735.00000000,1701215999999,0.61944370,13,10527.00000000,0.60743170,0
1701216000000,0.00005790,0.00005800,0.00005780,0.00005780,12088.00000000,1701219599999,0.69991120,11,11906.00000000,0.68938120,0
1701219600000,0.00005780,0.00005780,0.00005760,0.00005770,3436.00000000,1701223199999,0.19841830,12,520.00000000,0.03001440,0
1701223200000,0.00005780,0.00005780,0.00005780,0.00005780,928.00000000,1701226799999,0.05363840,4,720.00000000,0.04161600,0
1701226800000,0.00005780,0.00005790,0.00005770,0.00005790,10159.00000000,1701230399999,0.58625150,23,9847.00000000,0.56822830,0
1701230400000,0.00005780,0.00005780,0.00005770,0.00005780,520.00000000,1701233999999,0.03003520,5,104.00000000,0.00601120,0
1701234000000,0.00005780,0.00005780,0.00005760,0.00005770,3512.00000000,1701237599999,0.20267360,11,1226.00000000,0.07076100,0
1701237600000,0.00005770,0.00005780,0.00005770,0.00005770,3764.00000000,1701241199999,0.21719280,4,3556.00000000,0.20519120,0
1701241200000,0.00005760,0.00005770,0.00005760,0.00005770,1215.00000000,1701244799999,0.07008970,10,901.00000000,0.05198250,0
1701244800000,0.00005780,0.00005780,0.00005760,0.00005760,4895.00000000,1701248399999,0.28232200,14,437.00000000,0.02525860,0
1701248400000,0.00005760,0.00005780,0.00005760,0.00005770,22582.00000000,1701251999999,1.30438370,34,8639.00000000,0.49890430,0
1701252000000,0.00005770,0.00005790,0.00005760,0.00005790,4153.00000000,1701255599999,0.23995040,18,1546.00000000,0.08942770,0
1701255600000,0.00005800,0.00005810,0.00005790,0.00005810,17024.00000000,1701259199999,0.98740480,19,16676.00000000,0.96723480,0
1701259200000,0.00005810,0.00005820,0.00005800,0.00005810,20459.00000000,1701262799999,1.18904120,24,6501.00000000,0.37820550,0
1701262800000,0.00005820,0.00005830,0.00005800,0.00005820,1619.00000000,1701266399999,0.09421090,19,683.00000000,0.03977730,0
1701266400000,0.00005840,0.00005840,0.00005810,0.00005830,23842.00000000,1701269999999,1.39087080,30,11151.00000000,0.65099590,0
1701270000000,0.00005840,0.00005850,0.00005820,0.00005840,29859.00000000,1701273599999,1.74295400,49,11657.00000000,0.68078370,0
1701273600000,0.00005840,0.00005880,0.00005840,0.00005860,30194.00000000,1701277199999,1.76977660,57,13941.00000000,0.81699710,0
1701277200000,0.00005860,0.00005880,0.00005860,0.00005860,11451.00000000,1701280799999,0.67251260,16,9389.00000000,0.55159080,0
1701280800000,0.00005850,0.00005860,0.00005840,0.00005850,32749.00000000,1701284399999,1.91508400,28,8919.00000000,0.52219180,0
1701284400000,0.00005850,0.00005850,0.00005790,0.00005840,132881.00000000,1701287999999,7.74099450,87,39742.00000000,2.32144120,0
1701288000000,0.00005850,0.00005860,0.00005840,0.00005860,7006.00000000,1701291599999,0.40999090,10,4575.00000000,0.26765430,0
1701291600000,0.00005850,0.00005860,0.00005830,0.00005830,41088.00000000,1701295199999,2.40113680,24,6952.00000000,0.40718770,0
1701295200000,0.00005840,0.00005840,0.00005830,0.00005840,21765.00000000,1701298799999,1.27106560,11,21557.00000000,1.25892880,0
1701298800000,0.00005840,0.00005850,0.00005840,0.00005850,979.00000000,1701302399999,0.05719870,17,979.00000000,0.05719870,0
1701302400000,0.00005840,0.00005870,0.00005840,0.00005870,9968.00000000,1701305999999,0.58411580,19,8822.00000000,0.51704380,0
1701306000000,0.00005870,0.00005880,0.00005870,0.00005870,7179.00000000,1701309599999,0.42204700,10,1884.00000000,0.11076880,0
1701309600000,0.00005860,0.00005860,0.00005850,0.00005850,11363.00000000,1701313199999,0.66551910,11,0.00000000,0.00000000,0
1701313200000,0.00005840,0.00005840,0.00005840,0.00005840,5366.00000000,1701316799999,0.31337440,8,4422.00000000,0.25824480,0
1701316800000,0.00005830,0.00005840,0.00005820,0.00005830,43041.00000000,1701320399999,2.50926190,44,10650.00000000,0.62115080,0
1701320400000,0.00005840,0.00005840,0.00005830,0.00005830,9976.00000000,1701323999999,0.58197100,12,6418.00000000,0.37452920,0
1701324000000,0.00005830,0.00005840,0.00005830,0.00005830,2813.00000000,1701327599999,0.16421700,8,2295.00000000,0.13400720,0
1701327600000,0.00005840,0.00005880,0.00005840,0.00005850,32003.00000000,1701331199999,1.87839220,28,27443.00000000,1.61082680,0
1701331200000,0.00005860,0.00005860,0.00005830,0.00005850,30732.00000000,1701334799999,1.79693440,40,25388.00000000,1.48491930,0
1701334800000,0.00005850,0.00005850,0.00005840,0.00005850,5825.00000000,1701338399999,0.34073130,10,1632.00000000,0.09547200,0
1701338400000,0.00005850,0.00005860,0.00005850,0.00005860,8043.00000000,1701341999999,0.47059860,9,831.00000000,0.04869660,0
1701342000000,0.00005860,0.00005870,0.00005850,0.00005850,15668.00000000,1701345599999,0.91834280,9,15356.00000000,0.90007000,0
1701345600000,0.00005840,0.00005840,0.00005830,0.00005840,416.00000000,1701349199999,0.02427360,6,208.00000000,0.01213680,0
1701349200000,0.00005840,0.00005840,0.00005830,0.00005840,7440.00000000,1701352799999,0.43387340,12,5920.00000000,0.34522620,0
1701352800000,0.00005840,0.00005860,0.00005840,0.00005850,4319.00000000,1701356399999,0.25250200,16,2477.00000000,0.14475540,0
1701356400000,0.00005860,0.00005860,0.00005850,0.00005860,16994.00000000,1701359999999,0.99582320,29,3956.00000000,0.23182160,0
1701360000000,0.00005860,0.00005860,0.00005830,0.00005830,31628.00000000,1701363599999,1.84868300,28,17185.00000000,1.00537980,0
1701363600000,0.00005820,0.00005820,0.00005790,0.00005820,28955.00000000,1701367199999,1.68023170,29,18297.00000000,1.06146160,0
1701367200000,0.00005820,0.00005820,0.00005800,0.00005800,782.00000000,1701370799999,0.04543420,6,470.00000000,0.02730700,0
1701370800000,0.00005800,0.00005800,0.00005780,0.00005790,5168.00000000,1701374399999,0.29970280,12,104.00000000,0.00603200,0
1701374400000,0.00005780,0.00005780,0.00005770,0.00005780,15363.00000000,1701377999999,0.88797630,11,2078.00000000,0.12010840,0
1701378000000,0.00005780,0.00005780,0.00005770,0.00005770,664.00000000,1701381599999,0.03836090,9,65.00000000,0.00375700,0
1701381600000,0.00005770,0.00005790,0.00005770,0.00005790,7279.00000000,1701385199999,0.42003130,9,217.00000000,0.01255390,0
1701385200000,0.00005780,0.00005780,0.00005770,0.00005770,208.00000000,1701388799999,0.01201200,2,0.00000000,0.00000000,0
