1688169600000,0.00974000,0.00980000,0.00965000,0.00966000,744.92200000,1688173199999,7.23707866,82,615.18300000,5.97566509,0
1688173200000,0.00969000,0.00969000,0.00960000,0.00963000,812.63800000,1688176799999,7.84384596,112,542.13900000,5.23699294,0
1688176800000,0.00964000,0.00964000,0.00946000,0.00946000,504.36500000,1688180399999,4.80958860,96,238.50700000,2.27828262,0
1688180400000,0.00947000,0.00956000,0.00947000,0.00954000,249.97200000,1688183999999,2.38488613,26,56.08900000,0.53440181,0
1688184000000,0.00954000,0.00954000,0.00939000,0.00941000,1176.82800000,1688187599999,11.11414333,84,138.93100000,1.31292975,0
1688187600000,0.00940000,0.00943000,0.00933000,0.00942000,744.22200000,1688191199999,6.97700417,56,131.59600000,1.23676069,0
1688191200000,0.00943000,0.00955000,0.00942000,0.00954000,484.71600000,1688194799999,4.59549227,65,407.32600000,3.86307100,0
1688194800000,0.00955000,0.00963000,0.00950000,0.00961000,541.25600000,1688198399999,5.18169035,78,183.83900000,1.76010715,0
1688198400000,0.00960000,0.00964000,0.00955000,0.00961000,252.90900000,1688201999999,2.42995709,52,150.55000000,1.44793208,0
1688202000000,0.00964000,0.00964000,0.00960000,0.00962000,658.62300000,1688205599999,6.33806646,44,229.53500000,2.21157805,0
1688205600000,0.00962000,0.00962000,0.00950000,0.00951000,949.87800000,1688209199999,9.08391050,65,604.56700000,5.78388028,0
1688209200000,0.00949000,0.00954000,0.00946000,0.00954000,299.69400000,1688212799999,2.84547512,47,130.40200000,1.23926110,0
1688212800000,0.00954000,0.00959000,0.00952000,0.00957000,146.96400000,1688216399999,1.40569955,32,113.01700000,1.08128897,0
1688216400000,0.00956000,0.00962000,0.00953000,0.00957000,173.08900000,1688219999999,1.65532413,45,114.82300000,1.09870980,0
1688220000000,0.00957000,0.00961000,0.00956000,0.00957000,208.44300000,1688223599999,1.99709044,32,77.54500000,0.74382451,0
1688223600000,0.00958000,0.00958000,0.00953000,0.00958000,174.49600000,1688227199999,1.66998085,31,130.49000000,1.24964832,0
1688227200000,0.00958000,0.00961000,0.00952000,0.00955000,2306.88600000,1688230799999,22.06647655,84,1323.72300000,12.66132314,0
1688230800000,0.00955000,0.00958000,0.00952000,0.00954000,531.15400000,1688234399999,5.07321343,31,185.76900000,1.77608109,0
1688234400000,0.00955000,0.00958000,0.00955000,0.00957000,91.87000000,1688237999999,0.87843004,17,48.54500000,0.46441222,0
1688238000000,0.00958000,0.00959000,0.00952000,0.00953000,210.76700000,1688241599999,2.01433398,32,45.70400000,0.43617589,0
1688241600000,0.00955000,0.00958000,0.00954000,0.00958000,328.95500000,1688245199999,3.14263426,17,181.03600000,1.73050657,0
1688245200000,0.00957000,0.00959000,0.00955000,0.00957000,175.56800000,1688248799999,1.67945930,14,98.62300000,0.94399951,0
1688248800000,0.00958000,0.00959000,0.00955000,0.00959000,250.99500000,1688252399999,2.40128930,18,192.57100000,1.84279949,0
1688252400000,0.00959000,0.00973000,0.00959000,0.00971000,335.32900000,1688255999999,3.23364991,48,330.26600000,3.18488765,0
1688256000000,0.00974000,0.00982000,0.00966000,0.00972000,408.96800000,1688259599999,3.98759805,116,199.80200000,1.95246965,0
1688259600000,0.00974000,0.00979000,0.00968000,0.00972000,65.62100000,1688263199999,0.63955672,27,24.12200000,0.23545395,0
1688263200000,0.00969000,0.00980000,0.00968000,0.00969000,333.21600000,1688266799999,3.24931493,52,216.82700000,2.11988958,0
1688266800000,0.00971000,0.00987000,0.00971000,0.00980000,274.04800000,1688270399999,2.69115532,73,189.52600000,1.86257858,0
1688270400000,0.00982000,0.01018000,0.00971000,0.01008000,2656.30400000,1688273999999,26.36047550,274,1918.40000000,19.03042591,0
1688274000000,0.01008000,0.01013000,0.00985000,0.00988000,2003.38900000,1688277599999,20.02265750,183,322.04900000,3.21754189,0
1688277600000,0.00987000,0.00996000,0.00987000,0.00992000,366.38300000,1688281199999,3.64200259,38,221.52300000,2.20236879,0
1688281200000,0.00991000,0.01005000,0.00991000,0.01005000,468.50300000,1688284799999,4.67714059,53,379.10100000,3.78210738,0
1688284800000,0.01003000,0.01010000,0.00998000,0.00998000,663.84300000,1688288399999,6.67362976,69,495.53900000,4.98589311,0
1688288400000,0.01000000,0.01008000,0.00996000,0.01002000,487.18200000,1688291999999,4.87686323,49,61.61300000,0.61680849,0
1688292000000,0.01005000,0.01013000,0.00993000,0.00996000,2694.65200000,1688295599999,27.14724781,172,1499.84300000,15.15370768,0
1688295600000,0.00996000,0.01000000,0.00990000,0.00992000,621.90400000,1688299199999,6.17716023,57,120.96700000,1.20583915,0
1688299200000,0.00991000,0.00998000,0.00986000,0.00987000,1734.66800000,1688302799999,17.20621890,78,1108.61900000,11.00755026,0
1688302800000,0.00988000,0.00989000,0.00985000,0.00988000,438.56000000,1688306399999,4.32853111,43,261.61000000,2.58374026,0
1688306400000,0.00987000,0.00996000,0.00986000,0.00992000,727.32100000,1688309999999,7.19758780,53,491.12500000,4.86255857,0
1688310000000,0.00993000,0.01011000,0.00993000,0.01005000,1786.62800000,1688313599999,17.87924087,173,1126.64400000,11.28032338,0
1688313600000,0.01008000,0.01016000,0.01002000,0.01013000,248.58200000,1688317199999,2.50967961,74,95.73600000,0.96835696,0
1688317200000,0.01015000,0.01015000,0.01000000,0.01004000,964.72000000,1688320799999,9.71523633,81,219.79200000,2.22136909,0
1688320800000,0.01005000,0.01015000,0.01004000,0.01014000,703.82000000,1688324399999,7.10140949,65,509.69000000,5.14408324,0
1688324400000,0.01012000,0.01013000,0.01007000,0.01013000,2250.05700000,1688327999999,22.71047510,123,2197.28600000,22.17728882,0
1688328000000,0.01013000,0.01022000,0.01010000,0.01015000,1710.66000000,1688331599999,17.38978187,138,711.18000000,7.22844341,0
1688331600000,0.01015000,0.01015000,0.01011000,0.01014000,77.99000000,1688335199999,0.78975879,32,22.98900000,0.23300470,0
1688335200000,0.01013000,0.01013000,0.01002000,0.01004000,1407.78100000,1688338799999,14.16192460,107,954.27400000,9.59883566,0
1688338800000,0.01004000,0.01009000,0.01003000,0.01004000,773.50700000,1688342399999,7.79594118,30,664.90100000,6.70506865,0
1688342400000,0.01003000,0.01011000,0.00992000,0.00997000,1253.37400000,1688345999999,12.51545874,97,133.68300000,1.33770059,0
1688346000000,0.00998000,0.01000000,0.00997000,0.01000000,430.44500000,1688349599999,4.30355386,25,197.76200000,1.97726982,0
1688349600000,0.00998000,0.01006000,0.00996000,0.01003000,2300.73500000,1688353199999,23.07846715,58,1784.75200000,17.90677810,0
1688353200000,0.01001000,0.01005000,0.00998000,0.01005000,30.15300000,1688356799999,0.30210825,11,9.32900000,0.09354265,0
1688356800000,0.01003000,0.01005000,0.00997000,0.00998000,271.83700000,1688360399999,2.71997998,26,67.44100000,0.67576728,0
1688360400000,0.00997000,0.00999000,0.00996000,0.00998000,142.14800000,1688363999999,1.41712448,17,31.88500000,0.31844364,0
1688364000000,0.00998000,0.00998000,0.00990000,0.00994000,727.24900000,1688367599999,7.21985875,52,224.96100000,2.23766295,0
1688367600000,0.00993000,0.00996000,0.00985000,0.00988000,1014.66400000,1688371199999,10.04556212,52,441.27100000,4.37325859,0
1688371200000,0.00986000,0.00989000,0.00984000,0.00985000,1082.99700000,1688374799999,10.66223469,55,903.42400000,8.89388060,0
1688374800000,0.00986000,0.00994000,0.00985000,0.00994000,779.95400000,1688378399999,7.69644967,44,603.35700000,5.95525606,0
1688378400000,0.00995000,0.00995000,0.00987000,0.00989000,271.95100000,1688381999999,2.69595695,44,92.71600000,0.91983445,0
1688382000000,0.00990000,0.00994000,0.00986000,0.00992000,307.74700000,1688385599999,3.04915822,35,115.92200000,1.15075583,0
1688385600000,0.00990000,0.00991000,0.00982000,0.00983000,687.80600000,1688389199999,6.78733338,49,328.44200000,3.24101167,0
1688389200000,0.00985000,0.00985000,0.00969000,0.00975000,3180.11700000,1688392799999,30.94998876,222,1488.19300000,14.48913281,0
1688392800000,0.00975000,0.00978000,0.00967000,0.00967000,689.77500000,1688396399999,6.72471904,60,643.49800000,6.27431996,0
1688396400000,0.00969000,0.00982000,0.00969000,0.00980000,459.97600000,1688399999999,4.47902487,84,238.60300000,2.32585001,0
1688400000000,0.00980000,0.00980000,0.00971000,0.00972000,1101.25300000,1688403599999,10.72084463,81,935.68900000,9.10922621,0
1688403600000,0.00974000,0.00979000,0.00973000,0.00976000,204.63200000,1688407199999,1.99632641,28,81.98300000,0.80092126,0
1688407200000,0.00976000,0.00980000,0.00974000,0.00975000,221.46200000,1688410799999,2.16446256,32,87.00900000,0.85170107,0
1688410800000,0.00975000,0.00983000,0.00975000,0.00982000,394.24200000,1688414399999,3.86047126,49,232.18200000,2.27436980,0
1688414400000,0.00980000,0.00982000,0.00976000,0.00978000,453.27300000,1688417999999,4.43848083,46,199.87600000,1.95771030,0
1688418000000,0.00975000,0.00978000,0.00968000,0.00976000,358.94900000,1688421599999,3.49612506,63,208.62600000,2.03279218,0
1688421600000,0.00976000,0.00976000,0.00973000,0.00973000,215.84600000,1688425199999,2.10306529,27,114.42500000,1.11458220,0
1688425200000,0.00977000,0.00986000,0.00974000,0.00986000,195.50000000,1688428799999,1.91874711,39,160.17800000,1.57348706,0
1688428800000,0.00984000,0.00992000,0.00984000,0.00992000,873.40100000,1688432399999,8.62059455,60,204.92800000,2.02807473,0
1688432400000,0.00993000,0.00997000,0.00986000,0.00986000,339.44000000,1688435999999,3.37582027,59,150.72800000,1.49873367,0
1688436000000,0.00988000,0.00995000,0.00987000,0.00994000,637.56600000,1688439599999,6.33252759,21,516.31400000,5.13501040,0
1688439600000,0.00993000,0.00993000,0.00981000,0.00984000,724.10200000,1688443199999,7.15951901,52,547.20500000,5.41413785,0
1688443200000,0.00982000,0.00982000,0.00981000,0.00982000,57.59800000,1688446799999,0.56508498,7,0.00000000,0.00000000,0
1688446800000,0.00980000,0.00982000,0.00979000,0.00982000,36.97600000,1688450399999,0.36214518,12,4.81400000,0.04718881,0
1688450400000,0.00982000,0.00985000,0.00978000,0.00981000,129.76200000,1688453999999,1.27263305,22,32.03200000,0.31407660,0
1688454000000,0.00982000,0.00982000,0.00979000,0.00980000,418.50000000,1688457599999,4.10757262,27,277.17400000,2.72129856,0
1688457600000,0.00980000,0.00984000,0.00979000,0.00982000,681.89700000,1688461199999,6.69037213,35,379.30800000,3.72414803,0
1688461200000,0.00982000,0.00984000,0.00978000,0.00981000,3021.17400000,1688464799999,29.63910957,109,1704.70200000,16.73859790,0
1688464800000,0.00982000,0.00983000,0.00978000,0.00979000,202.97300000,1688468399999,1.99015230,36,143.17500000,1.40391423,0
1688468400000,0.00979000,0.00982000,0.00979000,0.00982000,393.64400000,1688471999999,3.85854438,27,246.65200000,2.41817325,0
1688472000000,0.00981000,0.00990000,0.00980000,0.00989000,2030.06300000,1688475599999,20.02501503,71,1679.05700000,16.57015140,0
1688475600000,0.00990000,0.00994000,0.00988000,0.00994000,605.68600000,1688479199999,6.00383231,62,102.53300000,1.01660254,0
1688479200000,0.00992000,0.00998000,0.00992000,0.00998000,647.88600000,1688482799999,6.44456667,62,450.34200000,4.48105606,0
1688482800000,0.00999000,0.01021000,0.00999000,0.01014000,2096.59900000,1688486399999,21.21334085,310,1620.52800000,16.42063750,0
1688486400000,0.01016000,0.01018000,0.01002000,0.01004000,960.04700000,1688489999999,9.71029720,86,648.59200000,6.57615325,0
1688490000000,0.01001000,0.01004000,0.00993000,0.01002000,1771.96200000,1688493599999,17.70537285,114,357.17600000,3.57333898,0
1688493600000,0.01003000,0.01003000,0.00995000,0.01000000,458.11800000,1688497199999,4.57394649,46,267.28400000,2.66923901,0
1688497200000,0.00999000,0.01011000,0.00995000,0.01008000,736.19800000,1688500799999,7.37064437,109,388.97500000,3.90038071,0
1688500800000,0.01008000,0.01011000,0.00998000,0.01000000,2018.62900000,1688504399999,20.34072194,104,1711.64800000,17.26002916,0
1688504400000,0.01001000,0.01002000,0.00999000,0.01002000,835.03200000,1688507999999,8.35469429,39,592.31800000,5.92654029,0
1688508000000,0.01000000,0.01004000,0.01000000,0.01002000,262.33600000,1688511599999,2.62982603,30,131.54600000,1.31948271,0
1688511600000,0.01005000,0.01006000,0.00986000,0.00988000,1626.70700000,1688515199999,16.15920847,201,227.18100000,2.25648664,0
1688515200000,0.00990000,0.00992000,0.00989000,0.00989000,107.86600000,1688518799999,1.06781412,8,99.51600000,0.98523262,0
1688518800000,0.00992000,0.00994000,0.00991000,0.00994000,435.37500000,1688522399999,4.32050165,27,253.44200000,2.51607227,0
1688522400000,0.00990000,0.00993000,0.00989000,0.00991000,323.81200000,1688525999999,3.20858126,34,217.55700000,2.15616355,0
1688526000000,0.00991000,0.00993000,0.00990000,0.00993000,47.80800000,1688529599999,0.47422543,9,28.27700000,0.28068322,0
1688529600000,0.00994000,0.00994000,0.00992000,0.00993000,26.09300000,1688533199999,0.25909966,6,12.33700000,0.12251203,0
1688533200000,0.00994000,0.01001000,0.00993000,0.01001000,524.59800000,1688536799999,5.22079850,41,326.65500000,3.25278522,0
1688536800000,0.01001000,0.01001000,0.00994000,0.00994000,327.87100000,1688540399999,3.26561896,29,74.07000000,0.73905174,0
1688540400000,0.00996000,0.00999000,0.00995000,0.00998000,143.99500000,1688543999999,1.43680192,17,129.76100000,1.29503162,0
1688544000000,0.00998000,0.00998000,0.00991000,0.00995000,148.94600000,1688547599999,1.48018146,31,60.13500000,0.59836464,0
1688547600000,0.00995000,0.00996000,0.00991000,0.00993000,1119.57400000,1688551199999,11.12483839,58,398.39700000,3.96353123,0
1688551200000,0.00992000,0.00994000,0.00964000,0.00974000,4737.01600000,1688554799999,46.43658032,320,2495.90000000,24.47897051,0
1688554800000,0.00974000,0.00981000,0.00974000,0.00979000,1065.96900000,1688558399999,10.42304414,78,300.54200000,2.93927252,0
1688558400000,0.00978000,0.00986000,0.00976000,0.00984000,923.26600000,1688561999999,9.05984666,70,757.44600000,7.43401021,0
1688562000000,0.00986000,0.00989000,0.00983000,0.00989000,567.40900000,1688565599999,5.59173999,45,76.13200000,0.75124717,0
1688565600000,0.00988000,0.00988000,0.00983000,0.00984000,875.26600000,1688569199999,8.61481802,50,191.63100000,1.88745844,0
1688569200000,0.00985000,0.00990000,0.00973000,0.00976000,732.34900000,1688572799999,7.21791626,65,293.85500000,2.90209327,0
1688572800000,0.00976000,0.00984000,0.00973000,0.00982000,331.73100000,1688576399999,3.25193348,49,207.61400000,2.03536816,0
1688576400000,0.00983000,0.00985000,0.00982000,0.00983000,1071.88300000,1688579999999,10.53885160,41,980.36500000,9.63932581,0
1688580000000,0.00983000,0.00985000,0.00976000,0.00977000,241.90300000,1688583599999,2.37257392,40,58.13100000,0.57201264,0
1688583600000,0.00975000,0.00978000,0.00974000,0.00974000,211.04100000,1688587199999,2.05849971,25,50.89500000,0.49745376,0
1688587200000,0.00973000,0.00983000,0.00973000,0.00983000,191.82600000,1688590799999,1.88128304,26,81.91900000,0.80371033,0
1688590800000,0.00981000,0.00984000,0.00980000,0.00982000,271.19600000,1688594399999,2.66506742,37,135.78200000,1.33533494,0
1688594400000,0.00983000,0.00987000,0.00982000,0.00987000,116.68300000,1688597999999,1.14965761,26,93.40600000,0.92042566,0
1688598000000,0.00988000,0.00994000,0.00988000,0.00993000,403.60600000,1688601599999,3.99537972,30,81.28300000,0.80456296,0
1688601600000,0.00993000,0.01028000,0.00993000,0.01013000,4060.44800000,1688605199999,41.22216116,509,3577.34800000,36.32456629,0
1688605200000,0.01014000,0.01031000,0.01014000,0.01030000,1866.12400000,1688608799999,19.01039203,149,866.17600000,8.82388765,0
1688608800000,0.01032000,0.01034000,0.01017000,0.01021000,618.23700000,1688612399999,6.31679849,88,216.48800000,2.21392323,0
1688612400000,0.01023000,0.01027000,0.01017000,0.01017000,1215.95300000,1688615999999,12.46138589,86,1047.19400000,10.73850403,0
1688616000000,0.01018000,0.01021000,0.01013000,0.01013000,182.58600000,1688619599999,1.85712483,52,65.72200000,0.66903464,0
1688619600000,0.01016000,0.01017000,0.01012000,0.01016000,646.23800000,1688623199999,6.54967330,55,453.32400000,4.59571744,0
1688623200000,0.01016000,0.01023000,0.01013000,0.01022000,166.52300000,1688626799999,1.69889153,46,116.63200000,1.19048591,0
1688626800000,0.01023000,0.01023000,0.01018000,0.01018000,622.34400000,1688630399999,6.35994559,49,381.96200000,3.90612283,0
1688630400000,0.01019000,0.01045000,0.01015000,0.01037000,3572.34200000,1688633999999,36.59789161,304,2334.89300000,23.91178783,0
1688634000000,0.01036000,0.01041000,0.01025000,0.01032000,1169.05900000,1688637599999,12.09105627,194,790.64700000,8.18444749,0
1688637600000,0.01035000,0.01046000,0.01033000,0.01046000,952.31700000,1688641199999,9.90083986,99,470.75500000,4.89509193,0
1688641200000,0.01045000,0.01046000,0.01034000,0.01037000,4975.51000000,1688644799999,51.82054271,177,2917.77900000,30.40298415,0
1688644800000,0.01038000,0.01038000,0.01025000,0.01035000,595.95000000,1688648399999,6.14492621,145,239.96700000,2.47824782,0
1688648400000,0.01035000,0.01043000,0.01029000,0.01031000,920.14800000,1688651999999,9.55201258,100,531.47100000,5.51665163,0
1688652000000,0.01034000,0.01037000,0.01005000,0.01025000,1788.46200000,1688655599999,18.21703290,344,888.03900000,9.06182987,0
1688655600000,0.01026000,0.01049000,0.01021000,0.01043000,1687.66500000,1688659199999,17.44423420,236,1297.14000000,13.40528134,0
1688659200000,0.01042000,0.01053000,0.01039000,0.01041000,1582.59400000,1688662799999,16.58300006,186,1072.33600000,11.24510903,0
1688662800000,0.01041000,0.01063000,0.01041000,0.01063000,4929.89800000,1688666399999,51.84465792,227,2054.99100000,21.62102466,0
1688666400000,0.01063000,0.01104000,0.01058000,0.01098000,4795.31800000,1688669999999,51.42901045,648,2822.18300000,30.33855414,0
1688670000000,0.01096000,0.01109000,0.01086000,0.01109000,7614.73100000,1688673599999,83.43807104,677,3602.53800000,39.44289502,0
1688673600000,0.01107000,0.01111000,0.01091000,0.01102000,3465.81500000,1688677199999,38.12400042,435,1548.35500000,17.01383691,0
1688677200000,0.01100000,0.01101000,0.01082000,0.01092000,3385.92100000,1688680799999,36.93329474,337,2253.20800000,24.56098612,0
1688680800000,0.01089000,0.01089000,0.01078000,0.01085000,544.88300000,1688684399999,5.90517560,91,330.64100000,3.58515753,0
1688684400000,0.01086000,0.01091000,0.01060000,0.01062000,2947.52800000,1688687999999,31.72700763,234,1377.22800000,14.89766692,0
1688688000000,0.01064000,0.01103000,0.01064000,0.01094000,4005.01400000,1688691599999,43.42680048,639,3376.71400000,36.59180312,0
1688691600000,0.01095000,0.01107000,0.01080000,0.01104000,1898.97300000,1688695199999,20.93826943,322,843.18200000,9.29350146,0
1688695200000,0.01102000,0.01107000,0.01091000,0.01095000,4864.11600000,1688698799999,53.40871265,345,1709.77900000,18.81954039,0
1688698800000,0.01094000,0.01094000,0.01080000,0.01087000,6785.58600000,1688702399999,73.73004206,264,4287.05200000,46.53946861,0
1688702400000,0.01090000,0.01092000,0.01067000,0.01067000,655.71800000,1688705999999,7.05404514,128,189.95300000,2.04563291,0
1688706000000,0.01066000,0.01086000,0.01065000,0.01085000,905.89500000,1688709599999,9.73437302,105,654.86800000,7.03882050,0
1688709600000,0.01084000,0.01089000,0.01072000,0.01072000,2177.98900000,1688713199999,23.61006361,153,55.69300000,0.60362354,0
1688713200000,0.01072000,0.01080000,0.01042000,0.01047000,5274.92600000,1688716799999,55.95459690,504,1517.40100000,16.15080120,0
1688716800000,0.01046000,0.01056000,0.01035000,0.01045000,2407.00200000,1688720399999,25.19690912,274,696.70300000,7.30335325,0
1688720400000,0.01044000,0.01068000,0.01044000,0.01065000,1112.46100000,1688723999999,11.77875820,168,549.46500000,5.82337817,0
1688724000000,0.01068000,0.01083000,0.01060000,0.01080000,2056.97200000,1688727599999,22.02931510,256,589.94200000,6.32320460,0
1688727600000,0.01080000,0.01091000,0.01075000,0.01087000,1892.81200000,1688731199999,20.51111646,172,993.64300000,10.76672471,0
1688731200000,0.01085000,0.01124000,0.01085000,0.01118000,4163.33500000,1688734799999,45.93261417,618,2603.76400000,28.73204489,0
1688734800000,0.01121000,0.01124000,0.01106000,0.01116000,28036.55700000,1688738399999,313.56830312,601,1181.42100000,13.19287018,0
1688738400000,0.01113000,0.01137000,0.01107000,0.01131000,5090.74800000,1688741999999,57.39875577,494,2833.88300000,31.92925878,0
1688742000000,0.01132000,0.01156000,0.01113000,0.01135000,83173.99200000,1688745599999,935.31579836,1573,6454.26100000,72.92765576,0
1688745600000,0.01136000,0.01149000,0.01127000,0.01147000,32188.32300000,1688749199999,366.51021231,884,3010.68600000,34.32869810,0
1688749200000,0.01147000,0.01149000,0.01129000,0.01139000,2663.74200000,1688752799999,30.31570261,250,1393.25100000,15.85460496,0
1688752800000,0.01139000,0.01146000,0.01133000,0.01136000,1916.64300000,1688756399999,21.83894922,168,821.06300000,9.36025639,0
1688756400000,0.01138000,0.01154000,0.01138000,0.01148000,2081.50800000,1688759999999,23.87206562,187,981.64200000,11.26183549,0
1688760000000,0.01152000,0.01153000,0.01135000,0.01140000,554.89200000,1688763599999,6.35428109,111,425.17800000,4.87040388,0
1688763600000,0.01140000,0.01150000,0.01139000,0.01145000,665.17600000,1688767199999,7.60924407,89,376.13800000,4.30453634,0
1688767200000,0.01142000,0.01166000,0.01141000,0.01152000,2083.30500000,1688770799999,24.08410724,322,1574.81800000,18.22359776,0
1688770800000,0.01151000,0.01151000,0.01143000,0.01149000,354.27400000,1688774399999,4.06611275,88,223.62200000,2.56877161,0
1688774400000,0.01152000,0.01176000,0.01145000,0.01156000,1670.54400000,1688777999999,19.38495570,410,513.00400000,5.99118949,0
1688778000000,0.01154000,0.01165000,0.01150000,0.01164000,414.50000000,1688781599999,4.80034023,109,190.81600000,2.21482566,0
1688781600000,0.01161000,0.01170000,0.01156000,0.01169000,1356.60600000,1688785199999,15.82127587,92,739.07700000,8.61469461,0
1688785200000,0.01168000,0.01178000,0.01164000,0.01166000,884.25500000,1688788799999,10.35632504,177,310.23700000,3.63597334,0
1688788800000,0.01164000,0.01170000,0.01160000,0.01162000,351.71300000,1688792399999,4.10120114,56,121.28900000,1.41352240,0
1688792400000,0.01161000,0.01161000,0.01147000,0.01151000,491.17500000,1688795999999,5.66747751,123,89.20900000,1.02780206,0
1688796000000,0.01154000,0.01167000,0.01150000,0.01163000,1003.66400000,1688799599999,11.63609102,98,399.82100000,4.61470902,0
1688799600000,0.01165000,0.01187000,0.01164000,0.01182000,8709.81800000,1688803199999,101.90710440,368,1262.55000000,14.84151117,0
1688803200000,0.01182000,0.01206000,0.01179000,0.01198000,10830.74500000,1688806799999,129.64579418,897,6745.05900000,80.72716861,0
1688806800000,0.01200000,0.01202000,0.01186000,0.01195000,2025.97400000,1688810399999,24.21077816,152,877.54700000,10.49633107,0
1688810400000,0.01194000,0.01195000,0.01188000,0.01190000,570.37900000,1688813999999,6.79492425,63,249.66100000,2.97667052,0
1688814000000,0.01189000,0.01189000,0.01174000,0.01180000,450.31900000,1688817599999,5.30735960,94,257.82700000,3.03287208,0
1688817600000,0.01181000,0.01184000,0.01168000,0.01171000,979.61900000,1688821199999,11.52324311,138,176.57400000,2.07900046,0
1688821200000,0.01174000,0.01177000,0.01156000,0.01162000,651.83300000,1688824799999,7.58801757,133,169.01000000,1.97432270,0
1688824800000,0.01163000,0.01172000,0.01159000,0.01167000,838.82700000,1688828399999,9.80842898,80,354.30400000,4.13794081,0
1688828400000,0.01165000,0.01165000,0.01150000,0.01156000,914.66700000,1688831999999,10.58775696,111,395.68000000,4.58537565,0
1688832000000,0.01158000,0.01182000,0.01157000,0.01171000,940.43400000,1688835599999,10.98834569,194,782.90100000,9.14794578,0
1688835600000,0.01174000,0.01180000,0.01171000,0.01175000,260.67800000,1688839199999,3.06154118,50,203.28300000,2.38828839,0
1688839200000,0.01174000,0.01182000,0.01169000,0.01172000,872.48100000,1688842799999,10.23606196,90,722.55200000,8.47325422,0
1688842800000,0.01173000,0.01175000,0.01157000,0.01169000,912.90300000,1688846399999,10.64648906,131,471.82200000,5.50768552,0
1688846400000,0.01168000,0.01187000,0.01163000,0.01179000,1049.40800000,1688849999999,12.34836521,145,833.08500000,9.81586847,0
1688850000000,0.01182000,0.01183000,0.01176000,0.01177000,423.24000000,1688853599999,4.98997482,56,247.54500000,2.91892673,0
1688853600000,0.01174000,0.01180000,0.01171000,0.01179000,390.71300000,1688857199999,4.59087033,49,209.41400000,2.46207824,0
1688857200000,0.01177000,0.01177000,0.01169000,0.01170000,884.33600000,1688860799999,10.37231973,76,704.55500000,8.26558802,0
1688860800000,0.01169000,0.01177000,0.01160000,0.01176000,427.69200000,1688864399999,5.00926051,96,187.09300000,2.19309024,0
1688864400000,0.01178000,0.01196000,0.01173000,0.01173000,2185.42400000,1688867999999,25.88761813,318,914.66200000,10.82963547,0
1688868000000,0.01173000,0.01175000,0.01155000,0.01168000,610.88100000,1688871599999,7.09047613,141,293.66000000,3.40861666,0
1688871600000,0.01165000,0.01165000,0.01156000,0.01162000,132.26100000,1688875199999,1.53726404,35,40.62700000,0.47271752,0
1688875200000,0.01159000,0.01163000,0.01156000,0.01156000,264.69100000,1688878799999,3.07270814,36,222.17200000,2.58092754,0
1688878800000,0.01159000,0.01167000,0.01159000,0.01167000,762.76800000,1688882399999,8.84487550,47,167.29100000,1.94311476,0
1688882400000,0.01167000,0.01170000,0.01165000,0.01167000,197.41300000,1688885999999,2.30534694,31,98.77700000,1.15491961,0
1688886000000,0.01165000,0.01167000,0.01148000,0.01153000,400.55300000,1688889599999,4.62052772,130,84.41400000,0.97356021,0
1688889600000,0.01156000,0.01161000,0.01156000,0.01159000,207.23700000,1688893199999,2.40028840,45,112.42100000,1.30259339,0
1688893200000,0.01159000,0.01159000,0.01152000,0.01159000,246.75200000,1688896799999,2.85143922,50,112.98700000,1.30673359,0
1688896800000,0.01159000,0.01173000,0.01159000,0.01166000,294.00400000,1688900399999,3.42739127,103,209.71800000,2.44520614,0
1688900400000,0.01166000,0.01166000,0.01153000,0.01156000,379.40900000,1688903999999,4.38868193,77,155.18900000,1.79283242,0
1688904000000,0.01156000,0.01160000,0.01154000,0.01160000,237.65100000,1688907599999,2.75267359,31,170.73600000,1.97846461,0
1688907600000,0.01160000,0.01164000,0.01157000,0.01158000,944.91400000,1688911199999,10.95808071,50,530.97200000,6.15771819,0
1688911200000,0.01159000,0.01164000,0.01145000,0.01150000,1012.52100000,1688914799999,11.71537103,120,558.32700000,6.47817371,0
1688914800000,0.01150000,0.01154000,0.01133000,0.01138000,2244.16400000,1688918399999,25.61784838,181,376.28700000,4.31049279,0
1688918400000,0.01138000,0.01145000,0.01137000,0.01141000,909.45500000,1688921999999,10.38637227,64,417.58200000,4.76547404,0
1688922000000,0.01143000,0.01147000,0.01142000,0.01142000,157.56800000,1688925599999,1.80539966,30,95.65200000,1.09699325,0
1688925600000,0.01144000,0.01145000,0.01141000,0.01142000,191.57300000,1688929199999,2.18848611,23,173.50600000,1.98224473,0
1688929200000,0.01141000,0.01142000,0.01138000,0.01140000,415.79000000,1688932799999,4.74100959,29,15.69200000,0.17880948,0
1688932800000,0.01138000,0.01138000,0.01129000,0.01136000,438.20100000,1688936399999,4.96758562,56,116.82400000,1.32722353,0
1688936400000,0.01135000,0.01136000,0.01132000,0.01134000,1836.11500000,1688939999999,20.81999883,160,1492.55500000,16.92393572,0
1688940000000,0.01134000,0.01149000,0.01131000,0.01146000,943.50200000,1688943599999,10.77061021,124,766.86500000,8.76301348,0
1688943600000,0.01144000,0.01149000,0.01143000,0.01145000,106.39200000,1688947199999,1.21817874,20,9.93900000,0.11396095,0
1688947200000,0.01145000,0.01146000,0.01125000,0.01131000,714.45900000,1688950799999,8.08401878,150,410.68800000,4.65148861,0
1688950800000,0.01132000,0.01135000,0.01127000,0.01128000,193.07400000,1688954399999,2.18525068,46,75.85700000,0.85823215,0
1688954400000,0.01127000,0.01138000,0.01127000,0.01138000,83.56800000,1688957999999,0.94757799,29,77.05300000,0.87405401,0
1688958000000,0.01135000,0.01145000,0.01135000,0.01141000,320.37900000,1688961599999,3.65858142,52,75.04100000,0.85718980,0
1688961600000,0.01142000,0.01142000,0.01133000,0.01133000,246.69800000,1688965199999,2.80464678,51,175.81600000,1.99876751,0
1688965200000,0.01132000,0.01135000,0.01121000,0.01125000,847.28300000,1688968799999,9.56443099,97,349.75200000,3.95819958,0
1688968800000,0.01126000,0.01132000,0.01124000,0.01127000,264.61200000,1688972399999,2.98620058,44,177.44700000,2.00235819,0
1688972400000,0.01130000,0.01130000,0.01110000,0.01117000,1206.33100000,1688975999999,13.50665232,127,261.74400000,2.92981084,0
1688976000000,0.01115000,0.01117000,0.01107000,0.01116000,532.44100000,1688979599999,5.92175864,83,201.44800000,2.24534764,0
1688979600000,0.01115000,0.01120000,0.01103000,0.01107000,1270.35200000,1688983199999,14.11798238,149,276.33900000,3.06002784,0
1688983200000,0.01109000,0.01118000,0.01109000,0.01114000,679.28700000,1688986799999,7.55753806,81,555.57100000,6.17885579,0
1688986800000,0.01113000,0.01116000,0.01111000,0.01116000,61.05200000,1688990399999,0.68002120,27,33.74500000,0.37620413,0
1688990400000,0.01117000,0.01120000,0.01110000,0.01111000,207.98100000,1688993999999,2.32429469,62,146.95900000,1.64422826,0
1688994000000,0.01111000,0.01117000,0.01108000,0.01117000,494.73800000,1688997599999,5.51121764,67,251.63800000,2.80462597,0
1688997600000,0.01117000,0.01137000,0.01116000,0.01134000,1133.68400000,1689001199999,12.78634363,146,739.88300000,8.33035399,0
1689001200000,0.01132000,0.01132000,0.01124000,0.01128000,752.03700000,1689004799999,8.48611603,71,505.93300000,5.71125296,0
1689004800000,0.01131000,0.01131000,0.01121000,0.01126000,369.29400000,1689008399999,4.15352002,63,185.61300000,2.08982295,0
1689008400000,0.01125000,0.01133000,0.01123000,0.01126000,171.30900000,1689011999999,1.92926647,41,143.52100000,1.61675871,0
1689012000000,0.01126000,0.01132000,0.01119000,0.01132000,4106.12000000,1689015599999,46.17113980,261,596.74100000,6.73732676,0
1689015600000,0.01133000,0.01138000,0.01128000,0.01136000,475.25600000,1689019199999,5.38135697,71,237.46500000,2.69012704,0
1689019200000,0.01138000,0.01142000,0.01125000,0.01131000,612.85900000,1689022799999,6.96237337,129,453.61800000,5.15572301,0
1689022800000,0.01129000,0.01151000,0.01129000,0.01141000,775.56100000,1689026399999,8.87276041,143,537.56100000,6.15289784,0
1689026400000,0.01142000,0.01144000,0.01126000,0.01133000,918.28500000,1689029999999,10.42156268,152,494.97300000,5.62046065,0
1689030000000,0.01133000,0.01141000,0.01131000,0.01133000,503.92700000,1689033599999,5.71037289,73,329.99500000,3.73816466,0
1689033600000,0.01134000,0.01146000,0.01131000,0.01135000,352.49900000,1689037199999,4.01064394,96,209.49800000,2.38817258,0
1689037200000,0.01135000,0.01157000,0.01133000,0.01152000,454.40000000,1689040799999,5.22819489,119,112.98300000,1.29865950,0
1689040800000,0.01152000,0.01156000,0.01146000,0.01148000,715.60000000,1689044399999,8.24128495,66,234.94100000,2.70648353,0
1689044400000,0.01148000,0.01155000,0.01147000,0.01155000,396.98000000,1689047999999,4.56355570,44,272.72700000,3.13600824,0
1689048000000,0.01156000,0.01174000,0.01156000,0.01162000,6511.32100000,1689051599999,76.14760836,508,1623.79200000,18.94024059,0
1689051600000,0.01164000,0.01171000,0.01162000,0.01168000,180.55700000,1689055199999,2.10431423,49,140.19000000,1.63416507,0
1689055200000,0.01168000,0.01177000,0.01167000,0.01175000,1556.66500000,1689058799999,18.25571734,173,491.95700000,5.77424473,0
1689058800000,0.01173000,0.01190000,0.01168000,0.01174000,3610.85200000,1689062399999,42.38025941,215,2602.45200000,30.56972943,0
1689062400000,0.01176000,0.01177000,0.01165000,0.01169000,1258.75500000,1689065999999,14.74868685,93,318.82700000,3.73789268,0
1689066000000,0.01170000,0.01175000,0.01168000,0.01174000,186.22100000,1689069599999,2.18096555,44,86.87700000,1.01834801,0
1689069600000,0.01172000,0.01182000,0.01172000,0.01175000,512.50200000,1689073199999,6.02683174,80,156.59900000,1.84251917,0
1689073200000,0.01175000,0.01182000,0.01173000,0.01180000,1589.72900000,1689076799999,18.73120210,76,1095.96800000,12.91664454,0
1689076800000,0.01182000,0.01193000,0.01174000,0.01190000,2932.04900000,1689080399999,34.72523805,206,1917.22600000,22.72073487,0
1689080400000,0.01189000,0.01191000,0.01177000,0.01184000,1286.64400000,1689083999999,15.27181650,119,982.52000000,11.67093361,0
1689084000000,0.01180000,0.01192000,0.01177000,0.01185000,533.32200000,1689087599999,6.31478734,86,217.41300000,2.57413401,0
1689087600000,0.01184000,0.01184000,0.01172000,0.01182000,1176.05400000,1689091199999,13.87312173,108,355.75100000,4.19719653,0
1689091200000,0.01182000,0.01182000,0.01174000,0.01177000,698.04100000,1689094799999,8.22265909,53,390.56900000,4.60177456,0
1689094800000,0.01178000,0.01182000,0.01176000,0.01180000,528.61500000,1689098399999,6.23147011,57,387.32300000,4.56616871,0
1689098400000,0.01178000,0.01180000,0.01175000,0.01175000,144.80700000,1689101999999,1.70559206,41,76.40600000,0.90069766,0
1689102000000,0.01174000,0.01175000,0.01172000,0.01173000,229.98300000,1689105599999,2.69932184,45,116.62800000,1.36932480,0
1689105600000,0.01172000,0.01175000,0.01169000,0.01175000,579.66800000,1689109199999,6.78871433,65,321.53300000,3.76361825,0
1689109200000,0.01174000,0.01174000,0.01163000,0.01168000,1005.89400000,1689112799999,11.77534392,95,409.98800000,4.79635199,0
1689112800000,0.01168000,0.01174000,0.01168000,0.01174000,165.48600000,1689116399999,1.93932094,41,93.15000000,1.09270781,0
1689116400000,0.01171000,0.01176000,0.01170000,0.01176000,50.72500000,1689119999999,0.59530773,24,18.63300000,0.21860691,0
1689120000000,0.01173000,0.01186000,0.01172000,0.01179000,256.73700000,1689123599999,3.02876946,68,113.13500000,1.33487120,0
1689123600000,0.01179000,0.01180000,0.01173000,0.01173000,248.79900000,1689127199999,2.92683360,43,178.89400000,2.10404497,0
1689127200000,0.01172000,0.01173000,0.01167000,0.01167000,185.56900000,1689130799999,2.17445683,38,96.66100000,1.13319460,0
1689130800000,0.01167000,0.01169000,0.01164000,0.01166000,503.78400000,1689134399999,5.87678203,49,343.23200000,4.00567111,0
1689134400000,0.01164000,0.01168000,0.01163000,0.01168000,186.62800000,1689137999999,2.17422546,17,125.28500000,1.45965271,0
1689138000000,0.01168000,0.01171000,0.01167000,0.01171000,84.48500000,1689141599999,0.98661805,15,13.51200000,0.15820481,0
1689141600000,0.01168000,0.01172000,0.01165000,0.01166000,363.41600000,1689145199999,4.25018051,39,303.52600000,3.55024277,0
1689145200000,0.01167000,0.01169000,0.01165000,0.01165000,1134.90600000,1689148799999,13.25587196,95,1078.60100000,12.59884449,0
1689148800000,0.01165000,0.01166000,0.01161000,0.01166000,613.50500000,1689152399999,7.13985389,58,415.74900000,4.83948882,0
1689152400000,0.01166000,0.01169000,0.01164000,0.01164000,640.36600000,1689155999999,7.47418617,66,516.87500000,6.03488631,0
1689156000000,0.01164000,0.01167000,0.01162000,0.01167000,347.29900000,1689159599999,4.04854708,28,318.57100000,3.71406829,0
1689159600000,0.01165000,0.01173000,0.01165000,0.01171000,1513.24700000,1689163199999,17.69136069,64,1422.10200000,16.62779619,0
1689163200000,0.01170000,0.01201000,0.01165000,0.01184000,3808.14900000,1689166799999,45.17887799,592,2215.31000000,26.29241116,0
1689166800000,0.01184000,0.01200000,0.01184000,0.01187000,2629.10500000,1689170399999,31.36751971,268,707.22000000,8.41065661,0
1689170400000,0.01188000,0.01196000,0.01185000,0.01192000,2272.52000000,1689173999999,27.02963888,185,1170.47900000,13.92858219,0
1689174000000,0.01192000,0.01196000,0.01184000,0.01188000,2164.05600000,1689177599999,25.76208063,176,580.92400000,6.91773060,0
1689177600000,0.01191000,0.01192000,0.01179000,0.01180000,1528.50500000,1689181199999,18.06119684,218,1327.34800000,15.67969528,0
1689181200000,0.01182000,0.01183000,0.01174000,0.01175000,1082.72900000,1689184799999,12.72870400,97,259.49800000,3.05095541,0
1689184800000,0.01177000,0.01181000,0.01174000,0.01180000,1123.93000000,1689188399999,13.23792669,56,603.32200000,7.10836269,0
1689188400000,0.01179000,0.01181000,0.01166000,0.01170000,2449.01000000,1689191999999,28.68780203,176,1821.86200000,21.34072619,0
1689192000000,0.01168000,0.01182000,0.01166000,0.01178000,1008.49100000,1689195599999,11.84712120,133,498.74500000,5.85001283,0
1689195600000,0.01178000,0.01181000,0.01175000,0.01180000,629.69500000,1689199199999,7.42266122,67,345.49800000,4.07399315,0
1689199200000,0.01177000,0.01177000,0.01173000,0.01175000,577.15000000,1689202799999,6.78651962,47,143.00900000,1.68175360,0
1689202800000,0.01175000,0.01176000,0.01172000,0.01172000,185.02600000,1689206399999,2.17246935,37,49.64100000,0.58344203,0
1689206400000,0.01171000,0.01173000,0.01163000,0.01165000,868.11800000,1689209999999,10.14737012,62,72.71200000,0.84902860,0
1689210000000,0.01164000,0.01168000,0.01154000,0.01164000,265.65300000,1689213599999,3.07577831,95,92.77400000,1.07541291,0
1689213600000,0.01164000,0.01164000,0.01158000,0.01158000,240.12700000,1689217199999,2.78983630,21,117.78800000,1.37048801,0
1689217200000,0.01158000,0.01161000,0.01156000,0.01158000,625.16500000,1689220799999,7.23361803,34,29.40100000,0.34077317,0
1689220800000,0.01159000,0.01159000,0.01150000,0.01152000,2588.47600000,1689224399999,29.82069121,129,665.09800000,7.66901706,0
1689224400000,0.01154000,0.01160000,0.01153000,0.01158000,913.90500000,1689227999999,10.57335299,56,411.00600000,4.75212491,0
1689228000000,0.01161000,0.01170000,0.01160000,0.01168000,710.27000000,1689231599999,8.28801420,61,242.52200000,2.82764286,0
1689231600000,0.01168000,0.01171000,0.01164000,0.01164000,311.54500000,1689235199999,3.63664473,47,74.76700000,0.87290959,0
1689235200000,0.01165000,0.01169000,0.01162000,0.01166000,50.19800000,1689238799999,0.58535854,24,35.31700000,0.41223861,0
1689238800000,0.01169000,0.01174000,0.01165000,0.01173000,795.23100000,1689242399999,9.30116492,90,691.54900000,8.08988911,0
1689242400000,0.01171000,0.01183000,0.01171000,0.01179000,2158.89500000,1689245999999,25.40221966,192,1884.94600000,22.18678577,0
1689246000000,0.01182000,0.01192000,0.01180000,0.01190000,446.42500000,1689249599999,5.29563775,81,292.70900000,3.47235159,0
1689249600000,0.01192000,0.01199000,0.01183000,0.01188000,665.13700000,1689253199999,7.93348451,132,325.81400000,3.88336676,0
1689253200000,0.01190000,0.01191000,0.01182000,0.01186000,771.08900000,1689256799999,9.12676442,79,147.91200000,1.75272626,0
1689256800000,0.01184000,0.01188000,0.01178000,0.01186000,463.43200000,1689260399999,5.49054399,76,259.76200000,3.07921892,0
1689260400000,0.01186000,0.01309000,0.01184000,0.01243000,15447.51400000,1689263999999,192.20119330,1771,8026.38600000,99.74946889,0
1689264000000,0.01245000,0.01293000,0.01245000,0.01288000,9766.66200000,1689267599999,123.19500091,819,5256.99600000,66.25356234,0
1689267600000,0.01289000,0.01321000,0.01278000,0.01309000,40120.36800000,1689271199999,520.45380483,1758,13361.06100000,173.82160083,0
1689271200000,0.01307000,0.01339000,0.01277000,0.01287000,15781.62600000,1689274799999,206.68619490,1118,8098.53500000,105.67089526,0
1689274800000,0.01288000,0.01314000,0.01283000,0.01313000,3521.10000000,1689278399999,45.92378361,347,2001.76700000,26.10049836,0
1689278400000,0.01309000,0.01311000,0.01286000,0.01286000,2417.70600000,1689281999999,31.42597974,194,1392.05100000,18.04737969,0
1689282000000,0.01286000,0.01299000,0.01282000,0.01293000,823.48200000,1689285599999,10.64087526,126,415.50700000,5.37784457,0
1689285600000,0.01292000,0.01299000,0.01288000,0.01295000,1706.41000000,1689289199999,22.02823821,160,616.47500000,7.98438492,0
1689289200000,0.01296000,0.01300000,0.01280000,0.01297000,177.60200000,1689292799999,2.29272437,63,90.47400000,1.16907991,0
1689292800000,0.01297000,0.01584000,0.01278000,0.01454000,28027.01400000,1689296399999,396.43354317,4272,17600.35900000,249.36549076,0
1689296400000,0.01448000,0.01491000,0.01407000,0.01456000,5807.12400000,1689299999999,83.76439245,1141,2706.08300000,39.17731198,0
1689300000000,0.01454000,0.01454000,0.01435000,0.01441000,1302.97900000,1689303599999,18.81295223,213,581.26700000,8.39260010,0
1689303600000,0.01437000,0.01438000,0.01406000,0.01423000,3807.18800000,1689307199999,54.12925915,425,2764.76400000,39.28701907,0
1689307200000,0.01419000,0.01433000,0.01408000,0.01432000,2305.41600000,1689310799999,32.87349595,227,874.64200000,12.44100105,0
1689310800000,0.01428000,0.01436000,0.01409000,0.01428000,4700.10600000,1689314399999,67.25395001,281,3847.00900000,55.09798659,0
1689314400000,0.01427000,0.01434000,0.01413000,0.01416000,1716.76300000,1689317999999,24.43488877,157,268.89000000,3.84111590,0
1689318000000,0.01418000,0.01447000,0.01415000,0.01443000,1569.60200000,1689321599999,22.55083144,187,1153.45300000,16.57539138,0
1689321600000,0.01443000,0.01483000,0.01430000,0.01454000,4983.79400000,1689325199999,72.91404975,714,1781.81300000,26.01909925,0
1689325200000,0.01453000,0.01457000,0.01388000,0.01411000,5229.18900000,1689328799999,74.05267082,548,2180.61000000,30.99648622,0
1689328800000,0.01410000,0.01413000,0.01400000,0.01412000,1600.44700000,1689332399999,22.53941311,161,1100.63100000,15.50426916,0
1689332400000,0.01408000,0.01420000,0.01403000,0.01409000,947.84700000,1689335999999,13.36873495,132,495.30700000,6.99465450,0
1689336000000,0.01408000,0.01409000,0.01378000,0.01387000,1879.69000000,1689339599999,26.15780694,251,1254.94200000,17.45632414,0
1689339600000,0.01382000,0.01397000,0.01377000,0.01395000,809.49200000,1689343199999,11.22366993,167,369.89200000,5.13410165,0
1689343200000,0.01394000,0.01405000,0.01389000,0.01405000,443.81400000,1689346799999,6.19634582,88,269.35900000,3.76191243,0
1689346800000,0.01403000,0.01414000,0.01401000,0.01409000,1376.70100000,1689350399999,19.38431540,163,310.96600000,4.38073260,0
1689350400000,0.01408000,0.01413000,0.01362000,0.01378000,4786.86100000,1689353999999,65.87521623,371,1243.22800000,17.12247904,0
1689354000000,0.01379000,0.01395000,0.01358000,0.01382000,1389.38000000,1689357599999,19.11307547,257,707.46700000,9.73950524,0
1689357600000,0.01384000,0.01401000,0.01338000,0.01359000,5655.90600000,1689361199999,77.05518840,810,2409.76900000,32.95388987,0
1689361200000,0.01355000,0.01380000,0.01347000,0.01361000,1287.02500000,1689364799999,17.58185318,267,562.82300000,7.69617198,0
1689364800000,0.01364000,0.01378000,0.01329000,0.01370000,6650.10000000,1689368399999,89.35600591,546,4887.67100000,65.63177813,0
1689368400000,0.01371000,0.01383000,0.01364000,0.01377000,2089.68600000,1689371999999,28.67224685,173,927.32500000,12.71991109,0
1689372000000,0.01372000,0.01382000,0.01365000,0.01366000,702.30400000,1689375599999,9.66643861,86,563.89800000,7.76500234,0
1689375600000,0.01371000,0.01391000,0.01368000,0.01379000,303.78600000,1689379199999,4.18586589,96,146.00800000,2.01928694,0
1689379200000,0.01376000,0.01436000,0.01370000,0.01434000,3327.10800000,1689382799999,46.91521612,534,1986.59500000,28.03057260,0
1689382800000,0.01428000,0.01446000,0.01419000,0.01424000,1323.13400000,1689386399999,18.94349897,179,451.06500000,6.46159170,0
1689386400000,0.01418000,0.01431000,0.01417000,0.01429000,704.19400000,1689389999999,10.03360322,55,426.56000000,6.07339050,0
1689390000000,0.01423000,0.01431000,0.01404000,0.01405000,568.61400000,1689393599999,8.02731310,121,417.95500000,5.89860079,0
1689393600000,0.01408000,0.01437000,0.01408000,0.01433000,1485.11400000,1689397199999,21.04693550,143,878.25200000,12.44897691,0
1689397200000,0.01434000,0.01458000,0.01431000,0.01453000,3544.33900000,1689400799999,51.15223747,306,1270.32600000,18.33160401,0
1689400800000,0.01453000,0.01486000,0.01449000,0.01460000,2688.69300000,1689404399999,39.52881505,258,1891.74000000,27.90059226,0
1689404400000,0.01460000,0.01490000,0.01460000,0.01479000,3645.07800000,1689407999999,53.55318497,312,2390.63600000,35.18126584,0
1689408000000,0.01479000,0.01497000,0.01471000,0.01474000,3203.62300000,1689411599999,47.37576149,291,2235.56300000,33.07233111,0
1689411600000,0.01474000,0.01484000,0.01466000,0.01483000,3791.09600000,1689415199999,55.95862876,241,1872.53700000,27.62543143,0
1689415200000,0.01479000,0.01496000,0.01479000,0.01486000,1022.48000000,1689418799999,15.21262947,172,819.03000000,12.18814489,0
1689418800000,0.01494000,0.01498000,0.01475000,0.01493000,1179.25000000,1689422399999,17.55728326,149,344.70400000,5.13011692,0
1689422400000,0.01492000,0.01493000,0.01476000,0.01476000,475.05700000,1689425999999,7.05056885,110,206.64900000,3.06786577,0
1689426000000,0.01479000,0.01482000,0.01458000,0.01467000,625.82900000,1689429599999,9.18676597,136,305.54700000,4.48598910,0
1689429600000,0.01472000,0.01473000,0.01436000,0.01437000,582.04300000,1689433199999,8.45694138,177,236.88300000,3.45073173,0
1689433200000,0.01438000,0.01446000,0.01423000,0.01425000,1214.46000000,1689436799999,17.38192364,210,315.85800000,4.52633033,0
1689436800000,0.01425000,0.01425000,0.01400000,0.01414000,785.55600000,1689440399999,11.08894081,195,372.59400000,5.26379864,0
1689440400000,0.01413000,0.01437000,0.01413000,0.01428000,836.98500000,1689443999999,11.96091973,121,671.55300000,9.60173850,0
1689444000000,0.01431000,0.01455000,0.01422000,0.01443000,4953.44800000,1689447599999,71.24846374,260,2403.49600000,34.68060998,0
1689447600000,0.01441000,0.01450000,0.01439000,0.01443000,1499.17000000,1689451199999,21.69812672,94,299.26600000,4.32698010,0
1689451200000,0.01438000,0.01439000,0.01419000,0.01434000,2575.38700000,1689454799999,36.78450684,215,1496.33200000,21.42476858,0
1689454800000,0.01432000,0.01432000,0.01420000,0.01425000,112.36300000,1689458399999,1.60212369,44,39.45300000,0.56236297,0
1689458400000,0.01423000,0.01425000,0.01413000,0.01418000,122.13700000,1689461999999,1.73289732,43,38.78400000,0.55106007,0
1689462000000,0.01419000,0.01426000,0.01413000,0.01419000,1408.29100000,1689465599999,20.05602802,78,911.36800000,12.97673115,0
1689465600000,0.01422000,0.01445000,0.01415000,0.01425000,761.74800000,1689469199999,10.91153528,148,571.54400000,8.19726433,0
1689469200000,0.01428000,0.01434000,0.01416000,0.01419000,1177.40000000,1689472799999,16.83876092,82,118.49600000,1.69117920,0
1689472800000,0.01420000,0.01438000,0.01383000,0.01427000,4794.43000000,1689476399999,67.12187391,364,2682.46300000,37.58461423,0
1689476400000,0.01425000,0.01425000,0.01401000,0.01401000,405.77600000,1689479999999,5.72728343,89,114.42700000,1.61762407,0
1689480000000,0.01408000,0.01421000,0.01408000,0.01421000,450.65900000,1689483599999,6.38085219,63,121.89200000,1.72537044,0
1689483600000,0.01422000,0.01440000,0.01418000,0.01440000,250.73800000,1689487199999,3.57825334,71,213.64300000,3.04773620,0
1689487200000,0.01441000,0.01448000,0.01436000,0.01439000,1252.96800000,1689490799999,18.06573292,103,170.12100000,2.45320565,0
1689490800000,0.01441000,0.01441000,0.01432000,0.01438000,1220.74300000,1689494399999,17.53462494,98,771.51500000,11.08596981,0
1689494400000,0.01440000,0.01447000,0.01435000,0.01443000,244.76700000,1689497999999,3.53434318,34,209.24900000,3.02199777,0
1689498000000,0.01445000,0.01460000,0.01445000,0.01452000,165.39100000,1689501599999,2.40462162,80,86.26700000,1.25421407,0
1689501600000,0.01452000,0.01462000,0.01436000,0.01442000,1098.97700000,1689505199999,15.85908028,111,750.35300000,10.83427371,0
1689505200000,0.01439000,0.01460000,0.01438000,0.01454000,224.49000000,1689508799999,3.26306892,59,123.19600000,1.79129363,0
1689508800000,0.01452000,0.01461000,0.01445000,0.01447000,1619.68600000,1689512399999,23.56135201,80,1014.16300000,14.75652682,0
1689512400000,0.01449000,0.01465000,0.01449000,0.01464000,767.07400000,1689515999999,11.14752839,76,671.49000000,9.75776868,0
1689516000000,0.01466000,0.01482000,0.01460000,0.01460000,9917.18300000,1689519599999,145.30660075,417,3398.41800000,49.79605501,0
1689519600000,0.01461000,0.01461000,0.01447000,0.01452000,5341.64100000,1689523199999,77.67719266,255,2622.97200000,38.18056603,0
1689523200000,0.01447000,0.01447000,0.01439000,0.01444000,2739.33900000,1689526799999,39.46586524,197,1981.96600000,28.55412650,0
1689526800000,0.01440000,0.01451000,0.01440000,0.01447000,2681.80100000,1689530399999,38.89613593,58,1718.74500000,24.93789458,0
1689530400000,0.01443000,0.01445000,0.01430000,0.01431000,1173.98200000,1689533999999,16.89482820,127,605.29000000,8.70394786,0
1689534000000,0.01438000,0.01442000,0.01420000,0.01420000,2814.96600000,1689537599999,40.16745309,230,2039.63100000,29.10402648,0
1689537600000,0.01420000,0.01431000,0.01418000,0.01421000,2571.38700000,1689541199999,36.60792528,247,1379.90800000,19.64714982,0
1689541200000,0.01421000,0.01430000,0.01419000,0.01427000,422.99700000,1689544799999,6.03197765,61,269.23700000,3.83925578,0
1689544800000,0.01429000,0.01433000,0.01427000,0.01428000,236.51500000,1689548399999,3.37955272,59,65.04800000,0.93003418,0
1689548400000,0.01427000,0.01427000,0.01414000,0.01425000,1520.09700000,1689551999999,21.56028956,120,790.63200000,11.21033809,0
1689552000000,0.01426000,0.01457000,0.01420000,0.01443000,1136.75100000,1689555599999,16.39667879,180,542.90800000,7.81350569,0
1689555600000,0.01442000,0.01464000,0.01442000,0.01460000,2180.38800000,1689559199999,31.85357812,175,790.23700000,11.54420209,0
1689559200000,0.01460000,0.01476000,0.01452000,0.01466000,891.83800000,1689562799999,13.00376244,120,448.40400000,6.54409223,0
1689562800000,0.01460000,0.01464000,0.01451000,0.01451000,73.25300000,1689566399999,1.06787987,23,4.64700000,0.06778049,0
1689566400000,0.01451000,0.01452000,0.01440000,0.01445000,278.46900000,1689569999999,4.02904074,51,166.16500000,2.40646045,0
1689570000000,0.01443000,0.01474000,0.01443000,0.01445000,2875.58200000,1689573599999,41.90802596,209,1212.67400000,17.73314469,0
1689573600000,0.01442000,0.01444000,0.01431000,0.01437000,656.08300000,1689577199999,9.43893861,84,430.90800000,6.20414015,0
1689577200000,0.01436000,0.01441000,0.01422000,0.01431000,1704.55900000,1689580799999,24.44963268,172,1155.09300000,16.57399078,0
1689580800000,0.01431000,0.01431000,0.01422000,0.01425000,2238.19800000,1689584399999,31.89787937,99,1040.72300000,14.82944669,0
1689584400000,0.01424000,0.01433000,0.01411000,0.01419000,3688.97200000,1689587999999,52.51997753,244,1378.03000000,19.62502960,0
1689588000000,0.01425000,0.01428000,0.01400000,0.01420000,4971.52200000,1689591599999,70.28487605,302,4257.71800000,60.20162954,0
1689591600000,0.01420000,0.01432000,0.01416000,0.01419000,5283.75100000,1689595199999,75.26554261,232,2202.97400000,31.47984096,0
1689595200000,0.01415000,0.01418000,0.01392000,0.01416000,723.74700000,1689598799999,10.16375372,163,286.38300000,4.02903832,0
1689598800000,0.01418000,0.01427000,0.01405000,0.01423000,1001.57800000,1689602399999,14.22214414,120,384.48800000,5.45762925,0
1689602400000,0.01428000,0.01428000,0.01415000,0.01423000,842.26300000,1689605999999,11.98157468,67,588.28300000,8.36907501,0
1689606000000,0.01422000,0.01424000,0.01409000,0.01413000,457.97600000,1689609599999,6.48060591,65,265.84300000,3.75923697,0
1689609600000,0.01411000,0.01424000,0.01401000,0.01403000,310.21600000,1689613199999,4.38569698,71,95.76800000,1.35397774,0
1689613200000,0.01405000,0.01410000,0.01368000,0.01375000,7159.10700000,1689616799999,98.75647613,562,2621.46800000,36.10236333,0
1689616800000,0.01376000,0.01391000,0.01360000,0.01391000,1398.38400000,1689620399999,19.25128220,264,869.22700000,11.97216115,0
1689620400000,0.01392000,0.01398000,0.01384000,0.01385000,495.69400000,1689623999999,6.88449441,91,257.95000000,3.58447535,0
1689624000000,0.01389000,0.01396000,0.01384000,0.01396000,226.48400000,1689627599999,3.14874936,39,208.23600000,2.89543945,0
1689627600000,0.01395000,0.01401000,0.01386000,0.01397000,921.06700000,1689631199999,12.85478247,93,810.49200000,11.31332767,0
1689631200000,0.01399000,0.01402000,0.01387000,0.01394000,383.29600000,1689634799999,5.34457770,71,280.38200000,3.91054066,0
1689634800000,0.01394000,0.01411000,0.01394000,0.01403000,175.66500000,1689638399999,2.46723296,50,132.24200000,1.85752175,0
1689638400000,0.01403000,0.01413000,0.01399000,0.01408000,215.83500000,1689641999999,3.04225715,39,196.95800000,2.77675675,0
1689642000000,0.01405000,0.01405000,0.01401000,0.01403000,534.22400000,1689645599999,7.50023631,35,310.10000000,4.35362536,0
1689645600000,0.01402000,0.01402000,0.01388000,0.01388000,126.35700000,1689649199999,1.75991754,41,57.16300000,0.79703895,0
1689649200000,0.01393000,0.01394000,0.01386000,0.01393000,124.55500000,1689652799999,1.73114022,32,25.94000000,0.36099656,0
1689652800000,0.01391000,0.01391000,0.01379000,0.01389000,744.98700000,1689656399999,10.31124615,76,353.70200000,4.88733712,0
1689656400000,0.01390000,0.01392000,0.01386000,0.01387000,62.59100000,1689659999999,0.86937918,21,44.28600000,0.61532968,0
1689660000000,0.01389000,0.01392000,0.01362000,0.01371000,1209.25900000,1689663599999,16.58539989,150,806.14500000,11.04689052,0
1689663600000,0.01369000,0.01374000,0.01352000,0.01354000,706.45600000,1689667199999,9.64207169,128,415.97900000,5.68648851,0
1689667200000,0.01353000,0.01370000,0.01340000,0.01347000,1627.34900000,1689670799999,22.08853619,233,610.42400000,8.30334486,0
1689670800000,0.01348000,0.01352000,0.01335000,0.01342000,1287.89800000,1689674399999,17.33345639,150,1003.31600000,13.50225109,0
1689674400000,0.01342000,0.01349000,0.01331000,0.01341000,2036.00400000,1689677999999,27.26927681,180,1535.68800000,20.57601629,0
1689678000000,0.01342000,0.01346000,0.01317000,0.01322000,1104.91000000,1689681599999,14.69738810,223,513.48300000,6.83172368,0
1689681600000,0.01324000,0.01333000,0.01312000,0.01331000,2252.59800000,1689685199999,29.76230335,253,943.83800000,12.46941382,0
1689685200000,0.01329000,0.01343000,0.01328000,0.01340000,339.90300000,1689688799999,4.53729988,93,169.13800000,2.26022469,0
1689688800000,0.01344000,0.01348000,0.01333000,0.01339000,663.07900000,1689692399999,8.89514219,93,432.42400000,5.80768937,0
1689692400000,0.01337000,0.01346000,0.01335000,0.01344000,982.22600000,1689695999999,13.15485852,61,570.73400000,7.64928123,0
1689696000000,0.01343000,0.01349000,0.01326000,0.01342000,366.42400000,1689699599999,4.90447714,105,140.90100000,1.88624242,0
1689699600000,0.01347000,0.01347000,0.01331000,0.01347000,436.18900000,1689703199999,5.84541147,68,169.36500000,2.27299786,0
1689703200000,0.01345000,0.01350000,0.01342000,0.01348000,325.88900000,1689706799999,4.38866648,49,208.73400000,2.81137460,0
1689706800000,0.01347000,0.01355000,0.01336000,0.01337000,398.48000000,1689710399999,5.35056756,78,93.77600000,1.26212440,0
1689710400000,0.01340000,0.01341000,0.01331000,0.01333000,318.79100000,1689713999999,4.26541319,69,174.84500000,2.33920793,0
1689714000000,0.01334000,0.01336000,0.01323000,0.01332000,361.95600000,1689717599999,4.81863514,99,180.47400000,2.40267404,0
1689717600000,0.01333000,0.01343000,0.01331000,0.01341000,209.53800000,1689721199999,2.79587079,27,154.26500000,2.05946464,0
1689721200000,0.01342000,0.01347000,0.01339000,0.01346000,145.27200000,1689724799999,1.95278552,27,62.66600000,0.84264436,0
1689724800000,0.01344000,0.01374000,0.01336000,0.01368000,771.23000000,1689728399999,10.44117533,136,574.52700000,7.79032729,0
1689728400000,0.01366000,0.01382000,0.01361000,0.01378000,703.92900000,1689731999999,9.63364377,105,491.42900000,6.72777976,0
1689732000000,0.01378000,0.01382000,0.01369000,0.01375000,84.00100000,1689735599999,1.15307713,23,65.88900000,0.90416145,0
1689735600000,0.01379000,0.01389000,0.01377000,0.01381000,584.38200000,1689739199999,8.07178345,65,297.40500000,4.11083958,0
1689739200000,0.01379000,0.01383000,0.01371000,0.01372000,220.37200000,1689742799999,3.03595085,54,99.85200000,1.37545025,0
1689742800000,0.01374000,0.01384000,0.01374000,0.01384000,198.07800000,1689746399999,2.73444895,34,114.73700000,1.58405575,0
1689746400000,0.01382000,0.01382000,0.01371000,0.01374000,113.44700000,1689749999999,1.56227212,32,86.91000000,1.19674619,0
1689750000000,0.01373000,0.01381000,0.01368000,0.01372000,155.30000000,1689753599999,2.13736890,45,67.64100000,0.93177447,0
1689753600000,0.01372000,0.01372000,0.01352000,0.01357000,857.97800000,1689757199999,11.69309364,95,609.66000000,8.31110788,0
1689757200000,0.01354000,0.01380000,0.01354000,0.01380000,399.11600000,1689760799999,5.45961114,75,220.27100000,3.01754335,0
1689760800000,0.01380000,0.01385000,0.01377000,0.01377000,255.50400000,1689764399999,3.52927098,45,192.13900000,2.65512480,0
1689764400000,0.01378000,0.01387000,0.01374000,0.01387000,208.59900000,1689767999999,2.87853381,42,177.64600000,2.45206702,0
1689768000000,0.01382000,0.01382000,0.01374000,0.01378000,364.72600000,1689771599999,5.02489487,45,66.75100000,0.91987973,0
1689771600000,0.01378000,0.01392000,0.01369000,0.01381000,1015.39000000,1689775199999,14.05107698,158,539.18900000,7.47384840,0
1689775200000,0.01380000,0.01381000,0.01364000,0.01369000,513.15300000,1689778799999,7.04213627,108,221.93900000,3.04148102,0
1689778800000,0.01371000,0.01383000,0.01365000,0.01383000,467.89200000,1689782399999,6.43789800,72,187.36300000,2.58178932,0
1689782400000,0.01384000,0.01391000,0.01378000,0.01379000,385.17200000,1689785999999,5.32557844,58,280.32100000,3.87540057,0
1689786000000,0.01380000,0.01398000,0.01379000,0.01395000,402.29200000,1689789599999,5.59751011,80,239.81400000,3.33749555,0
1689789600000,0.01399000,0.01405000,0.01393000,0.01401000,954.56600000,1689793199999,13.35296197,109,432.00700000,6.04028333,0
1689793200000,0.01405000,0.01406000,0.01399000,0.01402000,226.03200000,1689796799999,3.16800582,40,139.88800000,1.96121178,0
1689796800000,0.01403000,0.01416000,0.01398000,0.01405000,702.25300000,1689800399999,9.89467852,101,549.84900000,7.74831667,0
1689800400000,0.01409000,0.01411000,0.01396000,0.01411000,651.06500000,1689803999999,9.15753465,87,588.40000000,8.27743928,0
1689804000000,0.01409000,0.01412000,0.01394000,0.01396000,521.96000000,1689807599999,7.32306888,54,94.26200000,1.31900087,0
1689807600000,0.01397000,0.01402000,0.01394000,0.01395000,161.56400000,1689811199999,2.25828018,30,88.94600000,1.24415711,0
1689811200000,0.01396000,0.01399000,0.01389000,0.01395000,254.22100000,1689814799999,3.54394977,48,146.86000000,2.04785707,0
1689814800000,0.01395000,0.01411000,0.01395000,0.01403000,369.97700000,1689818399999,5.17675203,62,324.64300000,4.54097208,0
1689818400000,0.01407000,0.01411000,0.01403000,0.01409000,49.55800000,1689821999999,0.69743710,17,9.97200000,0.14055952,0
1689822000000,0.01404000,0.01405000,0.01398000,0.01398000,136.19800000,1689825599999,1.90552539,23,37.28400000,0.52237772,0
1689825600000,0.01399000,0.01402000,0.01392000,0.01392000,112.60500000,1689829199999,1.57478822,26,74.32400000,1.04109667,0
1689829200000,0.01391000,0.01406000,0.01389000,0.01404000,565.39400000,1689832799999,7.91477495,49,304.69900000,4.26974254,0
1689832800000,0.01407000,0.01411000,0.01404000,0.01406000,201.43900000,1689836399999,2.83582475,31,144.29600000,2.03275284,0
1689836400000,0.01407000,0.01407000,0.01399000,0.01405000,591.53900000,1689839999999,8.31191532,44,253.98000000,3.56750909,0
1689840000000,0.01404000,0.01425000,0.01404000,0.01421000,585.58100000,1689843599999,8.27891202,116,478.89100000,6.76795958,0
1689843600000,0.01417000,0.01421000,0.01413000,0.01418000,999.01300000,1689847199999,14.15700591,113,535.45800000,7.58578526,0
1689847200000,0.01418000,0.01423000,0.01412000,0.01414000,231.39100000,1689850799999,3.28045890,46,137.81700000,1.95371147,0
1689850800000,0.01414000,0.01422000,0.01411000,0.01414000,210.12800000,1689854399999,2.98014066,42,146.13600000,2.07391030,0
1689854400000,0.01415000,0.01417000,0.01402000,0.01409000,187.14900000,1689857999999,2.63574251,57,45.82700000,0.64686895,0
1689858000000,0.01409000,0.01410000,0.01402000,0.01408000,381.21700000,1689861599999,5.35583550,66,164.24900000,2.30941007,0
1689861600000,0.01408000,0.01409000,0.01377000,0.01381000,501.53500000,1689865199999,6.97157789,171,183.46900000,2.55316903,0
1689865200000,0.01380000,0.01385000,0.01356000,0.01361000,927.76800000,1689868799999,12.72763658,170,235.97000000,3.25133593,0
1689868800000,0.01359000,0.01361000,0.01340000,0.01353000,1018.62200000,1689872399999,13.77820816,136,427.83800000,5.80406396,0
1689872400000,0.01354000,0.01356000,0.01347000,0.01355000,2300.11500000,1689875999999,31.16225968,97,1353.47100000,18.33800388,0
1689876000000,0.01352000,0.01354000,0.01343000,0.01348000,2469.23900000,1689879599999,33.29520786,131,352.84500000,4.76473131,0
1689879600000,0.01348000,0.01352000,0.01343000,0.01347000,1199.21700000,1689883199999,16.11909956,81,298.56000000,4.02011582,0
1689883200000,0.01344000,0.01344000,0.01332000,0.01335000,4851.78200000,1689886799999,64.94167756,176,1634.02100000,21.85964782,0
1689886800000,0.01339000,0.01352000,0.01339000,0.01352000,433.21800000,1689890399999,5.81798912,63,282.06500000,3.78631335,0
1689890400000,0.01350000,0.01350000,0.01341000,0.01347000,252.56400000,1689893999999,3.40115859,23,44.25100000,0.59566991,0
1689894000000,0.01347000,0.01349000,0.01340000,0.01342000,494.83700000,1689897599999,6.64748832,35,222.43100000,2.99363761,0
1689897600000,0.01341000,0.01344000,0.01325000,0.01334000,1109.28500000,1689901199999,14.78360958,94,317.29600000,4.23379784,0
1689901200000,0.01332000,0.01342000,0.01329000,0.01340000,257.80100000,1689904799999,3.43584267,36,89.23300000,1.19349438,0
1689904800000,0.01339000,0.01347000,0.01334000,0.01345000,209.70000000,1689908399999,2.80760155,34,57.67600000,0.77512363,0
1689908400000,0.01348000,0.01348000,0.01342000,0.01345000,2264.65600000,1689911999999,30.47667503,78,1687.38100000,22.71289537,0
1689912000000,0.01343000,0.01343000,0.01334000,0.01336000,167.00900000,1689915599999,2.23703470,44,93.46100000,1.25201260,0
1689915600000,0.01339000,0.01342000,0.01332000,0.01332000,455.59700000,1689919199999,6.09416647,52,133.76400000,1.78884454,0
1689919200000,0.01336000,0.01340000,0.01332000,0.01339000,118.03800000,1689922799999,1.57929285,24,76.23100000,1.02023585,0
1689922800000,0.01340000,0.01340000,0.01332000,0.01332000,542.33200000,1689926399999,7.24451321,51,229.46200000,3.06653705,0
1689926400000,0.01334000,0.01338000,0.01331000,0.01333000,4011.34500000,1689929999999,53.44486957,144,1790.30500000,23.85365690,0
1689930000000,0.01335000,0.01345000,0.01333000,0.01335000,374.66800000,1689933599999,5.01864525,49,317.44800000,4.25403665,0
1689933600000,0.01335000,0.01340000,0.01333000,0.01336000,294.47300000,1689937199999,3.94008647,34,176.89300000,2.36582215,0
1689937200000,0.01334000,0.01339000,0.01330000,0.01337000,457.92400000,1689940799999,6.11746435,55,332.08800000,4.43868199,0
1689940800000,0.01339000,0.01349000,0.01338000,0.01347000,389.61800000,1689944399999,5.24018068,70,158.25500000,2.12876273,0
1689944400000,0.01346000,0.01350000,0.01341000,0.01342000,344.69400000,1689947999999,4.63593195,46,128.31700000,1.72637832,0
1689948000000,0.01340000,0.01343000,0.01336000,0.01343000,387.56700000,1689951599999,5.19321499,60,64.17000000,0.86001923,0
1689951600000,0.01344000,0.01346000,0.01336000,0.01337000,194.15800000,1689955199999,2.59895600,33,5.69800000,0.07640112,0
1689955200000,0.01336000,0.01339000,0.01333000,0.01337000,330.97100000,1689958799999,4.42598489,61,215.12400000,2.87786102,0
1689958800000,0.01339000,0.01347000,0.01339000,0.01344000,192.50400000,1689962399999,2.58542785,51,50.84800000,0.68304120,0
1689962400000,0.01346000,0.01366000,0.01346000,0.01363000,771.43900000,1689965999999,10.49379523,117,435.68400000,5.92770947,0
1689966000000,0.01363000,0.01364000,0.01351000,0.01360000,3738.71600000,1689969599999,50.96707209,83,471.28000000,6.41543208,0
1689969600000,0.01361000,0.01364000,0.01356000,0.01360000,368.61100000,1689973199999,5.01181363,37,111.95400000,1.52348646,0
1689973200000,0.01359000,0.01359000,0.01352000,0.01354000,127.65800000,1689976799999,1.73084484,34,49.70800000,0.67504529,0
1689976800000,0.01355000,0.01365000,0.01354000,0.01361000,145.79700000,1689980399999,1.98456705,31,112.41500000,1.53151025,0
1689980400000,0.01361000,0.01361000,0.01345000,0.01349000,148.09800000,1689983999999,2.00674757,48,62.72000000,0.84923446,0
1689984000000,0.01348000,0.01364000,0.01348000,0.01361000,197.22500000,1689987599999,2.67986632,42,102.78300000,1.39508188,0
1689987600000,0.01358000,0.01362000,0.01357000,0.01358000,153.37800000,1689991199999,2.08611077,17,39.76000000,0.54003250,0
1689991200000,0.01357000,0.01364000,0.01356000,0.01364000,108.92700000,1689994799999,1.48076474,18,59.55200000,0.81097334,0
1689994800000,0.01362000,0.01369000,0.01360000,0.01364000,520.88500000,1689998399999,7.11605558,45,110.80100000,1.51429808,0
1689998400000,0.01363000,0.01364000,0.01355000,0.01355000,98.42500000,1690001999999,1.33676532,22,36.32300000,0.49445101,0
1690002000000,0.01357000,0.01357000,0.01351000,0.01356000,160.20400000,1690005599999,2.17174531,38,105.85300000,1.43508295,0
1690005600000,0.01357000,0.01358000,0.01357000,0.01357000,47.95400000,1690009199999,0.65076078,7,12.87800000,0.17477946,0
1690009200000,0.01357000,0.01363000,0.01355000,0.01363000,153.72100000,1690012799999,2.09002629,25,95.83000000,1.30191958,0
1690012800000,0.01362000,0.01367000,0.01361000,0.01366000,266.51200000,1690016399999,3.63699623,31,170.60900000,2.33037927,0
1690016400000,0.01361000,0.01367000,0.01358000,0.01358000,461.11800000,1690019999999,6.29301396,60,223.93100000,3.05686315,0
1690020000000,0.01357000,0.01360000,0.01349000,0.01356000,853.87700000,1690023599999,11.56275960,76,373.48600000,5.06144038,0
1690023600000,0.01357000,0.01360000,0.01355000,0.01356000,140.46400000,1690027199999,1.90855623,31,111.01800000,1.50900950,0
1690027200000,0.01354000,0.01357000,0.01354000,0.01354000,176.35400000,1690030799999,2.39061406,43,7.56200000,0.10252386,0
1690030800000,0.01355000,0.01359000,0.01354000,0.01356000,83.36400000,1690034399999,1.13102035,25,49.88600000,0.67648694,0
1690034400000,0.01356000,0.01363000,0.01356000,0.01361000,117.27000000,1690037999999,1.59462230,28,35.93500000,0.48879944,0
1690038000000,0.01359000,0.01362000,0.01355000,0.01359000,198.16600000,1690041599999,2.69129684,32,182.72000000,2.48156649,0
1690041600000,0.01358000,0.01363000,0.01357000,0.01358000,153.11900000,1690045199999,2.08432274,51,100.89900000,1.37460358,0
1690045200000,0.01357000,0.01359000,0.01354000,0.01354000,35.83500000,1690048799999,0.48597116,20,8.64500000,0.11720315,0
1690048800000,0.01353000,0.01353000,0.01340000,0.01343000,798.99600000,1690052399999,10.76009699,104,567.56900000,7.64162046,0
1690052400000,0.01346000,0.01349000,0.01339000,0.01342000,232.46400000,1690055999999,3.12617265,50,97.47900000,1.31064279,0
1690056000000,0.01338000,0.01342000,0.01334000,0.01341000,668.37800000,1690059599999,8.94334581,61,118.18900000,1.58224054,0
1690059600000,0.01341000,0.01344000,0.01339000,0.01341000,797.65800000,1690063199999,10.70409537,55,461.69400000,6.19630726,0
1690063200000,0.01341000,0.01341000,0.01332000,0.01336000,743.98500000,1690066799999,9.95397030,68,155.15900000,2.07665526,0
1690066800000,0.01336000,0.01336000,0.01295000,0.01315000,3158.09600000,1690070399999,41.37243585,345,1168.30200000,15.33460760,0
1690070400000,0.01313000,0.01314000,0.01300000,0.01306000,310.83500000,1690073999999,4.06433098,61,130.40900000,1.70702123,0
1690074000000,0.01307000,0.01314000,0.01307000,0.01313000,194.84500000,1690077599999,2.55111710,43,95.94000000,1.25627442,0
1690077600000,0.01313000,0.01319000,0.01312000,0.01315000,48.77400000,1690081199999,0.64145899,20,22.48700000,0.29618594,0
1690081200000,0.01318000,0.01325000,0.01316000,0.01321000,42.39100000,1690084799999,0.56020289,24,31.03400000,0.41016970,0
1690084800000,0.01322000,0.01323000,0.01317000,0.01319000,366.79800000,1690088399999,4.84075240,23,53.74100000,0.70987329,0
1690088400000,0.01322000,0.01324000,0.01321000,0.01324000,28.65700000,1690091999999,0.37895975,15,14.64700000,0.19367019,0
1690092000000,0.01325000,0.01325000,0.01317000,0.01320000,293.70300000,1690095599999,3.88162629,47,121.64500000,1.60513904,0
1690095600000,0.01320000,0.01320000,0.01315000,0.01316000,1236.67900000,1690099199999,16.27664466,115,1175.21700000,15.46764067,0
1690099200000,0.01317000,0.01322000,0.01315000,0.01321000,159.11200000,1690102799999,2.09844252,59,92.94400000,1.22546216,0
1690102800000,0.01322000,0.01324000,0.01316000,0.01316000,218.92100000,1690106399999,2.89125267,37,126.34300000,1.66818274,0
1690106400000,0.01319000,0.01320000,0.01314000,0.01315000,227.53500000,1690109999999,2.99684001,66,141.87100000,1.86878845,0
1690110000000,0.01314000,0.01318000,0.01314000,0.01315000,45.31100000,1690113599999,0.59605929,28,27.19300000,0.35781973,0
1690113600000,0.01314000,0.01317000,0.01308000,0.01312000,1196.84300000,1690117199999,15.70540331,100,283.77100000,3.73345712,0
1690117200000,0.01313000,0.01314000,0.01310000,0.01313000,241.68500000,1690120799999,3.17085838,27,209.96300000,2.75461193,0
1690120800000,0.01313000,0.01317000,0.01311000,0.01313000,87.03600000,1690124399999,1.14289261,29,51.51900000,0.67654382,0
1690124400000,0.01314000,0.01318000,0.01314000,0.01316000,654.89100000,1690127999999,8.62230408,61,408.72800000,5.38317550,0
1690128000000,0.01317000,0.01328000,0.01317000,0.01325000,205.15000000,1690131599999,2.71244021,58,127.16900000,1.68243946,0
1690131600000,0.01322000,0.01330000,0.01321000,0.01326000,639.27800000,1690135199999,8.46305961,62,470.78900000,6.23140251,0
1690135200000,0.01326000,0.01326000,0.01321000,0.01325000,230.92300000,1690138799999,3.05948643,59,152.51800000,2.02137143,0
1690138800000,0.01325000,0.01327000,0.01315000,0.01316000,212.88000000,1690142399999,2.81340349,54,93.56700000,1.23711565,0
1690142400000,0.01318000,0.01319000,0.01316000,0.01318000,255.11600000,1690145999999,3.36341113,29,207.46700000,2.73612909,0
1690146000000,0.01317000,0.01317000,0.01306000,0.01306000,206.98500000,1690149599999,2.70891702,43,155.34400000,2.03260191,0
1690149600000,0.01307000,0.01312000,0.01306000,0.01312000,491.49500000,1690153199999,6.43802225,58,134.32100000,1.76021255,0
1690153200000,0.01312000,0.01315000,0.01310000,0.01312000,107.17700000,1690156799999,1.40616368,27,34.16500000,0.44858356,0
1690156800000,0.01311000,0.01313000,0.01307000,0.01309000,401.12300000,1690160399999,5.25136918,43,272.61100000,3.56913604,0
1690160400000,0.01307000,0.01307000,0.01299000,0.01299000,278.51900000,1690163999999,3.62667365,59,61.81400000,0.80566355,0
1690164000000,0.01301000,0.01303000,0.01295000,0.01303000,139.71000000,1690167599999,1.81641746,30,104.79300000,1.36355606,0
1690167600000,0.01303000,0.01307000,0.01302000,0.01302000,59.48500000,1690171199999,0.77601021,12,42.86100000,0.55926070,0
1690171200000,0.01303000,0.01303000,0.01292000,0.01297000,218.31600000,1690174799999,2.83971427,32,161.36500000,2.10230556,0
1690174800000,0.01301000,0.01306000,0.01300000,0.01304000,285.38400000,1690178399999,3.72156008,23,208.57400000,2.72151420,0
1690178400000,0.01307000,0.01307000,0.01303000,0.01305000,42.51500000,1690181999999,0.55493792,17,25.30100000,0.33048943,0
1690182000000,0.01306000,0.01315000,0.01306000,0.01310000,139.46600000,1690185599999,1.82649744,38,50.82300000,0.66548317,0
1690185600000,0.01309000,0.01313000,0.01308000,0.01310000,199.66500000,1690189199999,2.61628189,40,52.34400000,0.68658414,0
1690189200000,0.01310000,0.01312000,0.01257000,0.01269000,5697.55700000,1690192799999,73.18940578,411,1692.92400000,21.56508521,0
1690192800000,0.01268000,0.01285000,0.01267000,0.01283000,1989.36200000,1690196399999,25.46338770,133,1502.11200000,19.23595248,0
1690196400000,0.01283000,0.01286000,0.01275000,0.01275000,153.80300000,1690199999999,1.96903615,37,52.36500000,0.66984285,0
1690200000000,0.01275000,0.01276000,0.01271000,0.01276000,1217.22300000,1690203599999,15.51345013,82,1131.18600000,14.41797567,0
1690203600000,0.01275000,0.01278000,0.01267000,0.01270000,333.87200000,1690207199999,4.24751392,93,156.30700000,1.99106419,0
1690207200000,0.01270000,0.01272000,0.01258000,0.01260000,1542.04900000,1690210799999,19.49845744,117,374.63800000,4.74322601,0
1690210800000,0.01261000,0.01268000,0.01247000,0.01260000,440.40800000,1690214399999,5.52969592,137,212.29000000,2.66750317,0
1690214400000,0.01261000,0.01267000,0.01255000,0.01266000,487.31800000,1690217999999,6.14112217,112,297.33800000,3.74954187,0
1690218000000,0.01264000,0.01264000,0.01257000,0.01261000,324.41500000,1690221599999,4.09599449,38,244.91300000,3.09443207,0
1690221600000,0.01261000,0.01269000,0.01258000,0.01263000,599.34000000,1690225199999,7.56671953,66,188.45600000,2.38141062,0
1690225200000,0.01264000,0.01266000,0.01259000,0.01259000,1057.43500000,1690228799999,13.38087291,41,334.12000000,4.22862383,0
1690228800000,0.01260000,0.01266000,0.01258000,0.01264000,380.21300000,1690232399999,4.79443971,48,208.43600000,2.63040947,0
1690232400000,0.01263000,0.01273000,0.01263000,0.01273000,644.22500000,1690235999999,8.16648154,50,576.38900000,7.30700562,0
1690236000000,0.01273000,0.01276000,0.01265000,0.01267000,507.49400000,1690239599999,6.44878016,87,249.95500000,3.17552665,0
1690239600000,0.01266000,0.01268000,0.01263000,0.01264000,457.11400000,1690243199999,5.78067659,34,431.21600000,5.45320779,0
1690243200000,0.01262000,0.01265000,0.01257000,0.01260000,146.76100000,1690246799999,1.84959064,38,86.45000000,1.08925550,0
1690246800000,0.01256000,0.01259000,0.01255000,0.01259000,217.19900000,1690250399999,2.72706615,34,205.45600000,2.57961154,0
1690250400000,0.01261000,0.01268000,0.01261000,0.01268000,164.13400000,1690253999999,2.07476817,27,135.90300000,1.71778148,0
1690254000000,0.01265000,0.01269000,0.01261000,0.01261000,563.17400000,1690257599999,7.11353709,46,416.89100000,5.26614032,0
1690257600000,0.01263000,0.01263000,0.01254000,0.01255000,276.58500000,1690261199999,3.47087185,28,29.94500000,0.37635471,0
1690261200000,0.01257000,0.01260000,0.01255000,0.01259000,68.42000000,1690264799999,0.86110449,11,46.06400000,0.57994859,0
1690264800000,0.01259000,0.01259000,0.01245000,0.01251000,1462.53500000,1690268399999,18.33889882,101,966.74700000,12.14289247,0
1690268400000,0.01251000,0.01253000,0.01243000,0.01246000,268.54800000,1690271999999,3.36023185,32,210.00900000,2.62895199,0
1690272000000,0.01248000,0.01250000,0.01245000,0.01250000,453.69800000,1690275599999,5.65573940,52,82.83200000,1.03330376,0
1690275600000,0.01251000,0.01257000,0.01250000,0.01252000,271.79500000,1690279199999,3.40455532,29,262.07300000,3.28270766,0
1690279200000,0.01252000,0.01253000,0.01251000,0.01252000,186.26600000,1690282799999,2.33202723,21,125.46400000,1.57092343,0
1690282800000,0.01249000,0.01252000,0.01248000,0.01248000,299.87200000,1690286399999,3.75099225,32,196.14100000,2.45546451,0
1690286400000,0.01252000,0.01252000,0.01244000,0.01245000,783.66900000,1690289999999,9.77669603,76,385.62500000,4.81049713,0
1690290000000,0.01245000,0.01254000,0.01229000,0.01252000,1525.06400000,1690293599999,18.94482580,196,759.15100000,9.40167410,0
1690293600000,0.01255000,0.01263000,0.01247000,0.01252000,618.45300000,1690297199999,7.77673335,103,383.51200000,4.82900783,0
1690297200000,0.01250000,0.01254000,0.01249000,0.01251000,345.31700000,1690300799999,4.32491162,33,229.33500000,2.87280012,0
1690300800000,0.01249000,0.01255000,0.01249000,0.01252000,191.75500000,1690304399999,2.40026975,36,62.52500000,0.78271037,0
1690304400000,0.01253000,0.01255000,0.01246000,0.01255000,390.17000000,1690307999999,4.88315413,53,112.37600000,1.40832106,0
1690308000000,0.01255000,0.01258000,0.01250000,0.01250000,85.60100000,1690311599999,1.07337687,25,49.87200000,0.62617875,0
1690311600000,0.01249000,0.01254000,0.01247000,0.01247000,269.20100000,1690315199999,3.36957870,31,253.75900000,3.17651240,0
1690315200000,0.01246000,0.01250000,0.01244000,0.01246000,212.33100000,1690318799999,2.64636992,33,61.20700000,0.76261402,0
1690318800000,0.01249000,0.01253000,0.01249000,0.01253000,209.10700000,1690322399999,2.61454249,45,39.19500000,0.49061212,0
1690322400000,0.01251000,0.01253000,0.01246000,0.01246000,73.67700000,1690325999999,0.92076125,20,58.13300000,0.72656558,0
1690326000000,0.01246000,0.01254000,0.01245000,0.01254000,109.67600000,1690329599999,1.36907367,22,41.73000000,0.52207311,0
1690329600000,0.01254000,0.01256000,0.01252000,0.01253000,156.32500000,1690333199999,1.95882099,23,110.28100000,1.38162261,0
1690333200000,0.01257000,0.01267000,0.01255000,0.01266000,257.69000000,1690336799999,3.24668921,85,190.35900000,2.39854437,0
1690336800000,0.01267000,0.01267000,0.01257000,0.01262000,634.59100000,1690340399999,8.01134752,80,354.77900000,4.47413660,0
1690340400000,0.01264000,0.01272000,0.01264000,0.01265000,307.78300000,1690343999999,3.89891864,46,67.44300000,0.85600935,0
1690344000000,0.01263000,0.01265000,0.01260000,0.01260000,24.84300000,1690347599999,0.31393553,10,13.05600000,0.16506352,0
1690347600000,0.01264000,0.01268000,0.01262000,0.01267000,203.11100000,1690351199999,2.56901923,35,95.03100000,1.20111094,0
1690351200000,0.01266000,0.01270000,0.01262000,0.01262000,299.29500000,1690354799999,3.78894335,36,189.10100000,2.39659244,0
1690354800000,0.01264000,0.01268000,0.01264000,0.01268000,199.36900000,1690358399999,2.52136511,31,105.15000000,1.33006037,0
1690358400000,0.01267000,0.01273000,0.01267000,0.01268000,9640.48200000,1690361999999,122.52928720,481,9414.58300000,119.65938480,0
1690362000000,0.01270000,0.01274000,0.01268000,0.01270000,222.14000000,1690365599999,2.82147339,32,136.60800000,1.73583345,0
1690365600000,0.01271000,0.01285000,0.01271000,0.01280000,446.65300000,1690369199999,5.71435494,89,292.48600000,3.74552289,0
1690369200000,0.01281000,0.01294000,0.01281000,0.01288000,364.33000000,1690372799999,4.69259232,89,288.38800000,3.71432117,0
1690372800000,0.01291000,0.01324000,0.01291000,0.01318000,1203.64700000,1690376399999,15.76552485,227,826.99600000,10.84056396,0
1690376400000,0.01315000,0.01326000,0.01311000,0.01320000,1695.89100000,1690379999999,22.38407441,176,467.38800000,6.16495193,0
1690380000000,0.01322000,0.01326000,0.01308000,0.01316000,443.33800000,1690383599999,5.83343390,85,254.68400000,3.35235076,0
1690383600000,0.01318000,0.01342000,0.01318000,0.01338000,1068.01000000,1690387199999,14.26955007,160,403.52900000,5.39199037,0
1690387200000,0.01341000,0.01341000,0.01327000,0.01328000,623.46100000,1690390799999,8.32370328,69,128.58000000,1.71749341,0
1690390800000,0.01327000,0.01334000,0.01320000,0.01328000,947.19000000,1690394399999,12.56730049,88,180.98200000,2.40669365,0
1690394400000,0.01331000,0.01367000,0.01327000,0.01342000,4621.99100000,1690397999999,62.47306325,477,3384.71300000,45.83936253,0
1690398000000,0.01342000,0.01357000,0.01335000,0.01355000,871.24700000,1690401599999,11.74878375,167,576.31800000,7.78120839,0
1690401600000,0.01354000,0.01359000,0.01340000,0.01342000,830.77900000,1690405199999,11.21654363,112,409.26900000,5.53888462,0
1690405200000,0.01342000,0.01354000,0.01338000,0.01350000,1588.17800000,1690408799999,21.28269332,126,938.61400000,12.57783546,0
1690408800000,0.01352000,0.01358000,0.01348000,0.01350000,177.24300000,1690412399999,2.40016148,32,127.31600000,1.72597173,0
1690412400000,0.01351000,0.01354000,0.01340000,0.01345000,1466.45000000,1690415999999,19.71299380,85,502.37100000,6.75658075,0
1690416000000,0.01346000,0.01362000,0.01332000,0.01344000,412.90700000,1690419599999,5.56072786,160,239.47200000,3.23465384,0
1690419600000,0.01341000,0.01341000,0.01331000,0.01331000,313.33100000,1690423199999,4.18422075,60,182.19800000,2.43573506,0
1690423200000,0.01330000,0.01330000,0.01317000,0.01321000,458.21200000,1690426799999,6.06226284,98,179.29000000,2.37246230,0
1690426800000,0.01321000,0.01334000,0.01319000,0.01330000,311.49000000,1690430399999,4.12727398,46,91.97500000,1.21569213,0
1690430400000,0.01328000,0.01343000,0.01328000,0.01339000,259.02300000,1690433999999,3.46648437,60,77.50500000,1.03723766,0
1690434000000,0.01339000,0.01347000,0.01335000,0.01347000,211.50800000,1690437599999,2.83777737,51,93.90700000,1.26066796,0
1690437600000,0.01348000,0.01349000,0.01338000,0.01340000,200.00800000,1690441199999,2.68413563,51,63.70700000,0.85630022,0
1690441200000,0.01338000,0.01344000,0.01335000,0.01335000,416.24800000,1690444799999,5.57809897,56,106.23600000,1.42379740,0
1690444800000,0.01335000,0.01347000,0.01332000,0.01343000,786.19800000,1690448399999,10.50129350,85,113.86700000,1.52936993,0
1690448400000,0.01344000,0.01352000,0.01344000,0.01344000,650.83900000,1690451999999,8.77541193,68,493.43000000,6.65535688,0
1690452000000,0.01345000,0.01350000,0.01342000,0.01342000,362.38000000,1690455599999,4.86940130,49,125.37800000,1.68669056,0
1690455600000,0.01341000,0.01353000,0.01341000,0.01352000,609.27400000,1690459199999,8.22336734,74,453.35500000,6.12167240,0
1690459200000,0.01353000,0.01357000,0.01347000,0.01347000,303.51000000,1690462799999,4.10426565,71,186.46400000,2.52472175,0
1690462800000,0.01347000,0.01362000,0.01345000,0.01359000,245.20500000,1690466399999,3.31499112,82,188.13800000,2.54401312,0
1690466400000,0.01358000,0.01370000,0.01351000,0.01360000,1217.73000000,1690469999999,16.57860527,175,689.36100000,9.38875535,0
1690470000000,0.01362000,0.01368000,0.01341000,0.01348000,753.70800000,1690473599999,10.20198847,141,234.95600000,3.17950303,0
1690473600000,0.01346000,0.01355000,0.01346000,0.01353000,201.17900000,1690477199999,2.71660336,51,70.32200000,0.95016088,0
1690477200000,0.01351000,0.01354000,0.01344000,0.01352000,499.40300000,1690480799999,6.74194470,41,252.22200000,3.40715539,0
1690480800000,0.01350000,0.01350000,0.01334000,0.01341000,1071.87600000,1690484399999,14.34704889,126,164.76900000,2.20800013,0
1690484400000,0.01338000,0.01341000,0.01331000,0.01341000,131.35900000,1690487999999,1.75436813,44,48.39800000,0.64748949,0
1690488000000,0.01342000,0.01344000,0.01332000,0.01332000,429.60400000,1690491599999,5.75677269,49,195.58100000,2.62281937,0
1690491600000,0.01334000,0.01349000,0.01334000,0.01346000,133.52100000,1690495199999,1.79130411,41,53.32400000,0.71438839,0
1690495200000,0.01349000,0.01357000,0.01348000,0.01350000,270.00600000,1690498799999,3.65777794,56,218.36700000,2.95978932,0
1690498800000,0.01354000,0.01355000,0.01348000,0.01348000,219.80700000,1690502399999,2.96921855,26,95.59100000,1.29427475,0
1690502400000,0.01347000,0.01362000,0.01345000,0.01360000,59.17900000,1690505999999,0.80225593,52,42.10700000,0.57149242,0
1690506000000,0.01358000,0.01358000,0.01349000,0.01349000,70.27200000,1690509599999,0.95086392,27,26.05900000,0.35371778,0
1690509600000,0.01349000,0.01352000,0.01342000,0.01343000,58.43600000,1690513199999,0.78624146,26,36.35900000,0.48926198,0
1690513200000,0.01341000,0.01341000,0.01335000,0.01336000,90.19600000,1690516799999,1.20672952,33,8.96300000,0.12010420,0
1690516800000,0.01340000,0.01341000,0.01336000,0.01341000,95.86600000,1690520399999,1.28364752,13,89.07800000,1.19282330,0
1690520400000,0.01340000,0.01340000,0.01322000,0.01327000,402.94500000,1690523999999,5.35975266,90,138.06000000,1.83858450,0
1690524000000,0.01328000,0.01331000,0.01327000,0.01329000,626.71800000,1690527599999,8.32873112,50,56.98100000,0.75753605,0
1690527600000,0.01329000,0.01331000,0.01322000,0.01322000,268.69500000,1690531199999,3.56505927,37,75.29700000,0.99949472,0
1690531200000,0.01323000,0.01327000,0.01320000,0.01326000,318.74100000,1690534799999,4.22229034,49,184.61100000,2.44648818,0
1690534800000,0.01324000,0.01327000,0.01318000,0.01327000,141.44200000,1690538399999,1.87033089,39,72.38500000,0.95804215,0
1690538400000,0.01325000,0.01327000,0.01322000,0.01326000,280.57800000,1690541999999,3.71456468,61,149.77400000,1.98266105,0
1690542000000,0.01323000,0.01323000,0.01320000,0.01320000,321.60300000,1690545599999,4.24992844,34,161.65700000,2.13780891,0
1690545600000,0.01320000,0.01323000,0.01320000,0.01323000,239.31100000,1690549199999,3.16340533,44,143.83000000,1.90217216,0
1690549200000,0.01323000,0.01324000,0.01321000,0.01321000,77.19900000,1690552799999,1.02097886,16,38.55200000,0.50978865,0
1690552800000,0.01322000,0.01338000,0.01321000,0.01338000,346.57900000,1690556399999,4.60895717,83,177.16900000,2.35496891,0
1690556400000,0.01338000,0.01359000,0.01337000,0.01344000,594.76000000,1690559999999,8.03294845,183,299.63900000,4.04826939,0
1690560000000,0.01343000,0.01349000,0.01338000,0.01346000,684.56500000,1690563599999,9.18265287,63,344.33500000,4.61624757,0
1690563600000,0.01349000,0.01356000,0.01330000,0.01337000,354.86400000,1690567199999,4.76536719,122,105.51400000,1.42503282,0
1690567200000,0.01337000,0.01341000,0.01334000,0.01337000,361.43500000,1690570799999,4.82873994,72,147.09000000,1.96658332,0
1690570800000,0.01337000,0.01340000,0.01336000,0.01336000,237.29400000,1690574399999,3.17583709,45,106.15600000,1.42121373,0
1690574400000,0.01335000,0.01339000,0.01333000,0.01334000,58.92100000,1690577999999,0.78718424,31,36.46900000,0.48732303,0
1690578000000,0.01334000,0.01336000,0.01332000,0.01332000,94.79900000,1690581599999,1.26392752,23,8.37300000,0.11183338,0
1690581600000,0.01330000,0.01332000,0.01326000,0.01328000,208.52800000,1690585199999,2.76960282,49,35.55300000,0.47244788,0
1690585200000,0.01327000,0.01331000,0.01324000,0.01324000,122.13800000,1690588799999,1.62392940,28,95.92700000,1.27627254,0
1690588800000,0.01323000,0.01330000,0.01322000,0.01329000,112.32400000,1690592399999,1.49199602,24,77.17700000,1.02623436,0
1690592400000,0.01328000,0.01335000,0.01328000,0.01335000,131.61000000,1690595999999,1.75007446,32,63.35500000,0.84318683,0
1690596000000,0.01336000,0.01341000,0.01333000,0.01341000,124.32200000,1690599599999,1.66036427,36,28.25700000,0.37786497,0
1690599600000,0.01342000,0.01343000,0.01339000,0.01343000,43.34100000,1690603199999,0.58097486,14,41.55400000,0.55702012,0
1690603200000,0.01341000,0.01344000,0.01340000,0.01341000,202.98600000,1690606799999,2.72459850,35,48.58200000,0.65231169,0
1690606800000,0.01343000,0.01346000,0.01341000,0.01346000,555.88300000,1690610399999,7.47395012,57,549.92400000,7.39386589,0
1690610400000,0.01342000,0.01343000,0.01338000,0.01339000,338.31400000,1690613999999,4.54107241,21,306.36300000,4.11294368,0
1690614000000,0.01341000,0.01341000,0.01338000,0.01338000,120.26500000,1690617599999,1.61097901,23,38.96400000,0.52242086,0
1690617600000,0.01340000,0.01344000,0.01335000,0.01336000,359.09100000,1690621199999,4.80874838,39,79.50100000,1.06604075,0
1690621200000,0.01335000,0.01344000,0.01335000,0.01340000,159.40700000,1690624799999,2.13433869,36,114.05600000,1.52610301,0
1690624800000,0.01340000,0.01340000,0.01334000,0.01336000,216.39100000,1690628399999,2.89396878,36,85.19600000,1.13929988,0
1690628400000,0.01336000,0.01339000,0.01333000,0.01335000,160.52300000,1690631999999,2.14372302,25,39.37600000,0.52617491,0
1690632000000,0.01335000,0.01343000,0.01334000,0.01337000,170.36900000,1690635599999,2.28488366,39,137.70900000,1.84702118,0
1690635600000,0.01341000,0.01343000,0.01338000,0.01340000,84.83600000,1690639199999,1.13653550,23,27.17600000,0.36418762,0
1690639200000,0.01338000,0.01340000,0.01331000,0.01334000,190.98600000,1690642799999,2.54810328,40,99.47500000,1.32756344,0
1690642800000,0.01336000,0.01339000,0.01335000,0.01338000,103.17300000,1690646399999,1.37924940,28,46.15500000,0.61752490,0
1690646400000,0.01339000,0.01342000,0.01338000,0.01342000,218.11200000,1690649999999,2.92144307,42,154.48800000,2.06968713,0
1690650000000,0.01341000,0.01349000,0.01341000,0.01347000,153.50700000,1690653599999,2.06291045,43,62.67800000,0.84181387,0
1690653600000,0.01347000,0.01347000,0.01342000,0.01342000,383.13500000,1690657199999,5.15112173,33,105.31600000,1.41775368,0
1690657200000,0.01343000,0.01346000,0.01342000,0.01345000,321.49500000,1690660799999,4.31982595,39,75.64600000,1.01713968,0
1690660800000,0.01344000,0.01346000,0.01342000,0.01344000,429.92300000,1690664399999,5.78254321,36,242.60500000,3.26454580,0
1690664400000,0.01344000,0.01346000,0.01339000,0.01339000,208.91300000,1690667999999,2.80427476,32,170.31800000,2.28705670,0
1690668000000,0.01340000,0.01345000,0.01340000,0.01345000,654.32700000,1690671599999,8.78857600,32,285.91500000,3.84056912,0
1690671600000,0.01343000,0.01345000,0.01337000,0.01337000,83.25400000,1690675199999,1.11671216,20,28.07800000,0.37711438,0
1690675200000,0.01338000,0.01338000,0.01335000,0.01337000,165.34900000,1690678799999,2.21057244,35,59.54000000,0.79621591,0
1690678800000,0.01337000,0.01337000,0.01335000,0.01337000,84.92000000,1690682399999,1.13421933,11,11.50800000,0.15383949,0
1690682400000,0.01335000,0.01337000,0.01334000,0.01334000,36.31600000,1690685999999,0.48529131,10,21.03200000,0.28119275,0
1690686000000,0.01334000,0.01337000,0.01333000,0.01333000,192.61900000,1690689599999,2.56982587,19,33.27900000,0.44470618,0
1690689600000,0.01333000,0.01334000,0.01330000,0.01334000,100.38700000,1690693199999,1.33622691,26,74.92500000,0.99710810,0
1690693200000,0.01335000,0.01337000,0.01335000,0.01335000,77.53800000,1690696799999,1.03549147,19,52.62000000,0.70278699,0
1690696800000,0.01335000,0.01336000,0.01330000,0.01331000,120.88800000,1690700399999,1.61248774,20,24.71400000,0.32924140,0
1690700400000,0.01330000,0.01331000,0.01327000,0.01329000,193.05100000,1690703999999,2.56744573,24,90.74400000,1.20709962,0
1690704000000,0.01330000,0.01334000,0.01330000,0.01332000,152.99100000,1690707599999,2.03897923,17,107.14500000,1.42838640,0
1690707600000,0.01333000,0.01333000,0.01331000,0.01333000,278.27600000,1690711199999,3.70512623,27,35.96000000,0.47927237,0
1690711200000,0.01334000,0.01335000,0.01325000,0.01325000,475.19400000,1690714799999,6.32157854,46,59.78100000,0.79527326,0
1690714800000,0.01329000,0.01333000,0.01328000,0.01331000,2344.42400000,1690718399999,31.20476157,59,303.66900000,4.04181758,0
1690718400000,0.01330000,0.01332000,0.01329000,0.01332000,138.16000000,1690721999999,1.83910140,28,77.45100000,1.03138169,0
1690722000000,0.01331000,0.01331000,0.01321000,0.01323000,267.55000000,1690725599999,3.54960228,61,188.56100000,2.50238075,0
1690725600000,0.01322000,0.01327000,0.01321000,0.01325000,287.13900000,1690729199999,3.80143743,47,88.51000000,1.17238304,0
1690729200000,0.01327000,0.01333000,0.01324000,0.01326000,437.73800000,1690732799999,5.81280366,68,268.20600000,3.56158459,0
1690732800000,0.01328000,0.01331000,0.01327000,0.01327000,199.46800000,1690736399999,2.64938003,24,49.83700000,0.66194221,0
1690736400000,0.01326000,0.01331000,0.01326000,0.01330000,131.56400000,1690739999999,1.74797337,25,4.79600000,0.06380002,0
1690740000000,0.01330000,0.01330000,0.01325000,0.01325000,103.40700000,1690743599999,1.37269596,22,35.32400000,0.46915550,0
1690743600000,0.01326000,0.01327000,0.01276000,0.01300000,6453.47300000,1690747199999,83.66343450,611,2149.76100000,27.91574725,0
1690747200000,0.01299000,0.01305000,0.01270000,0.01304000,1790.28100000,1690750799999,23.09786736,258,830.75100000,10.71629099,0
1690750800000,0.01300000,0.01306000,0.01300000,0.01302000,1072.56700000,1690754399999,13.98423032,60,886.13100000,11.55333648,0
1690754400000,0.01303000,0.01303000,0.01297000,0.01297000,261.06600000,1690757999999,3.39166013,59,151.28000000,1.96593594,0
1690758000000,0.01299000,0.01305000,0.01298000,0.01303000,269.81800000,1690761599999,3.51804684,32,197.82200000,2.58034921,0
1690761600000,0.01300000,0.01311000,0.01297000,0.01306000,278.97700000,1690765199999,3.63328135,50,186.07800000,2.42492799,0
1690765200000,0.01308000,0.01308000,0.01304000,0.01304000,3520.57100000,1690768799999,45.91280216,146,162.52800000,2.12179511,0
1690768800000,0.01308000,0.01324000,0.01308000,0.01324000,398.94800000,1690772399999,5.25681516,80,370.11100000,4.87749663,0
1690772400000,0.01323000,0.01323000,0.01317000,0.01319000,1000.68700000,1690775999999,13.20223812,52,41.25300000,0.54471702,0
1690776000000,0.01319000,0.01319000,0.01309000,0.01312000,812.53400000,1690779599999,10.65392770,50,404.07800000,5.30205641,0
1690779600000,0.01312000,0.01313000,0.01310000,0.01310000,60.51600000,1690783199999,0.79325806,13,30.34700000,0.39792554,0
1690783200000,0.01310000,0.01314000,0.01309000,0.01313000,368.53300000,1690786799999,4.83004075,25,104.06200000,1.36622643,0
1690786800000,0.01312000,0.01315000,0.01311000,0.01314000,346.22000000,1690790399999,4.54705512,41,177.39300000,2.33031304,0
1690790400000,0.01314000,0.01316000,0.01312000,0.01314000,154.33400000,1690793999999,2.02804099,31,77.37200000,1.01695496,0
1690794000000,0.01314000,0.01314000,0.01307000,0.01310000,218.18800000,1690797599999,2.85489477,34,133.60700000,1.74828097,0
1690797600000,0.01310000,0.01313000,0.01305000,0.01311000,417.95500000,1690801199999,5.47488195,55,229.34700000,3.00708847,0
1690801200000,0.01312000,0.01313000,0.01308000,0.01309000,596.66200000,1690804799999,7.82150694,47,515.18200000,6.75477257,0
1690804800000,0.01309000,0.01320000,0.01307000,0.01317000,1291.09400000,1690808399999,16.94628850,61,1206.79500000,15.84264272,0
1690808400000,0.01316000,0.01316000,0.01299000,0.01303000,980.07900000,1690811999999,12.80452065,106,226.14500000,2.94501483,0
1690812000000,0.01304000,0.01309000,0.01303000,0.01303000,200.83200000,1690815599999,2.62323998,40,73.45700000,0.96093062,0
1690815600000,0.01305000,0.01305000,0.01288000,0.01289000,701.59500000,1690819199999,9.08736357,110,130.57800000,1.68979726,0
1690819200000,0.01290000,0.01294000,0.01289000,0.01290000,356.07100000,1690822799999,4.60056839,44,178.05400000,2.30153463,0
1690822800000,0.01291000,0.01295000,0.01290000,0.01293000,306.13000000,1690826399999,3.95478440,31,16.15300000,0.20891634,0
1690826400000,0.01293000,0.01293000,0.01281000,0.01282000,1201.58000000,1690829999999,15.47615883,88,876.38400000,11.29498229,0
1690830000000,0.01280000,0.01284000,0.01270000,0.01275000,784.52100000,1690833599999,10.01267785,125,531.74800000,6.78892518,0
1690833600000,0.01275000,0.01287000,0.01273000,0.01280000,501.32600000,1690837199999,6.41624335,59,263.45700000,3.37228604,0
1690837200000,0.01281000,0.01285000,0.01280000,0.01283000,1463.11000000,1690840799999,18.73091333,88,27.98700000,0.35919598,0
1690840800000,0.01281000,0.01284000,0.01278000,0.01280000,864.77600000,1690844399999,11.07675820,49,55.67800000,0.71328596,0
1690844400000,0.01281000,0.01281000,0.01275000,0.01278000,76.43000000,1690847999999,0.97729260,32,53.52500000,0.68464889,0
