1675209600000,0.00029040,0.00029040,0.00028810,0.00028810,20069.00000000,1675213199999,5.79977200,12,0.00000000,0.00000000,0
1675213200000,0.00028800,0.00028920,0.00028770,0.00028920,7173.00000000,1675216799999,2.07111370,10,4816.00000000,1.39260260,0
1675216800000,0.00028900,0.00028950,0.00028770,0.00028900,15648.00000000,1675220399999,4.51114370,11,1013.00000000,0.29326350,0
1675220400000,0.00028820,0.00028900,0.00028820,0.00028890,8780.00000000,1675223999999,2.53544380,9,6184.00000000,1.78608850,0
1675224000000,0.00028870,0.00029160,0.00028870,0.00028910,11232.00000000,1675227599999,3.26133120,10,10725.00000000,3.11484390,0
1675227600000,0.00029000,0.00029080,0.00029000,0.00029040,3262.00000000,1675231199999,0.94760880,6,378.00000000,0.10992240,0
1675231200000,0.00029100,0.00029110,0.00029100,0.00029110,1514.00000000,1675234799999,0.44064970,2,757.00000000,0.22028700,0
1675234800000,0.00028990,0.00029160,0.00028940,0.00029160,30077.00000000,1675238399999,8.73721450,11,2393.00000000,0.69757950,0
1675238400000,0.00029030,0.00029070,0.00028990,0.00029030,5207.00000000,1675241999999,1.51051860,9,1547.00000000,0.44909950,0
1675242000000,0.00028970,0.00029110,0.00028970,0.00029110,4044.00000000,1675245599999,1.17441140,6,1201.00000000,0.34950820,0
1675245600000,0.00029080,0.00029080,0.00029010,0.00029060,10690.00000000,1675249199999,3.10563060,8,0.00000000,0.00000000,0
1675249200000,0.00029090,0.00029170,0.00028940,0.00029170,14249.00000000,1675252799999,4.14457950,12,5692.00000000,1.65843660,0
1675252800000,0.00029020,0.00029030,0.00028960,0.00028960,20592.00000000,1675256399999,5.96627510,19,13277.00000000,3.84501920,0
1675256400000,0.00029020,0.00029040,0.00028910,0.00028950,8071.00000000,1675259999999,2.33897770,7,5082.00000000,1.47485780,0
1675260000000,0.00028890,0.00028980,0.00028830,0.00028960,6620.00000000,1675263599999,1.91223400,10,1048.00000000,0.30353850,0
1675263600000,0.00028910,0.00029020,0.00028750,0.00028800,10765.00000000,1675267199999,3.10605190,21,4900.00000000,1.41682920,0
1675267200000,0.00028730,0.00028800,0.00028550,0.00028720,23306.00000000,1675270799999,6.66967950,21,1120.00000000,0.32172980,0
1675270800000,0.00028690,0.00028690,0.00028520,0.00028520,2517.00000000,1675274399999,0.71874640,6,196.00000000,0.05623240,0
1675274400000,0.00028500,0.00028720,0.00028500,0.00028720,9821.00000000,1675277999999,2.81576660,9,8190.00000000,2.35093160,0
1675278000000,0.00028810,0.00028910,0.00028710,0.00028890,16138.00000000,1675281599999,4.65341190,16,11887.00000000,3.43210310,0
1675281600000,0.00028890,0.00029100,0.00028830,0.00028940,14024.00000000,1675285199999,4.05850420,15,8347.00000000,2.41927010,0
1675285200000,0.00028940,0.00029010,0.00028820,0.00029000,15562.00000000,1675288799999,4.49934800,16,5128.00000000,1.48632370,0
1675288800000,0.00029030,0.00029130,0.00028860,0.00029130,23846.00000000,1675292399999,6.91614660,25,9571.00000000,2.78186920,0
1675292400000,0.00029070,0.00029130,0.00029020,0.00029100,5497.00000000,1675295999999,1.59915760,10,2738.00000000,0.79697280,0
1675296000000,0.00029130,0.00029160,0.00028960,0.00028960,19855.00000000,1675299599999,5.77091020,16,12743.00000000,3.70969450,0
1675299600000,0.00028890,0.00029100,0.00028830,0.00028940,40762.00000000,1675303199999,11.79091930,20,13279.00000000,3.85439030,0
1675303200000,0.00028940,0.00029060,0.00028690,0.00028690,19422.00000000,1675306799999,5.59445590,21,2699.00000000,0.78165940,0
1675306800000,0.00028650,0.00028680,0.00028200,0.00028200,214729.00000000,1675310399999,61.19179600,113,12311.00000000,3.50228470,0
1675310400000,0.00028220,0.00028220,0.00028120,0.00028160,24660.00000000,1675313999999,6.93916430,28,1083.00000000,0.30562260,0
1675314000000,0.00028040,0.00028340,0.00027990,0.00028130,58355.00000000,1675317599999,16.43585380,39,30642.00000000,8.64862090,0
1675317600000,0.00028130,0.00028270,0.00027920,0.00028270,16740.00000000,1675321199999,4.70256770,19,5507.00000000,1.54605830,0
1675321200000,0.00028160,0.00028330,0.00028130,0.00028290,17248.00000000,1675324799999,4.86538970,24,6234.00000000,1.76189800,0
1675324800000,0.00028320,0.00028320,0.00028080,0.00028120,8186.00000000,1675328399999,2.30391890,9,1193.00000000,0.33675360,0
1675328400000,0.00028120,0.00028260,0.00028080,0.00028080,1610.00000000,1675331999999,0.45293680,3,432.00000000,0.12208320,0
1675332000000,0.00028240,0.00028250,0.00028240,0.00028250,2231.00000000,1675335599999,0.63023940,3,2231.00000000,0.63023940,0
1675335600000,0.00028180,0.00028430,0.00028170,0.00028260,16566.00000000,1675339199999,4.67911090,28,1739.00000000,0.49400520,0
1675339200000,0.00028330,0.00028390,0.00028280,0.00028290,6273.00000000,1675342799999,1.77696660,8,768.00000000,0.21795330,0
1675342800000,0.00028420,0.00028420,0.00028260,0.00028310,10558.00000000,1675346399999,2.99242920,12,5807.00000000,1.64655370,0
1675346400000,0.00028340,0.00028470,0.00028340,0.00028470,17248.00000000,1675349999999,4.89935690,7,17068.00000000,4.84834490,0
1675350000000,0.00028480,0.00028480,0.00028330,0.00028370,1539.00000000,1675353599999,0.43674240,3,0.00000000,0.00000000,0
1675353600000,0.00028440,0.00028570,0.00028380,0.00028570,59925.00000000,1675357199999,17.05251810,42,23682.00000000,6.75000290,0
1675357200000,0.00028580,0.00028580,0.00028440,0.00028460,17270.00000000,1675360799999,4.92191790,14,7633.00000000,2.17930110,0
1675360800000,0.00028580,0.00028580,0.00028450,0.00028560,7649.00000000,1675364399999,2.18223110,6,3087.00000000,0.88199700,0
1675364400000,0.00028580,0.00028590,0.00028280,0.00028330,54601.00000000,1675367999999,15.50814260,29,45572.00000000,12.94834800,0
1675368000000,0.00028340,0.00028340,0.00028280,0.00028340,12882.00000000,1675371599999,3.64843180,6,8785.00000000,2.48966900,0
1675371600000,0.00028270,0.00028440,0.00028140,0.00028330,76371.00000000,1675375199999,21.60030290,33,68987.00000000,19.51434850,0
1675375200000,0.00028210,0.00028240,0.00028050,0.00028060,24916.00000000,1675378799999,7.02804490,14,0.00000000,0.00000000,0
1675378800000,0.00028210,0.00028340,0.00028190,0.00028340,6119.00000000,1675382399999,1.72679530,5,5332.00000000,1.50458900,0
1675382400000,0.00028260,0.00028530,0.00028090,0.00028100,22314.00000000,1675385999999,6.31186930,15,14994.00000000,4.25101400,0
1675386000000,0.00028230,0.00028370,0.00028230,0.00028370,3784.00000000,1675389599999,1.07066220,6,180.00000000,0.05101200,0
1675389600000,0.00028390,0.00028750,0.00028390,0.00028690,71330.00000000,1675393199999,20.43981750,27,68368.00000000,19.59190970,0
1675393200000,0.00028640,0.00028900,0.00028640,0.00028780,10824.00000000,1675396799999,3.11550350,17,6374.00000000,1.83707810,0
1675396800000,0.00028850,0.00028850,0.00028690,0.00028690,17481.00000000,1675400399999,5.02776990,13,1619.00000000,0.46677010,0
1675400400000,0.00028750,0.00028750,0.00028680,0.00028690,4632.00000000,1675403999999,1.33057980,6,0.00000000,0.00000000,0
1675404000000,0.00028650,0.00028650,0.00028570,0.00028570,6344.00000000,1675407599999,1.81552690,7,3605.00000000,1.03244690,0
1675407600000,0.00028580,0.00028700,0.00028470,0.00028470,14773.00000000,1675411199999,4.21570020,15,278.00000000,0.07936900,0
1675411200000,0.00028610,0.00028620,0.00028480,0.00028590,9938.00000000,1675414799999,2.83834240,11,6435.00000000,1.84045530,0
1675414800000,0.00028640,0.00028640,0.00028470,0.00028470,3382.00000000,1675418399999,0.96339940,3,320.00000000,0.09164800,0
1675418400000,0.00028540,0.00028560,0.00028330,0.00028330,10219.00000000,1675421999999,2.91425450,6,3454.00000000,0.98520050,0
1675422000000,0.00028290,0.00028510,0.00028240,0.00028240,13266.00000000,1675425599999,3.76535620,11,7389.00000000,2.10198450,0
1675425600000,0.00028190,0.00028190,0.00027830,0.00027850,32899.00000000,1675429199999,9.20100160,31,4867.00000000,1.36019360,0
1675429200000,0.00027750,0.00028090,0.00027680,0.00027680,40436.00000000,1675432799999,11.24927730,36,12882.00000000,3.57883380,0
1675432800000,0.00027850,0.00028030,0.00027820,0.00028030,26351.00000000,1675436399999,7.35642960,19,21919.00000000,6.11547880,0
1675436400000,0.00027960,0.00028130,0.00027830,0.00028000,15990.00000000,1675439999999,4.47216980,14,2307.00000000,0.64759410,0
1675440000000,0.00027980,0.00028130,0.00027820,0.00028070,58285.00000000,1675443599999,16.32549170,35,29366.00000000,8.24431920,0
1675443600000,0.00028040,0.00028300,0.00027840,0.00028010,11025.00000000,1675447199999,3.08868080,19,7034.00000000,1.97338350,0
1675447200000,0.00027970,0.00027970,0.00027790,0.00027820,9940.00000000,1675450799999,2.76942330,10,3299.00000000,0.91988030,0
1675450800000,0.00027800,0.00027960,0.00027790,0.00027960,9686.00000000,1675454399999,2.69489870,13,9408.00000000,2.61764250,0
1675454400000,0.00027910,0.00028090,0.00027840,0.00027840,18842.00000000,1675457999999,5.28221580,13,16216.00000000,4.55055130,0
1675458000000,0.00027900,0.00028060,0.00027870,0.00028030,26101.00000000,1675461599999,7.30240670,20,14969.00000000,4.19635390,0
1675461600000,0.00028110,0.00028110,0.00027970,0.00028060,1764.00000000,1675465199999,0.49476270,6,1216.00000000,0.34148710,0
1675465200000,0.00028080,0.00028080,0.00027910,0.00027910,11388.00000000,1675468799999,3.18388720,8,5087.00000000,1.42370880,0
1675468800000,0.00027990,0.00028050,0.00027930,0.00028000,7892.00000000,1675472399999,2.20808290,8,6505.00000000,1.82013340,0
1675472400000,0.00028000,0.00028040,0.00027850,0.00027960,55315.00000000,1675475999999,15.46719660,30,22261.00000000,6.22573330,0
1675476000000,0.00027950,0.00028080,0.00027950,0.00028080,4484.00000000,1675479599999,1.25678410,3,4484.00000000,1.25678410,0
1675479600000,0.00028040,0.00028070,0.00028040,0.00028070,3813.00000000,1675483199999,1.06961010,4,1042.00000000,0.29248940,0
1675483200000,0.00028150,0.00028150,0.00028010,0.00028010,3879.00000000,1675486799999,1.08922920,4,1347.00000000,0.37918050,0
1675486800000,0.00028160,0.00028210,0.00028110,0.00028110,28031.00000000,1675490399999,7.89028500,21,17155.00000000,4.83109860,0
1675490400000,0.00028060,0.00028300,0.00028050,0.00028300,6733.00000000,1675493999999,1.89452580,8,799.00000000,0.22584400,0
1675494000000,0.00028310,0.00028340,0.00028230,0.00028230,28469.00000000,1675497599999,8.05245530,11,261.00000000,0.07396740,0
1675497600000,0.00028320,0.00028320,0.00028160,0.00028210,18252.00000000,1675501199999,5.14524070,15,7426.00000000,2.09543370,0
1675501200000,0.00028230,0.00028350,0.00028230,0.00028230,34120.00000000,1675504799999,9.65470450,19,24694.00000000,6.98803730,0
1675504800000,0.00028250,0.00028250,0.00028060,0.00028060,13118.00000000,1675508399999,3.69080280,6,322.00000000,0.09096500,0
1675508400000,0.00028130,0.00028300,0.00028130,0.00028180,28231.00000000,1675511999999,7.96249200,13,3449.00000000,0.97519100,0
1675512000000,0.00028160,0.00028380,0.00028160,0.00028300,21995.00000000,1675515599999,6.22623800,23,9489.00000000,2.68932760,0
1675515600000,0.00028260,0.00028370,0.00028240,0.00028310,18744.00000000,1675519199999,5.30190740,14,8148.00000000,2.30632610,0
1675519200000,0.00028260,0.00028340,0.00028180,0.00028230,27149.00000000,1675522799999,7.67382530,21,5131.00000000,1.45181390,0
1675522800000,0.00028230,0.00028320,0.00028220,0.00028250,17909.00000000,1675526399999,5.06277760,10,10271.00000000,2.90525640,0
1675526400000,0.00028170,0.00028170,0.00028170,0.00028170,671.00000000,1675529999999,0.18902070,2,182.00000000,0.05126940,0
1675530000000,0.00028260,0.00028270,0.00028180,0.00028200,4180.00000000,1675533599999,1.17980950,5,2116.00000000,0.59800430,0
1675533600000,0.00028270,0.00028360,0.00028230,0.00028350,22739.00000000,1675537199999,6.43368550,13,21641.00000000,6.12372010,0
1675537200000,0.00028300,0.00028400,0.00028300,0.00028400,33606.00000000,1675540799999,9.53090110,10,32430.00000000,9.19797550,0
1675540800000,0.00028430,0.00028440,0.00028270,0.00028440,18890.00000000,1675544399999,5.36627070,16,12508.00000000,3.55679360,0
1675544400000,0.00028440,0.00028520,0.00028420,0.00028450,35453.00000000,1675547999999,10.09571850,23,27472.00000000,7.82555210,0
1675548000000,0.00028440,0.00028480,0.00028340,0.00028410,9984.00000000,1675551599999,2.83566380,12,2954.00000000,0.84021760,0
1675551600000,0.00028320,0.00028320,0.00028200,0.00028200,6806.00000000,1675555199999,1.92516880,4,3998.00000000,1.13223360,0
1675555200000,0.00028220,0.00028220,0.00028070,0.00028070,5921.00000000,1675558799999,1.66423340,7,567.00000000,0.16000740,0
1675558800000,0.00028100,0.00028100,0.00027900,0.00027900,11007.00000000,1675562399999,3.08323940,10,0.00000000,0.00000000,0
1675562400000,0.00027840,0.00028030,0.00027830,0.00027980,8649.00000000,1675565999999,2.41819020,11,6743.00000000,1.88631070,0
1675566000000,0.00028050,0.00028070,0.00028050,0.00028070,6446.00000000,1675569599999,1.80899750,4,1805.00000000,0.50630250,0
1675569600000,0.00028130,0.00028130,0.00028090,0.00028090,663.00000000,1675573199999,0.18634710,2,0.00000000,0.00000000,0
1675573200000,0.00028040,0.00028040,0.00027970,0.00027970,2151.00000000,1675576799999,0.60238720,2,1075.00000000,0.30143000,0
1675576800000,0.00028010,0.00028030,0.00027820,0.00028020,18829.00000000,1675580399999,5.25999800,17,5398.00000000,1.51266270,0
1675580400000,0.00027980,0.00028050,0.00027810,0.00028010,34952.00000000,1675583999999,9.74979900,19,9125.00000000,2.55692860,0
1675584000000,0.00027970,0.00027970,0.00027620,0.00027780,47425.00000000,1675587599999,13.18466040,33,4947.00000000,1.37703170,0
1675587600000,0.00027630,0.00027920,0.00027590,0.00027820,36117.00000000,1675591199999,10.04639130,40,26412.00000000,7.35934360,0
1675591200000,0.00027870,0.00028040,0.00027800,0.00028040,10696.00000000,1675594799999,2.99413860,9,8847.00000000,2.47968460,0
1675594800000,0.00028020,0.00028300,0.00027890,0.00028020,62054.00000000,1675598399999,17.43436570,33,43202.00000000,12.15431970,0
1675598400000,0.00028050,0.00028190,0.00027680,0.00027680,46192.00000000,1675601999999,12.88915110,41,23025.00000000,6.41574940,0
1675602000000,0.00027760,0.00028150,0.00027760,0.00027980,24807.00000000,1675605599999,6.95541970,26,17824.00000000,4.99706560,0
1675605600000,0.00027970,0.00028050,0.00027940,0.00028050,4027.00000000,1675609199999,1.12736740,5,3392.00000000,0.94975790,0
1675609200000,0.00027840,0.00028060,0.00027840,0.00028020,5241.00000000,1675612799999,1.46317600,4,1736.00000000,0.48665080,0
1675612800000,0.00028040,0.00028040,0.00027870,0.00027870,10541.00000000,1675616399999,2.94299360,6,3588.00000000,0.99997560,0
1675616400000,0.00028030,0.00028030,0.00027830,0.00027930,5735.00000000,1675619999999,1.60150480,11,4055.00000000,1.13396080,0
1675620000000,0.00027940,0.00027960,0.00027740,0.00027920,8002.00000000,1675623599999,2.22467490,11,2050.00000000,0.57186610,0
1675623600000,0.00027830,0.00027860,0.00027830,0.00027860,6246.00000000,1675627199999,1.73987140,4,6048.00000000,1.68470860,0
1675627200000,0.00027740,0.00027760,0.00027620,0.00027620,12714.00000000,1675630799999,3.51989360,15,1311.00000000,0.36393360,0
1675630800000,0.00027610,0.00027740,0.00027450,0.00027740,12879.00000000,1675634399999,3.55571330,22,8589.00000000,2.37156660,0
1675634400000,0.00027730,0.00027800,0.00027670,0.00027750,9313.00000000,1675637999999,2.58101670,10,2250.00000000,0.62462740,0
1675638000000,0.00027770,0.00027770,0.00027770,0.00027770,1095.00000000,1675641599999,0.30408150,2,1095.00000000,0.30408150,0
1675641600000,0.00027720,0.00027800,0.00027650,0.00027740,6043.00000000,1675645199999,1.67503500,7,4018.00000000,1.11326640,0
1675645200000,0.00027700,0.00027910,0.00027700,0.00027910,3665.00000000,1675648799999,1.02066330,6,2955.00000000,0.82393300,0
1675648800000,0.00027780,0.00027780,0.00027780,0.00027780,307.00000000,1675652399999,0.08528460,1,0.00000000,0.00000000,0
1675652400000,0.00027670,0.00027700,0.00027670,0.00027700,625.00000000,1675655999999,0.17299210,4,0.00000000,0.00000000,0
1675656000000,0.00027830,0.00027830,0.00027800,0.00027830,12558.00000000,1675659599999,3.49384640,6,12558.00000000,3.49384640,0
1675659600000,0.00027730,0.00027830,0.00027620,0.00027820,7828.00000000,1675663199999,2.17132780,8,2395.00000000,0.66630830,0
1675663200000,0.00027790,0.00027790,0.00027790,0.00027790,8000.00000000,1675666799999,2.22320000,2,8000.00000000,2.22320000,0
1675666800000,0.00027840,0.00027880,0.00027830,0.00027880,2330.00000000,1675670399999,0.64869990,3,231.00000000,0.06440280,0
1675670400000,0.00027820,0.00027860,0.00027820,0.00027860,3317.00000000,1675673999999,0.92354980,3,2571.00000000,0.71601260,0
1675674000000,0.00027760,0.00027830,0.00027650,0.00027650,9273.00000000,1675677599999,2.57208730,7,1897.00000000,0.52793510,0
1675677600000,0.00027650,0.00027710,0.00027620,0.00027710,3623.00000000,1675681199999,1.00259780,5,1871.00000000,0.51845410,0
1675681200000,0.00027660,0.00027740,0.00027620,0.00027620,3062.00000000,1675684799999,0.84717230,4,828.00000000,0.22939270,0
1675684800000,0.00027610,0.00027690,0.00027610,0.00027690,970.00000000,1675688399999,0.26834660,2,0.00000000,0.00000000,0
1675688400000,0.00027690,0.00027790,0.00027600,0.00027780,6321.00000000,1675691999999,1.75173730,10,2967.00000000,0.82395950,0
1675692000000,0.00027830,0.00027830,0.00027830,0.00027830,2391.00000000,1675695599999,0.66541530,2,193.00000000,0.05371190,0
1675695600000,0.00027830,0.00028090,0.00027820,0.00027820,19828.00000000,1675699199999,5.54532370,21,17806.00000000,4.98275130,0
1675699200000,0.00027760,0.00027860,0.00027700,0.00027860,15973.00000000,1675702799999,4.42944390,11,5402.00000000,1.49782120,0
1675702800000,0.00027790,0.00027820,0.00027780,0.00027820,1114.00000000,1675706399999,0.30976390,3,674.00000000,0.18750680,0
1675706400000,0.00027810,0.00027840,0.00027770,0.00027840,1612.00000000,1675709999999,0.44836870,3,1612.00000000,0.44836870,0
1675710000000,0.00027760,0.00027810,0.00027760,0.00027810,3127.00000000,1675713599999,0.86843820,3,3127.00000000,0.86843820,0
1675713600000,0.00027680,0.00027760,0.00027680,0.00027760,589.00000000,1675717199999,0.16331060,3,389.00000000,0.10795060,0
1675717200000,0.00027820,0.00027830,0.00027520,0.00027820,12498.00000000,1675720799999,3.46088010,18,9268.00000000,2.57065820,0
1675720800000,0.00027650,0.00027670,0.00027640,0.00027640,5730.00000000,1675724399999,1.58482050,5,5487.00000000,1.51760670,0
1675724400000,0.00027500,0.00027560,0.00027350,0.00027350,21549.00000000,1675727999999,5.90396070,18,4074.00000000,1.11833880,0
1675728000000,0.00027490,0.00027490,0.00027460,0.00027460,5811.00000000,1675731599999,1.59580500,2,348.00000000,0.09566520,0
1675731600000,0.00027440,0.00027570,0.00027390,0.00027390,8285.00000000,1675735199999,2.27466410,8,7026.00000000,1.92953670,0
1675735200000,0.00027500,0.00027500,0.00027350,0.00027380,2449.00000000,1675738799999,0.67169760,4,377.00000000,0.10367500,0
1675738800000,0.00027410,0.00027590,0.00027260,0.00027350,26421.00000000,1675742399999,7.22052330,15,325.00000000,0.08966750,0
1675742400000,0.00027410,0.00027410,0.00027380,0.00027380,2824.00000000,1675745999999,0.77338490,2,2824.00000000,0.77338490,0
1675746000000,0.00027380,0.00027380,0.00027220,0.00027360,20276.00000000,1675749599999,5.53052300,15,1545.00000000,0.42274770,0
1675749600000,0.00027340,0.00027380,0.00027270,0.00027270,7242.00000000,1675753199999,1.97850480,5,5846.00000000,1.59781560,0
1675753200000,0.00027290,0.00027290,0.00027210,0.00027260,1802.00000000,1675756799999,0.49100130,4,1609.00000000,0.43848600,0
1675756800000,0.00027190,0.00027190,0.00027110,0.00027110,15755.00000000,1675760399999,4.27947640,11,0.00000000,0.00000000,0
1675760400000,0.00027200,0.00027430,0.00027200,0.00027430,6606.00000000,1675763999999,1.80379130,8,4454.00000000,1.21823210,0
1675764000000,0.00027280,0.00027410,0.00027270,0.00027410,3528.00000000,1675767599999,0.96406640,7,0.00000000,0.00000000,0
1675767600000,0.00027350,0.00027350,0.00027340,0.00027340,1434.00000000,1675771199999,0.39208000,2,0.00000000,0.00000000,0
1675771200000,0.00027440,0.00027440,0.00027370,0.00027370,2321.00000000,1675774799999,0.63633220,3,1535.00000000,0.42120400,0
1675774800000,0.00027420,0.00027430,0.00027210,0.00027330,16708.00000000,1675778399999,4.57098390,17,6537.00000000,1.79274670,0
1675778400000,0.00027350,0.00027450,0.00027350,0.00027450,11660.00000000,1675781999999,3.19568850,12,3574.00000000,0.98074180,0
1675782000000,0.00027360,0.00027490,0.00027300,0.00027490,21701.00000000,1675785599999,5.94131250,21,9411.00000000,2.58021250,0
1675785600000,0.00027390,0.00027440,0.00027330,0.00027330,12237.00000000,1675789199999,3.34997550,14,7377.00000000,2.02010890,0
1675789200000,0.00027330,0.00027440,0.00027320,0.00027440,5462.00000000,1675792799999,1.49404400,5,1367.00000000,0.37510480,0
1675792800000,0.00027480,0.00027500,0.00027330,0.00027500,8331.00000000,1675796399999,2.28209520,8,6970.00000000,1.91013390,0
1675796400000,0.00027540,0.00027550,0.00027470,0.00027520,12275.00000000,1675799999999,3.37856780,9,11109.00000000,3.05816990,0
1675800000000,0.00027450,0.00027560,0.00027350,0.00027490,3253.00000000,1675803599999,0.89349740,5,1881.00000000,0.51806640,0
1675803600000,0.00027390,0.00027640,0.00027380,0.00027450,17059.00000000,1675807199999,4.68842820,14,9720.00000000,2.67790400,0
1675807200000,0.00027640,0.00027740,0.00027560,0.00027560,24337.00000000,1675810799999,6.73665310,16,17660.00000000,4.89389270,0
1675810800000,0.00027630,0.00027630,0.00027510,0.00027580,4685.00000000,1675814399999,1.29196240,7,853.00000000,0.23568390,0
1675814400000,0.00027700,0.00027770,0.00027650,0.00027770,15534.00000000,1675817999999,4.30520440,14,4698.00000000,1.30201860,0
1675818000000,0.00027680,0.00027910,0.00027490,0.00027910,21857.00000000,1675821599999,6.05626370,23,12217.00000000,3.39851930,0
1675821600000,0.00027700,0.00027910,0.00027640,0.00027740,10470.00000000,1675825199999,2.90419540,9,9309.00000000,2.58281550,0
1675825200000,0.00027710,0.00027710,0.00027630,0.00027650,7788.00000000,1675828799999,2.15705780,10,2685.00000000,0.74376050,0
1675828800000,0.00027750,0.00027750,0.00027750,0.00027750,1801.00000000,1675832399999,0.49977750,1,0.00000000,0.00000000,0
1675832400000,0.00027890,0.00027890,0.00027680,0.00027680,2257.00000000,1675835999999,0.62645930,6,812.00000000,0.22629480,0
1675836000000,0.00027670,0.00027740,0.00027550,0.00027590,23695.00000000,1675839599999,6.55056720,22,0.00000000,0.00000000,0
1675839600000,0.00027730,0.00027820,0.00027550,0.00027570,79056.00000000,1675843199999,21.81077000,19,2199.00000000,0.61055130,0
1675843200000,0.00027720,0.00027930,0.00027600,0.00027740,14797.00000000,1675846799999,4.10489780,14,6586.00000000,1.83428960,0
1675846800000,0.00027660,0.00027780,0.00027530,0.00027770,61324.00000000,1675850399999,16.93770140,34,8669.00000000,2.40673430,0
1675850400000,0.00027760,0.00027770,0.00027660,0.00027660,17086.00000000,1675853999999,4.73267470,11,1740.00000000,0.48308220,0
1675854000000,0.00027740,0.00027960,0.00027740,0.00027820,56818.00000000,1675857599999,15.81773350,27,51174.00000000,14.24678310,0
1675857600000,0.00027750,0.00027870,0.00027630,0.00027840,13230.00000000,1675861199999,3.67336460,12,442.00000000,0.12290580,0
1675861200000,0.00027920,0.00028140,0.00027670,0.00027680,65768.00000000,1675864799999,18.32207050,42,38741.00000000,10.81641170,0
1675864800000,0.00027750,0.00027850,0.00027640,0.00027830,22101.00000000,1675868399999,6.11685390,9,2063.00000000,0.57418530,0
1675868400000,0.00027920,0.00027930,0.00027690,0.00027730,17995.00000000,1675871999999,4.99320570,14,7038.00000000,1.95567970,0
1675872000000,0.00027760,0.00027860,0.00027530,0.00027700,20073.00000000,1675875599999,5.56385020,23,9979.00000000,2.77397400,0
1675875600000,0.00027680,0.00027930,0.00027570,0.00027720,47045.00000000,1675879199999,13.02946260,20,9855.00000000,2.74281560,0
1675879200000,0.00027820,0.00027880,0.00027820,0.00027880,833.00000000,1675882799999,0.23200640,3,228.00000000,0.06354360,0
1675882800000,0.00027850,0.00027850,0.00027820,0.00027820,1157.00000000,1675886399999,0.32197040,3,0.00000000,0.00000000,0
1675886400000,0.00027800,0.00027950,0.00027780,0.00027780,12029.00000000,1675889999999,3.34580060,11,5966.00000000,1.65970640,0
1675890000000,0.00027680,0.00027770,0.00027670,0.00027700,4685.00000000,1675893599999,1.29809760,6,415.00000000,0.11508260,0
1675893600000,0.00027680,0.00027680,0.00027680,0.00027680,577.00000000,1675897199999,0.15971360,2,0.00000000,0.00000000,0
1675897200000,0.00027680,0.00027680,0.00027630,0.00027640,1959.00000000,1675900799999,0.54155160,3,0.00000000,0.00000000,0
1675900800000,0.00027650,0.00028010,0.00027650,0.00027680,18841.00000000,1675904399999,5.22335580,20,9519.00000000,2.64035470,0
1675904400000,0.00027730,0.00027730,0.00027730,0.00027730,351.00000000,1675907999999,0.09733230,1,0.00000000,0.00000000,0
1675908000000,0.00027770,0.00027830,0.00027720,0.00027770,3751.00000000,1675911599999,1.04244780,6,3102.00000000,0.86254500,0
1675911600000,0.00027820,0.00028030,0.00027550,0.00027700,54461.00000000,1675915199999,15.12120330,28,35432.00000000,9.85670970,0
1675915200000,0.00027650,0.00027830,0.00027650,0.00027830,4965.00000000,1675918799999,1.37617280,4,4965.00000000,1.37617280,0
1675918800000,0.00027830,0.00027830,0.00027830,0.00027830,311.00000000,1675922399999,0.08655130,2,0.00000000,0.00000000,0
1675922400000,0.00027830,0.00027850,0.00027770,0.00027850,24643.00000000,1675925999999,6.85721700,11,20035.00000000,5.57628830,0
1675926000000,0.00027910,0.00027910,0.00027730,0.00027730,909.00000000,1675929599999,0.25247330,3,214.00000000,0.05972740,0
1675929600000,0.00027700,0.00027700,0.00027690,0.00027690,1450.00000000,1675933199999,0.40154160,2,0.00000000,0.00000000,0
1675933200000,0.00027840,0.00027870,0.00027780,0.00027850,29580.00000000,1675936799999,8.23083790,11,1360.00000000,0.37862400,0
1675936800000,0.00028010,0.00028020,0.00027830,0.00027840,10528.00000000,1675940399999,2.94485380,11,8164.00000000,2.28670920,0
1675940400000,0.00027790,0.00027820,0.00027780,0.00027820,5788.00000000,1675943999999,1.60914560,5,0.00000000,0.00000000,0
1675944000000,0.00027960,0.00028020,0.00027820,0.00027920,7477.00000000,1675947599999,2.08936650,9,6246.00000000,1.74644880,0
1675947600000,0.00028000,0.00028000,0.00027800,0.00027880,13242.00000000,1675951199999,3.68888830,13,1054.00000000,0.29504970,0
1675951200000,0.00027970,0.00028300,0.00027940,0.00028230,29177.00000000,1675954799999,8.20499740,32,19898.00000000,5.60546500,0
1675954800000,0.00028430,0.00028600,0.00028350,0.00028530,24631.00000000,1675958399999,7.01480720,28,8580.00000000,2.44889350,0
1675958400000,0.00028380,0.00028450,0.00028340,0.00028430,9743.00000000,1675961999999,2.76484700,10,2979.00000000,0.84694720,0
1675962000000,0.00028330,0.00028330,0.00028290,0.00028300,3320.00000000,1675965599999,0.93949440,3,0.00000000,0.00000000,0
1675965600000,0.00028240,0.00028270,0.00028240,0.00028240,7515.00000000,1675969199999,2.12320450,11,0.00000000,0.00000000,0
1675969200000,0.00028250,0.00028380,0.00027880,0.00027880,15082.00000000,1675972799999,4.25814760,15,9788.00000000,2.77016790,0
1675972800000,0.00027930,0.00028130,0.00027850,0.00028130,15825.00000000,1675976399999,4.42945780,22,8095.00000000,2.27003450,0
1675976400000,0.00028150,0.00028320,0.00028040,0.00028060,27092.00000000,1675979999999,7.62966410,22,11595.00000000,3.26466200,0
1675980000000,0.00028030,0.00028190,0.00027830,0.00027830,37162.00000000,1675983599999,10.38882410,29,19098.00000000,5.33174390,0
1675983600000,0.00027830,0.00027870,0.00027830,0.00027870,1189.00000000,1675987199999,0.33105960,3,600.00000000,0.16698000,0
1675987200000,0.00027890,0.00027910,0.00027800,0.00027910,2644.00000000,1675990799999,0.73602700,6,272.00000000,0.07591520,0
1675990800000,0.00027910,0.00027910,0.00027780,0.00027860,14768.00000000,1675994399999,4.11725350,16,9574.00000000,2.67054520,0
1675994400000,0.00028030,0.00028160,0.00028030,0.00028160,711.00000000,1675997999999,0.19996670,2,711.00000000,0.19996670,0
1675998000000,0.00027960,0.00027960,0.00027840,0.00027890,4384.00000000,1676001599999,1.22361210,4,0.00000000,0.00000000,0
1676001600000,0.00027890,0.00027960,0.00027830,0.00027940,20289.00000000,1676005199999,5.66986790,19,17919.00000000,5.00892600,0
1676005200000,0.00027940,0.00028150,0.00027940,0.00028150,14110.00000000,1676008799999,3.94998310,9,2867.00000000,0.80575910,0
1676008800000,0.00028080,0.00028270,0.00028080,0.00028270,1197.00000000,1676012399999,0.33743710,5,901.00000000,0.25432030,0
1676012400000,0.00028300,0.00028310,0.00028190,0.00028260,3378.00000000,1676015999999,0.95428420,9,1812.00000000,0.51226270,0
1676016000000,0.00028140,0.00028140,0.00028120,0.00028120,832.00000000,1676019599999,0.23403200,2,0.00000000,0.00000000,0
1676019600000,0.00028280,0.00028290,0.00028030,0.00028100,10503.00000000,1676023199999,2.96076640,11,4601.00000000,1.29966380,0
1676023200000,0.00028100,0.00028230,0.00028010,0.00028220,10429.00000000,1676026799999,2.93667490,15,7702.00000000,2.17180660,0
1676026800000,0.00028140,0.00028140,0.00027800,0.00027960,61223.00000000,1676030399999,17.12794230,33,19253.00000000,5.39281200,0
1676030400000,0.00027960,0.00028090,0.00027910,0.00028090,5153.00000000,1676033999999,1.44193190,8,4653.00000000,1.30238190,0
1676034000000,0.00028110,0.00028160,0.00027930,0.00027930,3225.00000000,1676037599999,0.90435190,6,923.00000000,0.25960430,0
1676037600000,0.00028040,0.00028040,0.00028040,0.00028040,312.00000000,1676041199999,0.08748480,1,312.00000000,0.08748480,0
1676041200000,0.00027920,0.00027990,0.00027770,0.00027950,19538.00000000,1676044799999,5.44899010,16,4925.00000000,1.37736160,0
1676044800000,0.00027970,0.00028020,0.00027880,0.00027950,24675.00000000,1676048399999,6.89557560,14,23053.00000000,6.44330120,0
1676048400000,0.00028020,0.00028040,0.00027840,0.00028040,8987.00000000,1676051999999,2.51307070,13,3705.00000000,1.03710990,0
1676052000000,0.00027950,0.00027960,0.00027850,0.00027920,4839.00000000,1676055599999,1.35047560,8,2829.00000000,0.79045140,0
1676055600000,0.00027920,0.00028110,0.00027860,0.00027960,12267.00000000,1676059199999,3.42634700,12,1952.00000000,0.54666540,0
1676059200000,0.00027890,0.00028140,0.00027880,0.00028010,13660.00000000,1676062799999,3.82531060,13,8384.00000000,2.34946800,0
1676062800000,0.00028090,0.00028090,0.00027850,0.00027850,9849.00000000,1676066399999,2.76017260,6,913.00000000,0.25646170,0
1676066400000,0.00027880,0.00028030,0.00027880,0.00028010,5975.00000000,1676069999999,1.66918590,6,2495.00000000,0.69896190,0
1676070000000,0.00027890,0.00028090,0.00027890,0.00028070,15180.00000000,1676073599999,4.23811210,7,14607.00000000,4.07828230,0
1676073600000,0.00028200,0.00028280,0.00028090,0.00028250,25791.00000000,1676077199999,7.27152250,23,15862.00000000,4.47615600,0
1676077200000,0.00028300,0.00028310,0.00028210,0.00028250,5410.00000000,1676080799999,1.52912170,7,2466.00000000,0.69810460,0
1676080800000,0.00028210,0.00028250,0.00028110,0.00028110,9713.00000000,1676084399999,2.73754380,13,1130.00000000,0.31877300,0
1676084400000,0.00028060,0.00028350,0.00028060,0.00028060,10658.00000000,1676087999999,3.00115540,15,8652.00000000,2.43827180,0
1676088000000,0.00028130,0.00028130,0.00028110,0.00028110,1178.00000000,1676091599999,0.33120980,2,1178.00000000,0.33120980,0
1676091600000,0.00028090,0.00028120,0.00028000,0.00028000,11083.00000000,1676095199999,3.11174620,12,6313.00000000,1.77345850,0
1676095200000,0.00028000,0.00028000,0.00027730,0.00027730,10385.00000000,1676098799999,2.89574250,13,0.00000000,0.00000000,0
1676098800000,0.00027750,0.00027870,0.00027740,0.00027870,1147.00000000,1676102399999,0.31914710,3,717.00000000,0.19982790,0
1676102400000,0.00027740,0.00027790,0.00027710,0.00027740,12352.00000000,1676105999999,3.42469780,13,7778.00000000,2.15622270,0
1676106000000,0.00027700,0.00027720,0.00027570,0.00027670,2067.00000000,1676109599999,0.57151890,9,234.00000000,0.06486480,0
1676109600000,0.00027640,0.00027920,0.00027640,0.00027770,10680.00000000,1676113199999,2.97124410,14,6954.00000000,1.93630900,0
1676113200000,0.00027680,0.00027800,0.00027560,0.00027680,11900.00000000,1676116799999,3.29339280,13,2933.00000000,0.81496730,0
1676116800000,0.00027590,0.00027680,0.00027540,0.00027620,6236.00000000,1676120399999,1.72344310,9,3799.00000000,1.05041270,0
1676120400000,0.00027750,0.00027760,0.00027610,0.00027670,5119.00000000,1676123999999,1.41803040,8,2520.00000000,0.69951480,0
1676124000000,0.00027820,0.00027900,0.00027730,0.00027860,15188.00000000,1676127599999,4.22698720,19,10806.00000000,3.00878050,0
1676127600000,0.00027910,0.00028080,0.00027820,0.00027850,21859.00000000,1676131199999,6.10616120,18,14552.00000000,4.06790370,0
1676131200000,0.00027890,0.00027900,0.00027780,0.00027820,10891.00000000,1676134799999,3.03259020,12,4987.00000000,1.39086240,0
1676134800000,0.00027780,0.00027780,0.00027740,0.00027740,2607.00000000,1676138399999,0.72344560,3,0.00000000,0.00000000,0
1676138400000,0.00027830,0.00027830,0.00027710,0.00027810,13602.00000000,1676141999999,3.77826020,13,4630.00000000,1.28760300,0
1676142000000,0.00027780,0.00027780,0.00027610,0.00027690,8801.00000000,1676145599999,2.43793440,12,2830.00000000,0.78504950,0
1676145600000,0.00027680,0.00027760,0.00027680,0.00027760,18920.00000000,1676149199999,5.24827640,15,8964.00000000,2.48591070,0
1676149200000,0.00027660,0.00027660,0.00027660,0.00027660,630.00000000,1676152799999,0.17425800,1,0.00000000,0.00000000,0
1676152800000,0.00027690,0.00027690,0.00027690,0.00027690,2664.00000000,1676156399999,0.73766160,1,0.00000000,0.00000000,0
1676156400000,0.00027780,0.00028060,0.00027780,0.00027830,7879.00000000,1676159999999,2.20463890,10,7686.00000000,2.15092700,0
1676160000000,0.00027690,0.00027770,0.00027680,0.00027730,13310.00000000,1676163599999,3.69134780,14,9570.00000000,2.65539720,0
1676163600000,0.00027690,0.00027830,0.00027680,0.00027830,18547.00000000,1676167199999,5.14255450,18,10109.00000000,2.80235500,0
1676167200000,0.00027830,0.00027960,0.00027780,0.00027780,20518.00000000,1676170799999,5.70498890,17,10847.00000000,3.01603250,0
1676170800000,0.00027820,0.00027880,0.00027790,0.00027880,5122.00000000,1676174399999,1.42618790,7,4279.00000000,1.19178100,0
1676174400000,0.00027920,0.00027990,0.00027890,0.00027890,15894.00000000,1676177999999,4.43975900,17,7262.00000000,2.02975180,0
1676178000000,0.00027920,0.00027940,0.00027860,0.00027870,15780.00000000,1676181599999,4.40276900,17,3480.00000000,0.97163880,0
1676181600000,0.00027860,0.00027960,0.00027860,0.00027950,22815.00000000,1676185199999,6.36701930,25,14597.00000000,4.07404730,0
1676185200000,0.00028000,0.00028030,0.00027950,0.00027950,4061.00000000,1676188799999,1.13532130,6,473.00000000,0.13247530,0
1676188800000,0.00027940,0.00027950,0.00027910,0.00027910,9026.00000000,1676192399999,2.52192960,10,4169.00000000,1.16481860,0
1676192400000,0.00027950,0.00027950,0.00027870,0.00027910,9829.00000000,1676195999999,2.74442340,11,4812.00000000,1.34427820,0
1676196000000,0.00027900,0.00027950,0.00027790,0.00027900,27331.00000000,1676199599999,7.62118030,24,9197.00000000,2.56883820,0
1676199600000,0.00027870,0.00027960,0.00027870,0.00027880,912.00000000,1676203199999,0.25449440,3,327.00000000,0.09142920,0
1676203200000,0.00027960,0.00028080,0.00027930,0.00027930,4984.00000000,1676206799999,1.39423500,8,2621.00000000,0.73392670,0
1676206800000,0.00027950,0.00027950,0.00027850,0.00027900,15018.00000000,1676210399999,4.19399460,13,10575.00000000,2.95407810,0
1676210400000,0.00027890,0.00027960,0.00027880,0.00027960,15354.00000000,1676213999999,4.28822470,13,10773.00000000,3.01068230,0
1676214000000,0.00027930,0.00028030,0.00027720,0.00027720,6319.00000000,1676217599999,1.76491920,15,3693.00000000,1.03328150,0
1676217600000,0.00027710,0.00027710,0.00027070,0.00027180,118457.00000000,1676221199999,32.45921070,67,4113.00000000,1.11945630,0
1676221200000,0.00027300,0.00027300,0.00027060,0.00027060,12031.00000000,1676224799999,3.25914930,12,906.00000000,0.24690960,0
1676224800000,0.00027060,0.00027240,0.00027040,0.00027210,24742.00000000,1676228399999,6.72263160,22,7664.00000000,2.08472660,0
1676228400000,0.00027110,0.00027320,0.00027010,0.00027300,36693.00000000,1676231999999,9.98344260,20,21395.00000000,5.84064070,0
1676232000000,0.00027220,0.00027290,0.00027210,0.00027210,13484.00000000,1676235599999,3.67304570,12,1815.00000000,0.49487350,0
1676235600000,0.00027150,0.00027250,0.00026920,0.00026940,101507.00000000,1676239199999,27.41226440,37,1800.00000000,0.48794900,0
1676239200000,0.00026940,0.00027040,0.00026770,0.00026810,18886.00000000,1676242799999,5.08191100,18,558.00000000,0.15062280,0
1676242800000,0.00026860,0.00027210,0.00026860,0.00027210,16580.00000000,1676246399999,4.48894720,16,9650.00000000,2.61472840,0
1676246400000,0.00027200,0.00027410,0.00027150,0.00027150,32388.00000000,1676249999999,8.84593060,31,29436.00000000,8.04331130,0
1676250000000,0.00027140,0.00027270,0.00027050,0.00027270,21302.00000000,1676253599999,5.78871920,13,8757.00000000,2.38039410,0
1676253600000,0.00027200,0.00027310,0.00027190,0.00027240,13193.00000000,1676257199999,3.59727380,14,7844.00000000,2.14172160,0
1676257200000,0.00027350,0.00027350,0.00027240,0.00027240,4262.00000000,1676260799999,1.16163390,4,1655.00000000,0.45119930,0
1676260800000,0.00027100,0.00027240,0.00027080,0.00027180,6958.00000000,1676264399999,1.88820240,5,479.00000000,0.13030440,0
1676264400000,0.00027180,0.00027200,0.00026990,0.00026990,3756.00000000,1676267999999,1.01606430,9,229.00000000,0.06228800,0
1676268000000,0.00026970,0.00027230,0.00026970,0.00027220,15121.00000000,1676271599999,4.09807970,12,7768.00000000,2.10374220,0
1676271600000,0.00027330,0.00027890,0.00027330,0.00027890,105716.00000000,1676275199999,29.26202390,51,92257.00000000,25.53535830,0
1676275200000,0.00027910,0.00028470,0.00027700,0.00028370,75332.00000000,1676278799999,21.25009940,53,41176.00000000,11.66028860,0
1676278800000,0.00028430,0.00028590,0.00028030,0.00028410,106016.00000000,1676282399999,29.97993010,78,51445.00000000,14.58130350,0
1676282400000,0.00028270,0.00028590,0.00028060,0.00028450,25423.00000000,1676285999999,7.20625980,25,15248.00000000,4.33804290,0
1676286000000,0.00028270,0.00028500,0.00028180,0.00028450,43808.00000000,1676289599999,12.40561210,35,13010.00000000,3.69512750,0
1676289600000,0.00028460,0.00028850,0.00028360,0.00028720,24335.00000000,1676293199999,6.93824810,32,18789.00000000,5.35542470,0
1676293200000,0.00028750,0.00028860,0.00028570,0.00028860,27379.00000000,1676296799999,7.87239000,26,8860.00000000,2.55210660,0
1676296800000,0.00028870,0.00029020,0.00028710,0.00028840,26798.00000000,1676300399999,7.73789080,34,14308.00000000,4.12544730,0
1676300400000,0.00028890,0.00029240,0.00028860,0.00029200,36129.00000000,1676303999999,10.47961540,35,20927.00000000,6.08326080,0
1676304000000,0.00029240,0.00029430,0.00028910,0.00029090,131818.00000000,1676307599999,38.35620980,83,43895.00000000,12.84058390,0
1676307600000,0.00029130,0.00029200,0.00028900,0.00029010,15181.00000000,1676311199999,4.40678790,25,7135.00000000,2.07205410,0
1676311200000,0.00028910,0.00029070,0.00028820,0.00029070,11967.00000000,1676314799999,3.46609220,16,7611.00000000,2.20777150,0
1676314800000,0.00029070,0.00029350,0.00029000,0.00029350,5881.00000000,1676318399999,1.71605460,14,4339.00000000,1.26859670,0
1676318400000,0.00029360,0.00029560,0.00029280,0.00029320,94087.00000000,1676321999999,27.66660810,39,84518.00000000,24.85763410,0
1676322000000,0.00029360,0.00029370,0.00029070,0.00029120,5790.00000000,1676325599999,1.68888470,14,2083.00000000,0.60920050,0
1676325600000,0.00029000,0.00029160,0.00028870,0.00029160,7623.00000000,1676329199999,2.20963240,17,3913.00000000,1.13648520,0
1676329200000,0.00029000,0.00029150,0.00029000,0.00029140,16589.00000000,1676332799999,4.82945720,10,16412.00000000,4.77812720,0
1676332800000,0.00029060,0.00029090,0.00028990,0.00028990,5686.00000000,1676336399999,1.65102810,7,1551.00000000,0.45082590,0
1676336400000,0.00029060,0.00029070,0.00028880,0.00028930,9506.00000000,1676339999999,2.75259890,13,2419.00000000,0.70185020,0
1676340000000,0.00029090,0.00029090,0.00028740,0.00028740,9712.00000000,1676343599999,2.79649800,11,183.00000000,0.05323470,0
1676343600000,0.00028940,0.00029020,0.00028830,0.00029020,819.00000000,1676347199999,0.23676050,3,412.00000000,0.11942240,0
1676347200000,0.00028960,0.00028960,0.00028860,0.00028940,3857.00000000,1676350799999,1.11606380,4,3495.00000000,1.01159060,0
1676350800000,0.00028910,0.00028910,0.00028680,0.00028680,8527.00000000,1676354399999,2.44859690,11,299.00000000,0.08644090,0
1676354400000,0.00028820,0.00028840,0.00028820,0.00028840,3676.00000000,1676357999999,1.05985520,3,3676.00000000,1.05985520,0
1676358000000,0.00028850,0.00028880,0.00028670,0.00028720,4279.00000000,1676361599999,1.22911540,6,872.00000000,0.25164310,0
1676361600000,0.00028680,0.00028860,0.00028670,0.00028670,9860.00000000,1676365199999,2.83718010,13,7583.00000000,2.18428260,0
1676365200000,0.00028690,0.00028790,0.00028610,0.00028610,13878.00000000,1676368799999,3.98153710,15,1584.00000000,0.45544930,0
1676368800000,0.00028610,0.00028760,0.00028610,0.00028760,1663.00000000,1676372399999,0.47772170,3,1362.00000000,0.39160560,0
1676372400000,0.00028610,0.00028630,0.00028530,0.00028530,6126.00000000,1676375999999,1.75030600,7,563.00000000,0.16115690,0
1676376000000,0.00028570,0.00028620,0.00028390,0.00028510,34594.00000000,1676379599999,9.83987310,24,1266.00000000,0.36141510,0
1676379600000,0.00028500,0.00028640,0.00028430,0.00028440,28222.00000000,1676383199999,8.04044360,26,17383.00000000,4.95346740,0
1676383200000,0.00028490,0.00028570,0.00028380,0.00028560,25297.00000000,1676386799999,7.21753910,23,17111.00000000,4.88739920,0
1676386800000,0.00028450,0.00028660,0.00028340,0.00028490,40499.00000000,1676390399999,11.53721370,32,18078.00000000,5.15857500,0
1676390400000,0.00028620,0.00028630,0.00028450,0.00028450,9927.00000000,1676393999999,2.83217080,20,2910.00000000,0.83196990,0
1676394000000,0.00028440,0.00028540,0.00028370,0.00028370,7134.00000000,1676397599999,2.03026100,11,2464.00000000,0.70301740,0
1676397600000,0.00028660,0.00028730,0.00028540,0.00028730,3748.00000000,1676401199999,1.07353450,11,2806.00000000,0.80468770,0
1676401200000,0.00028560,0.00028560,0.00028500,0.00028500,2457.00000000,1676404799999,0.70096650,3,0.00000000,0.00000000,0
1676404800000,0.00028520,0.00028840,0.00028520,0.00028620,13200.00000000,1676408399999,3.78580690,14,7598.00000000,2.18467060,0
1676408400000,0.00028770,0.00028770,0.00028580,0.00028650,1980.00000000,1676411999999,0.56721420,7,299.00000000,0.08602230,0
1676412000000,0.00028780,0.00028870,0.00028740,0.00028740,14190.00000000,1676415599999,4.08752130,17,13654.00000000,3.93337050,0
1676415600000,0.00028870,0.00029090,0.00028870,0.00029090,40587.00000000,1676419199999,11.74702340,33,35637.00000000,10.31401100,0
1676419200000,0.00029080,0.00029090,0.00029020,0.00029030,91191.00000000,1676422799999,26.50155000,19,16031.00000000,4.66104400,0
1676422800000,0.00029000,0.00029000,0.00028790,0.00028910,76235.00000000,1676426399999,21.98139780,44,23578.00000000,6.80179220,0
1676426400000,0.00028900,0.00028960,0.00028730,0.00028740,31244.00000000,1676429999999,9.02703390,23,18716.00000000,5.41606860,0
1676430000000,0.00028730,0.00028780,0.00028660,0.00028770,9420.00000000,1676433599999,2.70711670,9,2351.00000000,0.67658760,0
1676433600000,0.00028660,0.00028660,0.00028600,0.00028620,12376.00000000,1676437199999,3.54473030,13,6339.00000000,1.81675740,0
1676437200000,0.00028730,0.00028740,0.00028550,0.00028550,3391.00000000,1676440799999,0.96965730,9,790.00000000,0.22698640,0
1676440800000,0.00028740,0.00028780,0.00028670,0.00028670,6823.00000000,1676444399999,1.96062510,12,4340.00000000,1.24804470,0
1676444400000,0.00028630,0.00028740,0.00028630,0.00028740,416.00000000,1676447999999,0.11932630,2,205.00000000,0.05891700,0
1676448000000,0.00028720,0.00028740,0.00028550,0.00028730,11231.00000000,1676451599999,3.21834970,15,4341.00000000,1.24676020,0
1676451600000,0.00028600,0.00028600,0.00028580,0.00028590,5961.00000000,1676455199999,1.70447760,8,0.00000000,0.00000000,0
1676455200000,0.00028620,0.00028620,0.00028430,0.00028440,8020.00000000,1676458799999,2.28664010,16,2424.00000000,0.69240190,0
1676458800000,0.00028510,0.00028700,0.00028490,0.00028520,21319.00000000,1676462399999,6.08787200,26,14686.00000000,4.19438880,0
1676462400000,0.00028460,0.00028590,0.00028410,0.00028530,10827.00000000,1676465999999,3.08802100,14,7899.00000000,2.25465080,0
1676466000000,0.00028420,0.00028520,0.00028320,0.00028320,7999.00000000,1676469599999,2.26807520,11,6150.00000000,1.74363110,0
1676469600000,0.00028330,0.00028560,0.00028250,0.00028460,22676.00000000,1676473199999,6.43602370,26,6990.00000000,1.99007940,0
1676473200000,0.00028380,0.00028700,0.00028380,0.00028650,12805.00000000,1676476799999,3.65345590,9,5245.00000000,1.49890840,0
1676476800000,0.00028680,0.00028810,0.00028590,0.00028620,8499.00000000,1676480399999,2.43831410,16,5636.00000000,1.61879260,0
1676480400000,0.00028530,0.00028620,0.00028510,0.00028620,6186.00000000,1676483999999,1.76573880,10,1348.00000000,0.38536560,0
1676484000000,0.00028620,0.00028720,0.00028550,0.00028650,10898.00000000,1676487599999,3.11713680,10,5559.00000000,1.59101640,0
1676487600000,0.00028610,0.00028620,0.00028510,0.00028520,11955.00000000,1676491199999,3.41890710,13,4799.00000000,1.37303240,0
1676491200000,0.00028560,0.00028560,0.00028280,0.00028320,43132.00000000,1676494799999,12.24704380,31,7621.00000000,2.16628480,0
1676494800000,0.00028320,0.00028320,0.00028200,0.00028200,19528.00000000,1676498399999,5.52282380,28,300.00000000,0.08472000,0
1676498400000,0.00028250,0.00028310,0.00028180,0.00028230,13024.00000000,1676501999999,3.67607080,11,3748.00000000,1.05872220,0
1676502000000,0.00028330,0.00028490,0.00028320,0.00028460,3330.00000000,1676505599999,0.94647270,10,3330.00000000,0.94647270,0
1676505600000,0.00028320,0.00028340,0.00028210,0.00028320,10195.00000000,1676509199999,2.88480740,16,4583.00000000,1.29719360,0
1676509200000,0.00028240,0.00028240,0.00027560,0.00028100,83278.00000000,1676512799999,23.24272370,74,13006.00000000,3.63193960,0
1676512800000,0.00027960,0.00028240,0.00027960,0.00028240,29129.00000000,1676516399999,8.21283460,22,24741.00000000,6.98475590,0
1676516400000,0.00028290,0.00028330,0.00028170,0.00028310,29450.00000000,1676519999999,8.31598960,27,9867.00000000,2.79436390,0
1676520000000,0.00028210,0.00028420,0.00028150,0.00028180,48949.00000000,1676523599999,13.86904070,23,46262.00000000,13.11178360,0
1676523600000,0.00028160,0.00028190,0.00028010,0.00028040,5251.00000000,1676527199999,1.47545740,9,297.00000000,0.08342730,0
1676527200000,0.00028160,0.00028230,0.00028050,0.00028150,8482.00000000,1676530799999,2.38690990,15,5047.00000000,1.42149410,0
1676530800000,0.00028180,0.00028340,0.00028180,0.00028320,8327.00000000,1676534399999,2.35306200,13,8327.00000000,2.35306200,0
1676534400000,0.00028350,0.00028350,0.00028030,0.00028050,14371.00000000,1676537999999,4.04852020,17,4869.00000000,1.37258260,0
1676538000000,0.00028170,0.00028170,0.00027900,0.00027940,14298.00000000,1676541599999,4.00928230,14,8829.00000000,2.47862760,0
1676541600000,0.00028050,0.00028140,0.00027920,0.00028140,7596.00000000,1676545199999,2.12750410,10,2002.00000000,0.56235240,0
1676545200000,0.00028040,0.00028250,0.00028020,0.00028250,14144.00000000,1676548799999,3.97864770,14,6513.00000000,1.83403330,0
1676548800000,0.00028200,0.00028200,0.00028030,0.00028050,34134.00000000,1676552399999,9.57722510,18,11749.00000000,3.29586300,0
1676552400000,0.00028030,0.00028250,0.00027910,0.00028020,61716.00000000,1676555999999,17.27688300,39,56750.00000000,15.88631930,0
1676556000000,0.00028020,0.00028130,0.00027940,0.00028040,30163.00000000,1676559599999,8.46626270,28,26083.00000000,7.32383730,0
1676559600000,0.00028070,0.00028070,0.00027760,0.00027780,20112.00000000,1676563199999,5.61880460,27,5731.00000000,1.60314900,0
1676563200000,0.00027920,0.00027920,0.00027700,0.00027830,69846.00000000,1676566799999,19.42426370,41,20212.00000000,5.63093340,0
1676566800000,0.00027930,0.00028070,0.00027900,0.00028070,13199.00000000,1676570399999,3.69591510,26,8222.00000000,2.30225970,0
1676570400000,0.00028100,0.00028210,0.00028020,0.00028100,20014.00000000,1676573999999,5.63119030,22,11290.00000000,3.17849910,0
1676574000000,0.00028240,0.00028300,0.00028050,0.00028100,16230.00000000,1676577599999,4.57586940,19,6932.00000000,1.95745570,0
1676577600000,0.00028110,0.00028400,0.00028040,0.00028400,18809.00000000,1676581199999,5.31096560,27,17048.00000000,4.81346260,0
1676581200000,0.00028350,0.00028450,0.00028240,0.00028350,38512.00000000,1676584799999,10.91400530,34,24587.00000000,6.97212100,0
1676584800000,0.00028390,0.00028450,0.00028240,0.00028270,19970.00000000,1676588399999,5.66142930,21,15179.00000000,4.30360850,0
1676588400000,0.00028370,0.00028450,0.00028170,0.00028380,21200.00000000,1676591999999,6.01002290,21,13195.00000000,3.74564320,0
1676592000000,0.00028330,0.00028550,0.00028300,0.00028440,9538.00000000,1676595599999,2.71272060,16,7655.00000000,2.17915960,0
1676595600000,0.00028580,0.00028710,0.00028400,0.00028520,43135.00000000,1676599199999,12.35525170,41,33457.00000000,9.59418780,0
1676599200000,0.00028390,0.00028470,0.00028340,0.00028340,2613.00000000,1676602799999,0.74310980,3,1897.00000000,0.54007590,0
1676602800000,0.00028440,0.00028440,0.00028440,0.00028440,550.00000000,1676606399999,0.15642000,1,550.00000000,0.15642000,0
1676606400000,0.00028330,0.00028390,0.00028250,0.00028380,8689.00000000,1676609999999,2.46401400,14,5949.00000000,1.68819940,0
1676610000000,0.00028470,0.00028480,0.00028380,0.00028470,19216.00000000,1676613599999,5.46139680,21,6096.00000000,1.73537530,0
1676613600000,0.00028470,0.00028510,0.00028440,0.00028510,7038.00000000,1676617199999,2.00542060,9,6290.00000000,1.79259130,0
1676617200000,0.00028410,0.00028440,0.00028270,0.00028440,10359.00000000,1676620799999,2.93982870,14,1641.00000000,0.46660120,0
1676620800000,0.00028390,0.00028390,0.00028250,0.00028390,2036.00000000,1676624399999,0.57758500,3,198.00000000,0.05621220,0
1676624400000,0.00028460,0.00028460,0.00028260,0.00028260,1741.00000000,1676627999999,0.49466690,4,1318.00000000,0.37510280,0
1676628000000,0.00028390,0.00028490,0.00028390,0.00028490,2186.00000000,1676631599999,0.62130710,6,2185.00000000,0.62102220,0
1676631600000,0.00028440,0.00028540,0.00028290,0.00028360,12252.00000000,1676635199999,3.47401230,16,5408.00000000,1.53492460,0
1676635200000,0.00028320,0.00028430,0.00028320,0.00028430,1977.00000000,1676638799999,0.56146550,5,1230.00000000,0.34966610,0
1676638800000,0.00028300,0.00028530,0.00028260,0.00028310,16942.00000000,1676642399999,4.80365010,18,6576.00000000,1.86795990,0
1676642400000,0.00028350,0.00028450,0.00028280,0.00028440,24523.00000000,1676645999999,6.96073160,18,13701.00000000,3.89201810,0
1676646000000,0.00028290,0.00028550,0.00028290,0.00028380,12280.00000000,1676649599999,3.48395820,8,1523.00000000,0.43386670,0
1676649600000,0.00028460,0.00028660,0.00028460,0.00028660,5893.00000000,1676653199999,1.68175930,11,3086.00000000,0.88189640,0
1676653200000,0.00028650,0.00028660,0.00028280,0.00028410,15483.00000000,1676656799999,4.40214980,17,4300.00000000,1.23170710,0
1676656800000,0.00028490,0.00028680,0.00028430,0.00028680,36744.00000000,1676660399999,10.48518090,40,9872.00000000,2.82436570,0
1676660400000,0.00028740,0.00028770,0.00028500,0.00028500,22458.00000000,1676663999999,6.45243930,22,16441.00000000,4.72885590,0
1676664000000,0.00028450,0.00028660,0.00028450,0.00028660,9649.00000000,1676667599999,2.75618230,10,7765.00000000,2.21842420,0
1676667600000,0.00028650,0.00028780,0.00028450,0.00028530,12308.00000000,1676671199999,3.53171660,18,8409.00000000,2.41493940,0
1676671200000,0.00028570,0.00028770,0.00028480,0.00028770,4957.00000000,1676674799999,1.41792330,8,2293.00000000,0.65860700,0
1676674800000,0.00028610,0.00028990,0.00028610,0.00028990,24836.00000000,1676678399999,7.16409790,23,21657.00000000,6.24766340,0
1676678400000,0.00028900,0.00028900,0.00028820,0.00028860,3743.00000000,1676681999999,1.08023620,6,2067.00000000,0.59666260,0
1676682000000,0.00028780,0.00028930,0.00028780,0.00028850,8602.00000000,1676685599999,2.48354020,13,2871.00000000,0.83006200,0
1676685600000,0.00028870,0.00028940,0.00028670,0.00028670,3402.00000000,1676689199999,0.98067640,10,1750.00000000,0.50591720,0
1676689200000,0.00028660,0.00028660,0.00028560,0.00028560,1786.00000000,1676692799999,0.51031110,3,0.00000000,0.00000000,0
1676692800000,0.00028560,0.00028760,0.00028520,0.00028760,9894.00000000,1676696399999,2.83717360,11,5937.00000000,1.70738580,0
1676696400000,0.00028650,0.00028800,0.00028650,0.00028770,5225.00000000,1676699999999,1.49947560,8,3813.00000000,1.09477260,0
1676700000000,0.00028730,0.00028950,0.00028520,0.00028520,26959.00000000,1676703599999,7.73207960,43,12420.00000000,3.57067960,0
1676703600000,0.00028450,0.00028450,0.00028260,0.00028260,4060.00000000,1676707199999,1.15004280,14,738.00000000,0.20922300,0
1676707200000,0.00028450,0.00028710,0.00028370,0.00028710,19848.00000000,1676710799999,5.65841960,24,13420.00000000,3.83135390,0
1676710800000,0.00028540,0.00028690,0.00028540,0.00028680,3845.00000000,1676714399999,1.09967020,8,1094.00000000,0.31334320,0
1676714400000,0.00028650,0.00028650,0.00028460,0.00028590,15529.00000000,1676717999999,4.43075100,16,1274.00000000,0.36482120,0
1676718000000,0.00028580,0.00028830,0.00028580,0.00028800,35662.00000000,1676721599999,10.23846070,40,25167.00000000,7.23226000,0
1676721600000,0.00028650,0.00028770,0.00028610,0.00028770,12250.00000000,1676725199999,3.50899590,16,380.00000000,0.10916400,0
1676725200000,0.00028800,0.00028840,0.00028600,0.00028760,19641.00000000,1676728799999,5.65042440,20,17462.00000000,5.02443740,0
1676728800000,0.00028710,0.00028940,0.00028620,0.00028940,15362.00000000,1676732399999,4.40991090,19,11658.00000000,3.34752010,0
1676732400000,0.00028830,0.00029420,0.00028810,0.00029420,42298.00000000,1676735999999,12.31219400,47,31835.00000000,9.25637040,0
1676736000000,0.00029370,0.00029380,0.00029050,0.00029180,14947.00000000,1676739599999,4.37909070,16,12291.00000000,3.60535540,0
1676739600000,0.00028970,0.00029360,0.00028950,0.00029080,23953.00000000,1676743199999,6.96746020,31,11875.00000000,3.46617880,0
1676743200000,0.00029250,0.00029280,0.00029010,0.00029280,32637.00000000,1676746799999,9.50848120,30,13317.00000000,3.88765110,0
1676746800000,0.00029110,0.00029230,0.00029090,0.00029090,10563.00000000,1676750399999,3.07763040,10,8517.00000000,2.48099640,0
1676750400000,0.00029130,0.00029160,0.00028960,0.00028960,16293.00000000,1676753999999,4.73057900,27,2658.00000000,0.77407180,0
1676754000000,0.00028990,0.00028990,0.00028990,0.00028990,430.00000000,1676757599999,0.12465700,1,0.00000000,0.00000000,0
1676757600000,0.00029120,0.00029200,0.00029040,0.00029200,17607.00000000,1676761199999,5.12871480,11,5152.00000000,1.50087090,0
1676761200000,0.00029220,0.00029220,0.00029100,0.00029100,3430.00000000,1676764799999,0.99922440,5,246.00000000,0.07188120,0
1676764800000,0.00029100,0.00029100,0.00029070,0.00029070,1396.00000000,1676768399999,0.40587720,2,200.00000000,0.05820000,0
1676768400000,0.00029040,0.00029040,0.00028860,0.00028890,23567.00000000,1676771999999,6.81161870,14,21904.00000000,6.33088060,0
1676772000000,0.00028970,0.00028990,0.00028970,0.00028990,566.00000000,1676775599999,0.16404340,2,566.00000000,0.16404340,0
1676775600000,0.00029020,0.00029070,0.00029000,0.00029000,6879.00000000,1676779199999,1.99672210,12,5550.00000000,1.61116830,0
1676779200000,0.00029020,0.00029150,0.00029020,0.00029150,5570.00000000,1676782799999,1.62012770,7,2971.00000000,0.86400880,0
1676782800000,0.00029170,0.00029300,0.00029140,0.00029140,7746.00000000,1676786399999,2.26125710,19,3443.00000000,1.00696400,0
1676786400000,0.00029090,0.00029430,0.00028960,0.00028960,31512.00000000,1676789999999,9.18452980,39,16953.00000000,4.95530570,0
1676790000000,0.00028980,0.00029040,0.00028850,0.00028930,8538.00000000,1676793599999,2.47355460,15,3140.00000000,0.91125040,0
1676793600000,0.00028850,0.00028890,0.00028780,0.00028880,9395.00000000,1676797199999,2.71181640,13,4382.00000000,1.26508340,0
1676797200000,0.00029010,0.00029060,0.00028930,0.00028950,20240.00000000,1676800799999,5.86395370,20,6201.00000000,1.79560720,0
1676800800000,0.00028990,0.00029370,0.00028990,0.00029290,35597.00000000,1676804399999,10.40487880,26,28997.00000000,8.49071820,0
1676804400000,0.00029320,0.00029390,0.00029260,0.00029380,2445.00000000,1676807999999,0.71725080,8,1680.00000000,0.49325440,0
1676808000000,0.00029380,0.00029550,0.00029290,0.00029330,12717.00000000,1676811599999,3.74014610,17,10051.00000000,2.95849350,0
1676811600000,0.00029310,0.00029460,0.00029150,0.00029350,38966.00000000,1676815199999,11.38745120,25,10078.00000000,2.95864410,0
1676815200000,0.00029310,0.00029530,0.00029240,0.00029450,11562.00000000,1676818799999,3.40239130,18,9701.00000000,2.85606490,0
1676818800000,0.00029510,0.00029510,0.00029230,0.00029330,11764.00000000,1676822399999,3.44363330,14,8432.00000000,2.46657860,0
1676822400000,0.00029340,0.00029340,0.00028930,0.00029020,31364.00000000,1676825999999,9.14206910,41,6196.00000000,1.80920300,0
1676826000000,0.00028930,0.00029080,0.00028910,0.00029080,1818.00000000,1676829599999,0.52722900,6,967.00000000,0.28115130,0
1676829600000,0.00028930,0.00029160,0.00028930,0.00029000,2756.00000000,1676833199999,0.80092300,7,1954.00000000,0.56873370,0
1676833200000,0.00029000,0.00029020,0.00028900,0.00028900,4138.00000000,1676836799999,1.20000020,4,0.00000000,0.00000000,0
1676836800000,0.00028900,0.00029270,0.00028890,0.00028970,10001.00000000,1676840399999,2.90188220,15,7464.00000000,2.16772500,0
1676840400000,0.00028940,0.00029310,0.00028940,0.00029080,9420.00000000,1676843999999,2.74851650,16,6031.00000000,1.76364710,0
1676844000000,0.00029070,0.00029070,0.00029010,0.00029010,560.00000000,1676847599999,0.16257180,2,0.00000000,0.00000000,0
1676847600000,0.00029160,0.00029160,0.00029060,0.00029070,14749.00000000,1676851199999,4.28867760,10,266.00000000,0.07756560,0
1676851200000,0.00029060,0.00029270,0.00028830,0.00028970,21955.00000000,1676854799999,6.37174080,21,4784.00000000,1.38980540,0
1676854800000,0.00028830,0.00028900,0.00028680,0.00028780,29506.00000000,1676858399999,8.49895680,17,12233.00000000,3.52955380,0
1676858400000,0.00028780,0.00028780,0.00028780,0.00028780,0.00000000,1676861999999,0.00000000,0,0.00000000,0.00000000,0
1676862000000,0.00028790,0.00029050,0.00028780,0.00028800,8185.00000000,1676865599999,2.36079130,11,3402.00000000,0.98344400,0
1676865600000,0.00028810,0.00028980,0.00028810,0.00028980,5000.00000000,1676869199999,1.44507620,9,2685.00000000,0.77718220,0
1676869200000,0.00029000,0.00029000,0.00028920,0.00028950,7144.00000000,1676872799999,2.06754650,7,5666.00000000,1.63989800,0
1676872800000,0.00029000,0.00029000,0.00028980,0.00028980,1186.00000000,1676876399999,0.34388900,2,931.00000000,0.26999000,0
1676876400000,0.00029070,0.00029130,0.00028960,0.00028960,5764.00000000,1676879999999,1.67556110,8,3850.00000000,1.12049490,0
1676880000000,0.00029140,0.00029150,0.00028900,0.00028910,14622.00000000,1676883599999,4.23771400,13,5697.00000000,1.65451710,0
1676883600000,0.00028860,0.00029130,0.00028860,0.00029130,6657.00000000,1676887199999,1.93196120,12,4649.00000000,1.35131200,0
1676887200000,0.00029080,0.00029220,0.00028980,0.00028980,58317.00000000,1676890799999,16.95721830,23,55238.00000000,16.06337250,0
1676890800000,0.00028980,0.00029180,0.00028980,0.00029140,11777.00000000,1676894399999,3.42402390,19,8380.00000000,2.43729330,0
1676894400000,0.00029190,0.00029210,0.00028990,0.00029060,14313.00000000,1676897999999,4.16442550,20,11408.00000000,3.31885540,0
1676898000000,0.00029100,0.00029220,0.00029060,0.00029220,9445.00000000,1676901599999,2.75326580,19,6531.00000000,1.90582080,0
1676901600000,0.00029260,0.00029630,0.00029260,0.00029400,32400.00000000,1676905199999,9.52819660,38,28523.00000000,8.38689890,0
1676905200000,0.00029650,0.00029690,0.00029290,0.00029290,14611.00000000,1676908799999,4.30847130,33,3779.00000000,1.11942290,0
1676908800000,0.00029310,0.00029700,0.00029290,0.00029600,22290.00000000,1676912399999,6.57747100,34,16611.00000000,4.90955710,0
1676912400000,0.00029610,0.00030040,0.00029600,0.00030010,30001.00000000,1676915999999,8.95181890,38,15691.00000000,4.67729830,0
1676916000000,0.00030010,0.00030030,0.00029860,0.00030030,7459.00000000,1676919599999,2.23454240,14,1806.00000000,0.54224720,0
1676919600000,0.00029990,0.00030150,0.00029900,0.00030120,43240.00000000,1676923199999,12.98047200,27,32829.00000000,9.85107350,0
1676923200000,0.00030130,0.00030190,0.00029710,0.00030000,241535.00000000,1676926799999,72.31430600,61,88744.00000000,26.71486210,0
1676926800000,0.00030060,0.00030110,0.00029920,0.00030090,7921.00000000,1676930399999,2.37869570,16,3124.00000000,0.93995300,0
1676930400000,0.00030180,0.00030210,0.00029910,0.00029960,19769.00000000,1676933999999,5.92837080,25,5600.00000000,1.68355330,0
1676934000000,0.00030030,0.00030160,0.00030030,0.00030040,10697.00000000,1676937599999,3.21893840,11,10459.00000000,3.14727660,0
1676937600000,0.00030050,0.00030130,0.00029790,0.00029790,17169.00000000,1676941199999,5.14115230,21,5933.00000000,1.77928260,0
1676941200000,0.00030030,0.00030090,0.00030030,0.00030060,4134.00000000,1676944799999,1.24198940,6,4134.00000000,1.24198940,0
1676944800000,0.00030090,0.00030180,0.00030040,0.00030080,14342.00000000,1676948399999,4.31945300,18,7334.00000000,2.21125040,0
1676948400000,0.00030190,0.00030250,0.00029990,0.00030250,14981.00000000,1676951999999,4.51558150,19,6458.00000000,1.95101240,0
1676952000000,0.00030280,0.00030390,0.00030170,0.00030240,4988.00000000,1676955599999,1.50954340,13,3682.00000000,1.11532880,0
1676955600000,0.00030250,0.00030500,0.00030240,0.00030460,7888.00000000,1676959199999,2.39726620,19,4490.00000000,1.36579760,0
1676959200000,0.00030450,0.00030450,0.00030170,0.00030260,32720.00000000,1676962799999,9.90824100,20,26754.00000000,8.10119060,0
1676962800000,0.00030450,0.00030970,0.00030450,0.00030580,48262.00000000,1676966399999,14.83432960,63,27436.00000000,8.43105680,0
1676966400000,0.00030640,0.00030930,0.00030470,0.00030590,31979.00000000,1676969999999,9.82375480,41,20708.00000000,6.36760480,0
1676970000000,0.00030650,0.00030840,0.00030440,0.00030810,33978.00000000,1676973599999,10.40430630,27,7729.00000000,2.37264440,0
1676973600000,0.00030630,0.00030860,0.00030280,0.00030280,4144.00000000,1676977199999,1.26501020,16,667.00000000,0.20505050,0
1676977200000,0.00030440,0.00030600,0.00030360,0.00030600,9814.00000000,1676980799999,2.98534880,4,595.00000000,0.18191560,0
1676980800000,0.00030540,0.00030540,0.00030240,0.00030320,22649.00000000,1676984399999,6.89486010,29,10317.00000000,3.14696290,0
1676984400000,0.00030360,0.00030370,0.00029940,0.00030110,21962.00000000,1676987999999,6.62251670,33,9471.00000000,2.85172630,0
1676988000000,0.00030020,0.00030230,0.00029970,0.00030230,44603.00000000,1676991599999,13.40138640,41,9598.00000000,2.89186860,0
1676991600000,0.00030090,0.00030370,0.00030050,0.00030370,10237.00000000,1676995199999,3.09362490,30,1023.00000000,0.30935230,0
1676995200000,0.00030390,0.00030390,0.00030010,0.00030010,32885.00000000,1676998799999,9.90920260,37,8513.00000000,2.57077150,0
1676998800000,0.00030230,0.00030350,0.00030200,0.00030350,1673.00000000,1677002399999,0.50641590,5,1162.00000000,0.35199040,0
1677002400000,0.00030300,0.00030510,0.00030140,0.00030510,22778.00000000,1677005999999,6.90908420,28,6277.00000000,1.90594790,0
1677006000000,0.00030460,0.00031110,0.00030450,0.00030700,89407.00000000,1677009599999,27.63643950,69,82465.00000000,25.50488260,0
1677009600000,0.00030610,0.00030830,0.00030610,0.00030650,3372.00000000,1677013199999,1.03388970,9,554.00000000,0.17079820,0
1677013200000,0.00030530,0.00030730,0.00030420,0.00030470,17840.00000000,1677016799999,5.44382630,17,2075.00000000,0.63567950,0
1677016800000,0.00030420,0.00030570,0.00030190,0.00030360,54752.00000000,1677020399999,16.59398690,26,1948.00000000,0.59323770,0
1677020400000,0.00030370,0.00030490,0.00030350,0.00030350,2909.00000000,1677023999999,0.88387570,4,573.00000000,0.17447250,0
1677024000000,0.00030510,0.00030560,0.00030310,0.00030310,11160.00000000,1677027599999,3.39776340,19,4999.00000000,1.52511900,0
1677027600000,0.00030270,0.00030300,0.00030020,0.00030200,24537.00000000,1677031199999,7.39267370,20,1837.00000000,0.55370210,0
1677031200000,0.00030130,0.00030130,0.00029940,0.00030090,28476.00000000,1677034799999,8.55103130,26,0.00000000,0.00000000,0
1677034800000,0.00030100,0.00030230,0.00030090,0.00030190,23160.00000000,1677038399999,6.99396010,12,3535.00000000,1.06512000,0
1677038400000,0.00030160,0.00030220,0.00030110,0.00030110,41246.00000000,1677041999999,12.44221650,7,13585.00000000,4.09258640,0
1677042000000,0.00030200,0.00030200,0.00029920,0.00030020,60767.00000000,1677045599999,18.33164740,25,1164.00000000,0.35131440,0
1677045600000,0.00029920,0.00030060,0.00029910,0.00029960,81779.00000000,1677049199999,24.52699270,43,58978.00000000,17.69741340,0
1677049200000,0.00029910,0.00029990,0.00029880,0.00029890,15844.00000000,1677052799999,4.74483320,15,2739.00000000,0.81915080,0
1677052800000,0.00029880,0.00029920,0.00029700,0.00029920,33790.00000000,1677056399999,10.07988750,20,7998.00000000,2.38700500,0
1677056400000,0.00029750,0.00029780,0.00029740,0.00029770,4693.00000000,1677059999999,1.39673270,9,0.00000000,0.00000000,0
1677060000000,0.00029930,0.00029930,0.00029850,0.00029930,5870.00000000,1677063599999,1.75669520,4,5595.00000000,1.67458350,0
1677063600000,0.00029800,0.00030040,0.00029770,0.00029860,10958.00000000,1677067199999,3.27264800,14,1148.00000000,0.34468580,0
1677067200000,0.00029830,0.00029880,0.00029750,0.00029750,22252.00000000,1677070799999,6.62735120,18,267.00000000,0.07977960,0
1677070800000,0.00029750,0.00029950,0.00029580,0.00029950,15676.00000000,1677074399999,4.66605270,22,11828.00000000,3.52161460,0
1677074400000,0.00029940,0.00029960,0.00029760,0.00029780,9448.00000000,1677077999999,2.82235740,18,6320.00000000,1.88755900,0
1677078000000,0.00029870,0.00029920,0.00029690,0.00029780,18331.00000000,1677081599999,5.45997620,29,7404.00000000,2.21081680,0
1677081600000,0.00029810,0.00029880,0.00029670,0.00029880,24066.00000000,1677085199999,7.17374820,21,20677.00000000,6.16679170,0
1677085200000,0.00029880,0.00029930,0.00029650,0.00029780,24359.00000000,1677088799999,7.25147610,20,7279.00000000,2.17258240,0
1677088800000,0.00029810,0.00030010,0.00029810,0.00030010,32404.00000000,1677092399999,9.68096170,20,23703.00000000,7.08110290,0
1677092400000,0.00029960,0.00029960,0.00029640,0.00029700,15846.00000000,1677095999999,4.71419350,20,4815.00000000,1.43398900,0
1677096000000,0.00029660,0.00029700,0.00029590,0.00029640,11475.00000000,1677099599999,3.40046300,9,9264.00000000,2.74489660,0
1677099600000,0.00029640,0.00029770,0.00029590,0.00029770,5467.00000000,1677103199999,1.62275090,7,4375.00000000,1.29962810,0
1677103200000,0.00029850,0.00029860,0.00029610,0.00029710,6568.00000000,1677106799999,1.94731150,6,2604.00000000,0.77350810,0
1677106800000,0.00029610,0.00029710,0.00029440,0.00029600,9722.00000000,1677110399999,2.87303440,17,1879.00000000,0.55665620,0
1677110400000,0.00029530,0.00029720,0.00029530,0.00029720,6524.00000000,1677113999999,1.93173640,6,5904.00000000,1.74827230,0
1677114000000,0.00029640,0.00029910,0.00029640,0.00029780,16229.00000000,1677117599999,4.83649880,13,15678.00000000,4.67305100,0
1677117600000,0.00029690,0.00029690,0.00029690,0.00029690,193.00000000,1677121199999,0.05730170,1,0.00000000,0.00000000,0
1677121200000,0.00029580,0.00029580,0.00029420,0.00029470,33630.00000000,1677124799999,9.91840820,26,3955.00000000,1.16909800,0
1677124800000,0.00029610,0.00029640,0.00029480,0.00029480,3933.00000000,1677128399999,1.16343890,9,3215.00000000,0.95162850,0
1677128400000,0.00029470,0.00029580,0.00029470,0.00029480,27312.00000000,1677131999999,8.06122430,18,22164.00000000,6.54281790,0
1677132000000,0.00029470,0.00029480,0.00029450,0.00029480,12668.00000000,1677135599999,3.73204540,4,12381.00000000,3.64743780,0
1677135600000,0.00029600,0.00029600,0.00029590,0.00029590,1321.00000000,1677139199999,0.39095390,2,1321.00000000,0.39095390,0
1677139200000,0.00029690,0.00029750,0.00029620,0.00029650,12052.00000000,1677142799999,3.57604120,14,8936.00000000,2.65186820,0
1677142800000,0.00029730,0.00029760,0.00029660,0.00029760,29584.00000000,1677146399999,8.78243470,16,27862.00000000,8.27073430,0
1677146400000,0.00029750,0.00029780,0.00029690,0.00029700,5596.00000000,1677149999999,1.66560980,10,1209.00000000,0.35960110,0
1677150000000,0.00029700,0.00029770,0.00029530,0.00029580,21185.00000000,1677153599999,6.28181860,25,5287.00000000,1.57317210,0
1677153600000,0.00029600,0.00029640,0.00029430,0.00029640,22810.00000000,1677157199999,6.74118040,29,4341.00000000,1.28553530,0
1677157200000,0.00029690,0.00029690,0.00029620,0.00029620,446.00000000,1677160799999,0.13224030,2,446.00000000,0.13224030,0
1677160800000,0.00029590,0.00029610,0.00029500,0.00029540,15661.00000000,1677164399999,4.63213760,8,13346.00000000,3.94847280,0
1677164400000,0.00029490,0.00029590,0.00029490,0.00029490,16262.00000000,1677167999999,4.79854370,7,15496.00000000,4.57265030,0
1677168000000,0.00029580,0.00029600,0.00029500,0.00029500,4335.00000000,1677171599999,1.28199100,4,3247.00000000,0.96073100,0
1677171600000,0.00029560,0.00029560,0.00029360,0.00029500,21557.00000000,1677175199999,6.35661080,25,11174.00000000,3.29727740,0
1677175200000,0.00029560,0.00029560,0.00029380,0.00029380,6068.00000000,1677178799999,1.78532900,9,1555.00000000,0.45927370,0
1677178800000,0.00029510,0.00029670,0.00029510,0.00029670,5652.00000000,1677182399999,1.67403680,9,5652.00000000,1.67403680,0
1677182400000,0.00029670,0.00029670,0.00029580,0.00029620,5325.00000000,1677185999999,1.57640650,9,4359.00000000,1.29054760,0
1677186000000,0.00029620,0.00029680,0.00029520,0.00029680,6642.00000000,1677189599999,1.96389630,11,566.00000000,0.16794460,0
1677189600000,0.00029520,0.00029520,0.00029380,0.00029380,3452.00000000,1677193199999,1.01613160,9,0.00000000,0.00000000,0
1677193200000,0.00029520,0.00029530,0.00029390,0.00029400,3097.00000000,1677196799999,0.91258510,10,1566.00000000,0.46222700,0
1677196800000,0.00029500,0.00029550,0.00029410,0.00029450,7805.00000000,1677200399999,2.30262260,9,6690.00000000,1.97457670,0
1677200400000,0.00029450,0.00029450,0.00029350,0.00029350,893.00000000,1677203999999,0.26261340,3,499.00000000,0.14695550,0
1677204000000,0.00029420,0.00029420,0.00029420,0.00029420,256.00000000,1677207599999,0.07531520,1,0.00000000,0.00000000,0
1677207600000,0.00029420,0.00029420,0.00029350,0.00029350,2127.00000000,1677211199999,0.62478730,3,0.00000000,0.00000000,0
1677211200000,0.00029450,0.00029450,0.00029280,0.00029280,20172.00000000,1677214799999,5.93438350,13,2201.00000000,0.64819450,0
1677214800000,0.00029280,0.00029480,0.00029200,0.00029470,20999.00000000,1677218399999,6.15776070,16,17411.00000000,5.10777350,0
1677218400000,0.00029440,0.00029440,0.00029320,0.00029350,10168.00000000,1677221999999,2.98729950,17,735.00000000,0.21632240,0
1677222000000,0.00029500,0.00029530,0.00029490,0.00029490,3672.00000000,1677225599999,1.08310110,7,3672.00000000,1.08310110,0
1677225600000,0.00029420,0.00029430,0.00029310,0.00029310,15263.00000000,1677229199999,4.47536270,12,705.00000000,0.20744640,0
1677229200000,0.00029280,0.00029400,0.00029240,0.00029310,6651.00000000,1677232799999,1.94702490,12,5937.00000000,1.73815490,0
1677232800000,0.00029250,0.00029320,0.00029170,0.00029320,10905.00000000,1677236399999,3.18608610,12,2627.00000000,0.76981840,0
1677236400000,0.00029410,0.00029430,0.00029210,0.00029350,25387.00000000,1677239999999,7.42993220,20,1512.00000000,0.44397160,0
1677240000000,0.00029340,0.00029340,0.00029230,0.00029230,4731.00000000,1677243599999,1.38502730,3,1960.00000000,0.57506400,0
1677243600000,0.00029200,0.00029380,0.00029200,0.00029230,18877.00000000,1677247199999,5.52291720,19,7318.00000000,2.14489700,0
1677247200000,0.00029360,0.00029370,0.00029210,0.00029370,3225.00000000,1677250799999,0.94385410,5,656.00000000,0.19263560,0
1677250800000,0.00029270,0.00029420,0.00029220,0.00029420,16736.00000000,1677254399999,4.90427690,14,5330.00000000,1.56669430,0
1677254400000,0.00029260,0.00029420,0.00029190,0.00029420,26461.00000000,1677257999999,7.76202260,22,16060.00000000,4.71859530,0
1677258000000,0.00029370,0.00029660,0.00029370,0.00029420,19351.00000000,1677261599999,5.71646520,25,17052.00000000,5.04018140,0
1677261600000,0.00029410,0.00029550,0.00029320,0.00029550,6182.00000000,1677265199999,1.81610410,10,649.00000000,0.19123350,0
1677265200000,0.00029360,0.00029460,0.00029220,0.00029440,13405.00000000,1677268799999,3.93790390,16,7536.00000000,2.21939120,0
1677268800000,0.00029320,0.00029360,0.00029260,0.00029360,4047.00000000,1677272399999,1.18655110,8,682.00000000,0.20023520,0
1677272400000,0.00029230,0.00029290,0.00029220,0.00029230,12322.00000000,1677275999999,3.60420820,10,7751.00000000,2.26759760,0
1677276000000,0.00029220,0.00029690,0.00029180,0.00029690,13426.00000000,1677279599999,3.94129170,27,8490.00000000,2.49446820,0
1677279600000,0.00029570,0.00029620,0.00029480,0.00029500,16814.00000000,1677283199999,4.96842950,16,13560.00000000,4.00670710,0
1677283200000,0.00029460,0.00029510,0.00029460,0.00029510,15062.00000000,1677286799999,4.43988900,8,10275.00000000,3.02804250,0
1677286800000,0.00029510,0.00029580,0.00029470,0.00029580,18756.00000000,1677290399999,5.54002410,13,17024.00000000,5.02871590,0
1677290400000,0.00029630,0.00029640,0.00029560,0.00029560,14505.00000000,1677293999999,4.29722990,5,2099.00000000,0.62191590,0
1677294000000,0.00029610,0.00029620,0.00029420,0.00029470,44556.00000000,1677297599999,13.13852970,26,265.00000000,0.07846650,0
1677297600000,0.00029600,0.00029690,0.00029500,0.00029500,7152.00000000,1677301199999,2.11925670,7,6875.00000000,2.03754170,0
1677301200000,0.00029560,0.00029560,0.00029480,0.00029480,543.00000000,1677304799999,0.16035640,3,350.00000000,0.10346000,0
1677304800000,0.00029540,0.00029590,0.00029510,0.00029590,1853.00000000,1677308399999,0.54759440,3,725.00000000,0.21452750,0
1677308400000,0.00029520,0.00029560,0.00029470,0.00029560,3062.00000000,1677311999999,0.90289830,4,857.00000000,0.25308480,0
1677312000000,0.00029450,0.00029490,0.00029330,0.00029490,3589.00000000,1677315599999,1.05640650,8,1000.00000000,0.29487300,0
1677315600000,0.00029480,0.00029660,0.00029460,0.00029660,7158.00000000,1677319199999,2.11479570,8,1977.00000000,0.58453460,0
1677319200000,0.00029600,0.00029660,0.00029230,0.00029320,13893.00000000,1677322799999,4.09932140,15,6753.00000000,1.99691060,0
1677322800000,0.00029380,0.00029460,0.00029320,0.00029320,15991.00000000,1677326399999,4.70090340,9,13573.00000000,3.99095580,0
1677326400000,0.00029460,0.00029500,0.00029220,0.00029440,11262.00000000,1677329999999,3.31341900,19,6609.00000000,1.94716280,0
1677330000000,0.00029480,0.00029480,0.00029480,0.00029480,193.00000000,1677333599999,0.05689640,1,193.00000000,0.05689640,0
1677333600000,0.00029600,0.00029600,0.00029350,0.00029350,4953.00000000,1677337199999,1.45978090,8,1295.00000000,0.38273330,0
1677337200000,0.00029480,0.00029480,0.00029190,0.00029190,6742.00000000,1677340799999,1.97703090,13,2135.00000000,0.62939800,0
1677340800000,0.00029190,0.00029330,0.00029090,0.00029140,27708.00000000,1677344399999,8.08057570,21,9464.00000000,2.75597000,0
1677344400000,0.00029150,0.00029210,0.00029110,0.00029210,5512.00000000,1677347999999,1.60866010,7,4331.00000000,1.26463300,0
1677348000000,0.00029130,0.00029210,0.00029090,0.00029130,6112.00000000,1677351599999,1.78032440,5,3557.00000000,1.03671490,0
1677351600000,0.00029070,0.00029160,0.00029020,0.00029140,10395.00000000,1677355199999,3.02487770,13,5618.00000000,1.63680980,0
1677355200000,0.00029130,0.00029160,0.00029010,0.00029160,6426.00000000,1677358799999,1.86929680,8,3237.00000000,0.94339020,0
1677358800000,0.00029280,0.00029290,0.00029120,0.00029120,527.00000000,1677362399999,0.15394630,3,296.00000000,0.08667910,0
1677362400000,0.00029240,0.00029240,0.00029140,0.00029230,1502.00000000,1677365999999,0.43877400,4,1119.00000000,0.32716780,0
1677366000000,0.00029190,0.00029190,0.00029100,0.00029150,5412.00000000,1677369599999,1.57682120,10,1811.00000000,0.52842200,0
1677369600000,0.00029150,0.00029150,0.00029030,0.00029030,16052.00000000,1677373199999,4.66634080,4,15859.00000000,4.61023570,0
1677373200000,0.00029170,0.00029170,0.00029020,0.00029070,2823.00000000,1677376799999,0.82088330,6,534.00000000,0.15566340,0
1677376800000,0.00029070,0.00029070,0.00029070,0.00029070,207.00000000,1677380399999,0.06017490,1,207.00000000,0.06017490,0
1677380400000,0.00029070,0.00029070,0.00028950,0.00029020,5219.00000000,1677383999999,1.51271650,8,1120.00000000,0.32515350,0
1677384000000,0.00028990,0.00029000,0.00028970,0.00028970,1234.00000000,1677387599999,0.35775460,4,620.00000000,0.17976390,0
1677387600000,0.00029090,0.00029180,0.00029090,0.00029130,1736.00000000,1677391199999,0.50573770,6,1736.00000000,0.50573770,0
1677391200000,0.00029060,0.00029130,0.00029000,0.00029000,6289.00000000,1677394799999,1.82828180,6,5819.00000000,1.69198180,0
1677394800000,0.00029050,0.00029070,0.00029050,0.00029070,993.00000000,1677398399999,0.28862910,2,993.00000000,0.28862910,0
1677398400000,0.00029120,0.00029140,0.00029010,0.00029100,5425.00000000,1677401999999,1.57858980,10,5233.00000000,1.52289060,0
1677402000000,0.00029060,0.00029290,0.00028870,0.00029060,21135.00000000,1677405599999,6.14555590,32,13119.00000000,3.82533230,0
1677405600000,0.00028980,0.00029060,0.00028930,0.00029060,1802.00000000,1677409199999,0.52211300,4,23.00000000,0.00668380,0
1677409200000,0.00029040,0.00029080,0.00029040,0.00029070,4655.00000000,1677412799999,1.35351910,4,4373.00000000,1.27162630,0
1677412800000,0.00029090,0.00029120,0.00028890,0.00028950,12955.00000000,1677416399999,3.75753330,21,3338.00000000,0.96992820,0
1677416400000,0.00028950,0.00028950,0.00028870,0.00028940,10831.00000000,1677419999999,3.13065780,14,2662.00000000,0.76988040,0
1677420000000,0.00028940,0.00028940,0.00028880,0.00028890,4082.00000000,1677423599999,1.17940060,4,0.00000000,0.00000000,0
1677423600000,0.00029000,0.00029010,0.00028790,0.00028820,19403.00000000,1677427199999,5.60509970,22,7149.00000000,2.06924470,0
1677427200000,0.00028840,0.00028900,0.00028760,0.00028760,9802.00000000,1677430799999,2.82334690,14,2600.00000000,0.74950940,0
1677430800000,0.00028750,0.00028760,0.00028640,0.00028660,13725.00000000,1677434399999,3.93925920,14,11324.00000000,3.25041650,0
1677434400000,0.00028740,0.00028820,0.00028650,0.00028820,7732.00000000,1677437999999,2.22107510,6,5169.00000000,1.48586040,0
1677438000000,0.00028650,0.00028770,0.00028630,0.00028760,7259.00000000,1677441599999,2.07928830,5,468.00000000,0.13462030,0
1677441600000,0.00028790,0.00028820,0.00028700,0.00028820,9356.00000000,1677445199999,2.68652240,7,1353.00000000,0.38886100,0
1677445200000,0.00028720,0.00028790,0.00028650,0.00028710,7054.00000000,1677448799999,2.02583600,12,1754.00000000,0.50483470,0
1677448800000,0.00028780,0.00028780,0.00028620,0.00028620,831.00000000,1677452399999,0.23854720,3,417.00000000,0.12001260,0
1677452400000,0.00028610,0.00028750,0.00028610,0.00028750,2946.00000000,1677455999999,0.84467220,5,1757.00000000,0.50434250,0
1677456000000,0.00028860,0.00028900,0.00028850,0.00028900,9386.00000000,1677459599999,2.70991730,7,9386.00000000,2.70991730,0
1677459600000,0.00028800,0.00028840,0.00028800,0.00028840,2889.00000000,1677463199999,0.83252920,3,0.00000000,0.00000000,0
1677463200000,0.00028930,0.00028930,0.00028830,0.00028910,2292.00000000,1677466799999,0.66163980,3,957.00000000,0.27675930,0
1677466800000,0.00028810,0.00028920,0.00028810,0.00028920,2530.00000000,1677470399999,0.73078030,3,1749.00000000,0.50577420,0
1677470400000,0.00028820,0.00028910,0.00028810,0.00028810,1886.00000000,1677473999999,0.54361300,3,178.00000000,0.05145980,0
1677474000000,0.00028770,0.00028820,0.00028770,0.00028800,11170.00000000,1677477599999,3.21759550,6,3981.00000000,1.14732420,0
1677477600000,0.00028790,0.00029030,0.00028770,0.00029030,3035.00000000,1677481199999,0.87845120,6,2675.00000000,0.77480740,0
1677481200000,0.00028870,0.00029030,0.00028810,0.00028820,18488.00000000,1677484799999,5.33472950,14,7784.00000000,2.24958620,0
1677484800000,0.00028750,0.00028750,0.00028750,0.00028750,198.00000000,1677488399999,0.05692500,1,0.00000000,0.00000000,0
1677488400000,0.00028810,0.00029030,0.00028810,0.00028860,45349.00000000,1677491999999,13.08548630,13,45349.00000000,13.08548630,0
1677492000000,0.00028800,0.00028800,0.00028690,0.00028700,3090.00000000,1677495599999,0.88770070,5,0.00000000,0.00000000,0
1677495600000,0.00028760,0.00028770,0.00028650,0.00028650,9115.00000000,1677499199999,2.61563890,15,2913.00000000,0.83641810,0
1677499200000,0.00028660,0.00028700,0.00028570,0.00028570,14565.00000000,1677502799999,4.17319820,15,914.00000000,0.26204380,0
1677502800000,0.00028780,0.00029080,0.00028780,0.00029080,19548.00000000,1677506399999,5.66120290,18,6831.00000000,1.98421330,0
1677506400000,0.00028950,0.00029150,0.00028800,0.00028910,37241.00000000,1677509999999,10.78264330,28,7198.00000000,2.09436650,0
1677510000000,0.00029050,0.00029130,0.00028910,0.00028950,10483.00000000,1677513599999,3.03731700,13,9012.00000000,2.61176290,0
1677513600000,0.00029070,0.00029360,0.00029050,0.00029200,28182.00000000,1677517199999,8.22242340,30,25785.00000000,7.52508140,0
1677517200000,0.00029100,0.00029210,0.00029100,0.00029210,7263.00000000,1677520799999,2.11784990,4,0.00000000,0.00000000,0
1677520800000,0.00029300,0.00029300,0.00028960,0.00029130,164527.00000000,1677524399999,47.75893620,92,93721.00000000,27.23773760,0
1677524400000,0.00029130,0.00029130,0.00029130,0.00029130,0.00000000,1677527999999,0.00000000,0,0.00000000,0.00000000,0
1677528000000,0.00028980,0.00029080,0.00028970,0.00029080,3853.00000000,1677531599999,1.12002870,3,3853.00000000,1.12002870,0
1677531600000,0.00029030,0.00029180,0.00028900,0.00029070,6394.00000000,1677535199999,1.85902010,8,5854.00000000,1.70279210,0
1677535200000,0.00028960,0.00029030,0.00028840,0.00029030,4362.00000000,1677538799999,1.26015220,11,209.00000000,0.06067270,0
1677538800000,0.00029040,0.00029040,0.00029000,0.00029040,13176.00000000,1677542399999,3.82513520,9,5172.00000000,1.50194880,0
1677542400000,0.00029030,0.00029060,0.00028840,0.00028840,10902.00000000,1677545999999,3.15477310,14,4316.00000000,1.25267260,0
1677546000000,0.00028990,0.00028990,0.00028790,0.00028790,14052.00000000,1677549599999,4.05892120,16,8478.00000000,2.45133500,0
1677549600000,0.00028760,0.00028830,0.00028580,0.00028650,17840.00000000,1677553199999,5.10939900,16,228.00000000,0.06573240,0
1677553200000,0.00028640,0.00028640,0.00028630,0.00028640,27362.00000000,1677556799999,7.83386220,15,0.00000000,0.00000000,0
1677556800000,0.00028740,0.00028790,0.00028700,0.00028700,1262.00000000,1677560399999,0.36247330,3,417.00000000,0.11995830,0
1677560400000,0.00028780,0.00028860,0.00028770,0.00028860,5923.00000000,1677563999999,1.70679590,10,3727.00000000,1.07324990,0
1677564000000,0.00028730,0.00028900,0.00028570,0.00028880,27371.00000000,1677567599999,7.87726390,21,13795.00000000,3.98168240,0
1677567600000,0.00028800,0.00028910,0.00028750,0.00028840,11169.00000000,1677571199999,3.22265770,10,7630.00000000,2.20259270,0
1677571200000,0.00028880,0.00028880,0.00028880,0.00028880,6074.00000000,1677574799999,1.75417120,1,0.00000000,0.00000000,0
1677574800000,0.00028970,0.00029020,0.00028930,0.00028930,6215.00000000,1677578399999,1.80050590,8,3011.00000000,0.87271890,0
1677578400000,0.00029000,0.00029020,0.00028870,0.00028930,12687.00000000,1677581999999,3.67780160,12,10679.00000000,3.09709050,0
1677582000000,0.00029060,0.00029110,0.00028880,0.00028890,3204.00000000,1677585599999,0.92993290,14,2081.00000000,0.60520550,0
1677585600000,0.00029000,0.00029110,0.00028870,0.00028870,14487.00000000,1677589199999,4.20087310,24,11241.00000000,3.26287380,0
1677589200000,0.00028860,0.00028960,0.00028810,0.00028960,5131.00000000,1677592799999,1.48283490,10,1009.00000000,0.29220640,0
1677592800000,0.00028850,0.00028980,0.00028810,0.00028880,5175.00000000,1677596399999,1.49459980,13,1811.00000000,0.52399710,0
1677596400000,0.00028880,0.00028880,0.00028880,0.00028880,0.00000000,1677599999999,0.00000000,0,0.00000000,0.00000000,0
1677600000000,0.00028860,0.00028880,0.00028760,0.00028880,6539.00000000,1677603599999,1.88732070,7,5985.00000000,1.72794890,0
1677603600000,0.00028830,0.00028890,0.00028800,0.00028800,16029.00000000,1677607199999,4.62562760,11,10273.00000000,2.96733330,0
1677607200000,0.00028810,0.00028950,0.00028800,0.00028940,43083.00000000,1677610799999,12.43818180,29,40950.00000000,11.82381540,0
1677610800000,0.00028890,0.00028970,0.00028730,0.00028850,27579.00000000,1677614399999,7.96617650,21,21969.00000000,6.34772100,0
1677614400000,0.00028690,0.00028750,0.00028670,0.00028700,6271.00000000,1677617999999,1.79986040,9,174.00000000,0.05002500,0
1677618000000,0.00028780,0.00028790,0.00028550,0.00028720,20221.00000000,1677621599999,5.80112790,18,18061.00000000,5.18278480,0
1677621600000,0.00028590,0.00028700,0.00028550,0.00028700,2193.00000000,1677625199999,0.62867670,4,1628.00000000,0.46723600,0
1677625200000,0.00028830,0.00029110,0.00028710,0.00028950,30679.00000000,1677628799999,8.87199810,28,22730.00000000,6.58162680,0
