1690848000000,0.00081150,0.00081780,0.00080760,0.00081650,9292.57000000,1690851599999,7.55766519,1639,4567.61000000,3.71553616,0
1690851600000,0.00081670,0.00081750,0.00080200,0.00080720,9758.79000000,1690855199999,7.90394292,1785,4362.10000000,3.53472830,0
1690855200000,0.00080730,0.00080940,0.00079520,0.00080860,24374.45000000,1690858799999,19.58725778,3971,9981.79000000,8.02305938,0
1690858800000,0.00080850,0.00081350,0.00080810,0.00081130,7788.86000000,1690862399999,6.31796784,1247,4299.05000000,3.48826799,0
1690862400000,0.00081110,0.00081320,0.00080650,0.00080690,4910.25000000,1690865999999,3.97126370,805,2467.20000000,1.99563993,0
1690866000000,0.00080680,0.00081430,0.00080630,0.00081330,7447.51000000,1690869599999,6.03909237,879,3961.68000000,3.21185983,0
1690869600000,0.00081310,0.00081620,0.00081180,0.00081410,4556.43000000,1690873199999,3.70822488,674,2539.00000000,2.06620958,0
1690873200000,0.00081420,0.00081460,0.00081100,0.00081130,2569.42000000,1690876799999,2.08976161,436,1057.35000000,0.86001218,0
1690876800000,0.00081130,0.00081610,0.00081130,0.00081420,3968.65000000,1690880399999,3.23216880,539,1996.00000000,1.62596184,0
1690880400000,0.00081450,0.00081450,0.00080960,0.00081010,4734.06000000,1690883999999,3.83987787,498,1164.66000000,0.94537479,0
1690884000000,0.00081010,0.00081080,0.00080870,0.00080870,3329.74000000,1690887599999,2.69645897,563,1725.68000000,1.39768759,0
1690887600000,0.00080870,0.00081080,0.00080720,0.00080850,2339.03000000,1690891199999,1.89215215,495,1217.35000000,0.98471547,0
1690891200000,0.00080860,0.00081140,0.00080600,0.00081020,2554.62000000,1690894799999,2.06600664,568,1304.44000000,1.05545463,0
1690894800000,0.00081030,0.00081090,0.00080850,0.00080990,2885.17000000,1690898399999,2.33594441,481,1141.31000000,0.92417972,0
1690898400000,0.00080970,0.00081220,0.00080070,0.00080220,20744.88000000,1690901999999,16.74212403,1427,9998.25000000,8.05012859,0
1690902000000,0.00080250,0.00080800,0.00079830,0.00080370,10913.24000000,1690905599999,8.76898390,1669,5339.60000000,4.29254880,0
1690905600000,0.00080360,0.00080800,0.00080310,0.00080550,5059.21000000,1690909199999,4.07548155,754,1974.03000000,1.59106383,0
1690909200000,0.00080550,0.00080850,0.00080550,0.00080740,3599.88000000,1690912799999,2.90607773,397,1356.32000000,1.09485662,0
1690912800000,0.00080770,0.00081150,0.00080720,0.00080910,3738.49000000,1690916399999,3.02466858,650,2504.75000000,2.02681268,0
1690916400000,0.00080930,0.00081170,0.00080530,0.00080640,6128.41000000,1690919999999,4.94921268,686,4376.04000000,3.53296770,0
1690920000000,0.00080650,0.00080730,0.00080400,0.00080480,2856.95000000,1690923599999,2.29996708,447,985.96000000,0.79389592,0
1690923600000,0.00080490,0.00081210,0.00080450,0.00080790,5294.94000000,1690927199999,4.28793902,638,1669.43000000,1.34950657,0
1690927200000,0.00080770,0.00081010,0.00080610,0.00080890,2711.18000000,1690930799999,2.19164218,434,1365.07000000,1.10352791,0
1690930800000,0.00080900,0.00081230,0.00080760,0.00080970,5537.50000000,1690934399999,4.48533665,930,2507.14000000,2.03123673,0
1690934400000,0.00080970,0.00081320,0.00080540,0.00080540,9509.38000000,1690937999999,7.68407749,1173,5732.37000000,4.63253697,0
1690938000000,0.00080570,0.00080880,0.00080330,0.00080420,11825.70000000,1690941599999,9.53380374,1420,7200.68000000,5.80550354,0
1690941600000,0.00080390,0.00080480,0.00080030,0.00080190,5326.70000000,1690945199999,4.27570359,670,1986.88000000,1.59455120,0
1690945200000,0.00080210,0.00080220,0.00079790,0.00079850,5730.45000000,1690948799999,4.58298769,758,2434.03000000,1.94743608,0
1690948800000,0.00079870,0.00080020,0.00079690,0.00079990,3293.10000000,1690952399999,2.63082930,553,1593.51000000,1.27314367,0
1690952400000,0.00079980,0.00080010,0.00079710,0.00079870,5836.72000000,1690955999999,4.66113132,498,1952.30000000,1.55942830,0
1690956000000,0.00079870,0.00080250,0.00079810,0.00080030,3813.82000000,1690959599999,3.05483393,548,2149.86000000,1.72250303,0
1690959600000,0.00080050,0.00080310,0.00079790,0.00079900,6039.91000000,1690963199999,4.83629923,675,2843.54000000,2.27742950,0
1690963200000,0.00079910,0.00080150,0.00079500,0.00080020,8637.75000000,1690966799999,6.89342720,944,3798.84000000,3.03469024,0
1690966800000,0.00080030,0.00080170,0.00079930,0.00079930,3296.96000000,1690970399999,2.63997758,406,2180.99000000,1.74636771,0
1690970400000,0.00079940,0.00080210,0.00079860,0.00080210,4951.01000000,1690973999999,3.96009810,570,2517.23000000,2.01437868,0
1690974000000,0.00080200,0.00080290,0.00080070,0.00080090,3731.53000000,1690977599999,2.99207255,510,1778.81000000,1.42685362,0
1690977600000,0.00080100,0.00080130,0.00079650,0.00079800,4022.86000000,1690981199999,3.21208617,539,2267.86000000,1.81045512,0
1690981200000,0.00079800,0.00079950,0.00079490,0.00079690,5399.11000000,1690984799999,4.30512813,760,2519.86000000,2.00934620,0
1690984800000,0.00079690,0.00079820,0.00079170,0.00079330,8768.84000000,1690988399999,6.96548004,1281,4923.31000000,3.91006537,0
1690988400000,0.00079330,0.00079650,0.00079080,0.00079330,8216.45000000,1690991999999,6.51996024,1044,3811.32000000,3.02478325,0
1690992000000,0.00079310,0.00079550,0.00078830,0.00079280,10321.57000000,1690995599999,8.18058414,1598,4816.52000000,3.81940476,0
1690995600000,0.00079250,0.00079530,0.00079010,0.00079330,7285.63000000,1690999199999,5.77603315,789,3740.80000000,2.96715017,0
1690999200000,0.00079310,0.00079590,0.00079070,0.00079180,3867.93000000,1691002799999,3.06865635,516,1991.94000000,1.58063467,0
1691002800000,0.00079180,0.00079670,0.00079150,0.00079550,2947.25000000,1691006399999,2.34133654,467,1732.47000000,1.37635959,0
1691006400000,0.00079510,0.00079610,0.00079310,0.00079350,2521.16000000,1691009999999,2.00282366,365,1118.57000000,0.88888842,0
1691010000000,0.00079350,0.00079460,0.00079120,0.00079350,3198.63000000,1691013599999,2.53677574,425,1584.42000000,1.25655160,0
1691013600000,0.00079360,0.00079800,0.00079290,0.00079570,4735.94000000,1691017199999,3.76705871,580,2968.98000000,2.36132474,0
1691017200000,0.00079580,0.00079680,0.00079300,0.00079340,4979.32000000,1691020799999,3.95769322,578,2733.25000000,2.17238503,0
1691020800000,0.00079320,0.00079720,0.00079120,0.00079370,7007.00000000,1691024399999,5.56531427,837,3020.01000000,2.39849306,0
1691024400000,0.00079390,0.00079840,0.00079270,0.00079840,4919.71000000,1691027999999,3.91386858,621,2815.23000000,2.23984921,0
1691028000000,0.00079850,0.00079910,0.00079560,0.00079730,2521.88000000,1691031599999,2.01086973,473,1252.98000000,0.99930152,0
1691031600000,0.00079740,0.00079870,0.00079610,0.00079670,1402.96000000,1691035199999,1.11853294,267,936.34000000,0.74661234,0
1691035200000,0.00079670,0.00079770,0.00079300,0.00079470,1789.76000000,1691038799999,1.42385966,316,733.26000000,0.58329732,0
1691038800000,0.00079490,0.00079670,0.00079400,0.00079570,3174.43000000,1691042399999,2.52429391,437,1513.76000000,1.20384196,0
1691042400000,0.00079570,0.00079610,0.00078830,0.00078960,9746.17000000,1691045999999,7.71867600,925,3890.57000000,3.08316017,0
1691046000000,0.00078950,0.00079000,0.00077380,0.00078180,22123.82000000,1691049599999,17.29963028,2963,10753.04000000,8.40581136,0
1691049600000,0.00078200,0.00078390,0.00077570,0.00077930,10339.90000000,1691053199999,8.06845325,1363,5499.49000000,4.29244562,0
1691053200000,0.00077930,0.00078190,0.00077810,0.00077970,8808.98000000,1691056799999,6.87049502,900,4226.88000000,3.29630182,0
1691056800000,0.00077970,0.00078290,0.00077870,0.00078180,7560.07000000,1691060399999,5.89966717,682,4370.08000000,3.41068637,0
1691060400000,0.00078200,0.00078310,0.00077980,0.00078070,4182.99000000,1691063999999,3.26643604,557,1688.08000000,1.31897669,0
1691064000000,0.00078050,0.00078230,0.00077660,0.00077890,3830.77000000,1691067599999,2.98401207,656,2023.45000000,1.57628009,0
1691067600000,0.00077900,0.00078350,0.00077900,0.00078280,2901.13000000,1691071199999,2.26512292,547,1660.72000000,1.29669565,0
1691071200000,0.00078260,0.00078670,0.00078210,0.00078500,8336.43000000,1691074799999,6.53942726,809,2794.28000000,2.19236639,0
1691074800000,0.00078500,0.00078520,0.00077890,0.00077930,6253.76000000,1691078399999,4.88892058,771,2537.70000000,1.98416039,0
1691078400000,0.00077950,0.00078050,0.00077650,0.00078000,4299.96000000,1691081999999,3.34750585,600,2257.12000000,1.75706901,0
1691082000000,0.00078020,0.00078580,0.00078000,0.00078190,4645.14000000,1691085599999,3.64009953,692,2361.39000000,1.84974566,0
1691085600000,0.00078190,0.00078340,0.00078050,0.00078300,2536.58000000,1691089199999,1.98363888,395,1385.52000000,1.08370667,0
1691089200000,0.00078310,0.00078310,0.00078040,0.00078170,1442.24000000,1691092799999,1.12744229,290,720.08000000,0.56285344,0
1691092800000,0.00078170,0.00078700,0.00078170,0.00078350,2996.73000000,1691096399999,2.35054231,496,1682.48000000,1.31951629,0
1691096400000,0.00078330,0.00078420,0.00077780,0.00077900,2674.79000000,1691099999999,2.09018312,469,926.55000000,0.72428508,0
1691100000000,0.00077920,0.00077990,0.00077070,0.00077710,10655.39000000,1691103599999,8.24818245,1538,5148.19000000,3.98660666,0
1691103600000,0.00077710,0.00077780,0.00077450,0.00077580,2833.20000000,1691107199999,2.19950069,443,1338.34000000,1.03896014,0
1691107200000,0.00077580,0.00077750,0.00077250,0.00077710,7111.89000000,1691110799999,5.51510306,1018,3946.46000000,3.06114957,0
1691110800000,0.00077710,0.00077800,0.00077310,0.00077370,4755.42000000,1691114399999,3.68794402,652,2415.68000000,1.87352073,0
1691114400000,0.00077380,0.00077830,0.00077120,0.00077820,6110.21000000,1691117999999,4.73139319,720,3268.66000000,2.53080838,0
1691118000000,0.00077820,0.00078090,0.00077790,0.00078000,2233.99000000,1691121599999,1.74092421,384,1124.24000000,0.87633891,0
1691121600000,0.00078010,0.00078250,0.00077720,0.00078210,2655.92000000,1691125199999,2.07092716,478,1365.02000000,1.06452054,0
1691125200000,0.00078220,0.00078780,0.00078110,0.00078430,7196.76000000,1691128799999,5.64481122,1064,3911.42000000,3.06745430,0
1691128800000,0.00078430,0.00078540,0.00078210,0.00078310,2295.86000000,1691132399999,1.79968077,394,994.71000000,0.77991616,0
1691132400000,0.00078330,0.00078730,0.00078120,0.00078640,9648.49000000,1691135999999,7.56889185,1012,5191.35000000,4.07393313,0
1691136000000,0.00078630,0.00078880,0.00078460,0.00078520,4954.83000000,1691139599999,3.89811720,684,2815.10000000,2.21565508,0
1691139600000,0.00078540,0.00078660,0.00078390,0.00078600,1771.63000000,1691143199999,1.39148789,389,896.61000000,0.70430139,0
1691143200000,0.00078600,0.00078740,0.00078420,0.00078420,3366.03000000,1691146799999,2.64457312,469,2110.32000000,1.65793942,0
1691146800000,0.00078410,0.00078700,0.00078310,0.00078550,4161.60000000,1691150399999,3.26644432,477,2444.26000000,1.91888747,0
1691150400000,0.00078560,0.00079300,0.00078440,0.00079190,11110.80000000,1691153999999,8.77402491,1482,6147.75000000,4.85525299,0
1691154000000,0.00079180,0.00080370,0.00078990,0.00079930,20078.45000000,1691157599999,16.00759439,2675,11545.86000000,9.20521122,0
1691157600000,0.00079920,0.00080320,0.00079650,0.00079970,9324.21000000,1691161199999,7.45339144,1084,3839.35000000,3.07089453,0
1691161200000,0.00079990,0.00079990,0.00079620,0.00079750,8508.59000000,1691164799999,6.78751367,774,3592.12000000,2.86611653,0
1691164800000,0.00079770,0.00080170,0.00079660,0.00080060,3470.58000000,1691168399999,2.77552778,610,2129.25000000,1.70245933,0
1691168400000,0.00080070,0.00080120,0.00079600,0.00079680,4226.68000000,1691171999999,3.37057026,576,1995.68000000,1.59171389,0
1691172000000,0.00079680,0.00079710,0.00078710,0.00078990,11311.49000000,1691175599999,8.96453584,1760,5157.06000000,4.08769958,0
1691175600000,0.00078970,0.00079170,0.00078750,0.00079000,6315.79000000,1691179199999,4.98684418,868,2797.02000000,2.20890898,0
1691179200000,0.00078990,0.00079200,0.00077960,0.00078500,12654.16000000,1691182799999,9.92643688,1851,6908.84000000,5.41352999,0
1691182800000,0.00078470,0.00079080,0.00078340,0.00078620,4514.13000000,1691186399999,3.55318350,780,2345.03000000,1.84714493,0
1691186400000,0.00078620,0.00078790,0.00078370,0.00078470,3516.07000000,1691189999999,2.76276792,618,1427.99000000,1.12227174,0
1691190000000,0.00078460,0.00078620,0.00078310,0.00078310,2861.91000000,1691193599999,2.24545878,487,1463.50000000,1.14842510,0
1691193600000,0.00078310,0.00078380,0.00077740,0.00077850,5076.96000000,1691197199999,3.96282861,935,2261.57000000,1.76502988,0
1691197200000,0.00077870,0.00078140,0.00077370,0.00077590,6996.20000000,1691200799999,5.43601745,1104,3443.08000000,2.67446962,0
1691200800000,0.00077570,0.00078150,0.00077510,0.00078030,3501.37000000,1691204399999,2.72832875,584,2119.53000000,1.65114104,0
1691204400000,0.00078030,0.00078190,0.00077970,0.00078150,2132.22000000,1691207999999,1.66492580,352,847.90000000,0.66209735,0
1691208000000,0.00078120,0.00078170,0.00077730,0.00077920,1917.46000000,1691211599999,1.49425652,362,859.34000000,0.66985832,0
1691211600000,0.00077910,0.00078460,0.00077830,0.00078430,2311.43000000,1691215199999,1.80504623,466,1574.98000000,1.22968783,0
1691215200000,0.00078430,0.00078650,0.00078250,0.00078370,2962.00000000,1691218799999,2.32223254,462,1227.09000000,0.96256154,0
1691218800000,0.00078390,0.00078460,0.00078290,0.00078360,1642.96000000,1691222399999,1.28773700,262,527.24000000,0.41329369,0
1691222400000,0.00078350,0.00078550,0.00078190,0.00078390,1819.24000000,1691225999999,1.42546586,337,713.01000000,0.55878423,0
1691226000000,0.00078380,0.00078620,0.00078320,0.00078500,2300.14000000,1691229599999,1.80461886,369,976.68000000,0.76618909,0
1691229600000,0.00078500,0.00078730,0.00078460,0.00078630,7212.26000000,1691233199999,5.66854628,548,2940.91000000,2.31147881,0
1691233200000,0.00078650,0.00078890,0.00078450,0.00078450,3236.08000000,1691236799999,2.54657120,458,1604.40000000,1.26368553,0
1691236800000,0.00078450,0.00078530,0.00078040,0.00078170,5302.81000000,1691240399999,4.14982292,636,2036.96000000,1.59382626,0
1691240400000,0.00078170,0.00078340,0.00077930,0.00078180,3103.19000000,1691243999999,2.42542488,498,1177.21000000,0.92036774,0
1691244000000,0.00078180,0.00078400,0.00078080,0.00078320,4830.17000000,1691247599999,3.77836315,517,1865.06000000,1.45949899,0
1691247600000,0.00078310,0.00078400,0.00077550,0.00077810,15381.83000000,1691251199999,11.98579175,1406,8673.98000000,6.75785757,0
1691251200000,0.00077800,0.00078000,0.00076670,0.00077240,14265.11000000,1691254799999,11.02513058,1929,5475.42000000,4.22872544,0
1691254800000,0.00077240,0.00077730,0.00077170,0.00077660,7557.78000000,1691258399999,5.85750731,874,4340.12000000,3.36375938,0
1691258400000,0.00077670,0.00077990,0.00077580,0.00077800,5595.73000000,1691261999999,4.35257234,677,3637.44000000,2.82956915,0
1691262000000,0.00077830,0.00077920,0.00077680,0.00077710,1987.45000000,1691265599999,1.54596294,335,963.66000000,0.74956951,0
1691265600000,0.00077720,0.00077810,0.00077440,0.00077510,1493.26000000,1691269199999,1.15920320,304,649.20000000,0.50403052,0
1691269200000,0.00077510,0.00078050,0.00077450,0.00077730,2623.00000000,1691272799999,2.04007468,427,1298.19000000,1.00968938,0
1691272800000,0.00077710,0.00077980,0.00077660,0.00077900,2424.27000000,1691276399999,1.88615678,316,1358.12000000,1.05664201,0
1691276400000,0.00077890,0.00077940,0.00077660,0.00077940,1756.76000000,1691279999999,1.36656717,317,892.77000000,0.69459823,0
1691280000000,0.00077930,0.00078410,0.00077740,0.00078130,4779.11000000,1691283599999,3.73579469,744,3038.19000000,2.37488575,0
1691283600000,0.00078150,0.00078210,0.00077950,0.00078030,2304.44000000,1691287199999,1.79955667,328,1094.65000000,0.85474892,0
1691287200000,0.00078040,0.00078830,0.00078010,0.00078530,10248.29000000,1691290799999,8.05394169,1437,7146.32000000,5.61567516,0
1691290800000,0.00078520,0.00078680,0.00078360,0.00078570,6471.53000000,1691294399999,5.07948273,686,5132.14000000,4.02786478,0
1691294400000,0.00078560,0.00078940,0.00078540,0.00078830,7009.94000000,1691297999999,5.52456406,866,4497.54000000,3.54419193,0
1691298000000,0.00078830,0.00079220,0.00078800,0.00079160,7976.27000000,1691301599999,6.29945573,879,4989.48000000,3.94075165,0
1691301600000,0.00079150,0.00079310,0.00078740,0.00078860,6855.95000000,1691305199999,5.42105729,808,3659.86000000,2.89323038,0
1691305200000,0.00078840,0.00079480,0.00078790,0.00079140,9571.20000000,1691308799999,7.57396015,1054,6150.44000000,4.86666959,0
1691308800000,0.00079130,0.00080630,0.00079030,0.00079910,25691.03000000,1691312399999,20.56744632,3059,15445.54000000,12.35805550,0
1691312400000,0.00079910,0.00079950,0.00079440,0.00079560,4564.81000000,1691315999999,3.63717848,688,2010.12000000,1.60178456,0
1691316000000,0.00079590,0.00079740,0.00079260,0.00079400,3486.75000000,1691319599999,2.77049047,730,1825.91000000,1.45098267,0
1691319600000,0.00079430,0.00080040,0.00079320,0.00079810,9181.00000000,1691323199999,7.31732926,966,5838.40000000,4.65174933,0
1691323200000,0.00079800,0.00079970,0.00079330,0.00079380,5063.08000000,1691326799999,4.03363646,664,1716.54000000,1.36812610,0
1691326800000,0.00079370,0.00079460,0.00078920,0.00079040,5839.67000000,1691330399999,4.62154582,957,2884.37000000,2.28267300,0
1691330400000,0.00079010,0.00079420,0.00078830,0.00079370,5181.15000000,1691333999999,4.10314836,787,2369.44000000,1.87610462,0
1691334000000,0.00079380,0.00079490,0.00079230,0.00079370,6013.68000000,1691337599999,4.77264203,551,2411.35000000,1.91396967,0
1691337600000,0.00079350,0.00079950,0.00079060,0.00079850,5610.61000000,1691341199999,4.46533285,824,3169.25000000,2.52304403,0
1691341200000,0.00079870,0.00079940,0.00079450,0.00079490,7143.75000000,1691344799999,5.69312256,766,2775.67000000,2.21183427,0
1691344800000,0.00079510,0.00079930,0.00079510,0.00079750,12608.19000000,1691348399999,10.05282357,827,5789.38000000,4.61550714,0
1691348400000,0.00079750,0.00080010,0.00079580,0.00079800,6925.64000000,1691351999999,5.52477168,631,2580.49000000,2.06106979,0
1691352000000,0.00079830,0.00079950,0.00079580,0.00079880,6202.28000000,1691355599999,4.94517815,492,2869.02000000,2.28693879,0
1691355600000,0.00079890,0.00080200,0.00079430,0.00079490,4704.93000000,1691359199999,3.76062925,705,2186.71000000,1.74853763,0
1691359200000,0.00079500,0.00080330,0.00079450,0.00079890,3374.32000000,1691362799999,2.69936730,638,1828.36000000,1.46263181,0
1691362800000,0.00079900,0.00080140,0.00079690,0.00079760,3868.45000000,1691366399999,3.09073118,557,2051.79000000,1.63937217,0
1691366400000,0.00079750,0.00080200,0.00079350,0.00079540,5350.49000000,1691369999999,4.26710521,940,2630.37000000,2.09835196,0
1691370000000,0.00079540,0.00081150,0.00079540,0.00080490,11783.22000000,1691373599999,9.48039586,2081,7082.63000000,5.69827888,0
1691373600000,0.00080510,0.00080570,0.00080160,0.00080340,3276.81000000,1691377199999,2.63265874,568,1384.17000000,1.11222975,0
1691377200000,0.00080350,0.00080400,0.00079910,0.00079920,2531.67000000,1691380799999,2.02907028,490,1174.91000000,0.94187682,0
1691380800000,0.00079920,0.00080240,0.00079880,0.00079990,2740.28000000,1691384399999,2.19307912,464,1537.14000000,1.23034156,0
1691384400000,0.00080010,0.00080040,0.00079830,0.00079930,1955.77000000,1691387999999,1.56361598,348,798.88000000,0.63873498,0
1691388000000,0.00079920,0.00079920,0.00079150,0.00079260,6252.51000000,1691391599999,4.97388375,1046,2518.85000000,2.00353196,0
1691391600000,0.00079240,0.00079600,0.00079200,0.00079570,3932.40000000,1691395199999,3.12489703,578,2275.63000000,1.80837674,0
1691395200000,0.00079550,0.00079610,0.00079250,0.00079310,2417.34000000,1691398799999,1.92133678,477,1221.91000000,0.97128368,0
1691398800000,0.00079330,0.00079580,0.00079090,0.00079230,4631.18000000,1691402399999,3.67179166,818,1666.08000000,1.32223931,0
1691402400000,0.00079270,0.00079360,0.00079150,0.00079330,3425.83000000,1691405999999,2.71512346,582,2210.85000000,1.75226539,0
1691406000000,0.00079370,0.00079450,0.00079250,0.00079390,2268.63000000,1691409599999,1.80013194,520,1079.67000000,0.85680498,0
1691409600000,0.00079410,0.00079520,0.00079040,0.00079380,4116.09000000,1691413199999,3.26339595,762,2376.40000000,1.88450485,0
1691413200000,0.00079380,0.00079490,0.00078560,0.00078650,5289.17000000,1691416799999,4.17393428,1045,2054.57000000,1.62106081,0
1691416800000,0.00078630,0.00078740,0.00078380,0.00078720,6740.96000000,1691420399999,5.29441329,1165,2662.94000000,2.09251784,0
1691420400000,0.00078710,0.00079000,0.00078340,0.00078870,5052.66000000,1691423999999,3.97257557,1005,2409.57000000,1.89440012,0
1691424000000,0.00078850,0.00078930,0.00077840,0.00078190,24414.19000000,1691427599999,19.09663965,2831,14775.07000000,11.55407690,0
1691427600000,0.00078200,0.00078920,0.00078180,0.00078710,7436.48000000,1691431199999,5.84914053,1162,3089.57000000,2.42906904,0
1691431200000,0.00078710,0.00079090,0.00078500,0.00078550,4772.14000000,1691434799999,3.75714965,898,2674.19000000,2.10558901,0
1691434800000,0.00078560,0.00078810,0.00078380,0.00078790,3857.87000000,1691438399999,3.02862649,474,2320.24000000,1.82157022,0
1691438400000,0.00078810,0.00078910,0.00078700,0.00078870,1789.67000000,1691441999999,1.41017217,314,961.30000000,0.75757828,0
1691442000000,0.00078850,0.00078970,0.00078690,0.00078910,2807.79000000,1691445599999,2.21282455,467,1761.13000000,1.38818547,0
1691445600000,0.00078930,0.00078990,0.00078780,0.00078920,1732.59000000,1691449199999,1.36686589,257,679.09000000,0.53563886,0
1691449200000,0.00078930,0.00079170,0.00078730,0.00079160,1347.44000000,1691452799999,1.06402655,269,924.54000000,0.73003560,0
1691452800000,0.00079160,0.00079480,0.00079070,0.00079330,7508.30000000,1691456399999,5.95156570,891,4440.86000000,3.52015444,0
1691456400000,0.00079330,0.00079390,0.00079010,0.00079040,1875.85000000,1691459999999,1.48528610,317,958.16000000,0.75881978,0
1691460000000,0.00079040,0.00079250,0.00079010,0.00079130,2404.44000000,1691463599999,1.90287343,299,1049.41000000,0.83059268,0
1691463600000,0.00079140,0.00079300,0.00079010,0.00079280,3115.32000000,1691467199999,2.46568726,379,1204.50000000,0.95331015,0
1691467200000,0.00079290,0.00079670,0.00079150,0.00079450,2497.00000000,1691470799999,1.98286692,481,1370.21000000,1.08820154,0
1691470800000,0.00079470,0.00079600,0.00079200,0.00079490,2778.09000000,1691474399999,2.20478661,495,1511.07000000,1.19901254,0
1691474400000,0.00079500,0.00079880,0.00079450,0.00079670,6126.47000000,1691477999999,4.88248807,622,2872.38000000,2.28873259,0
1691478000000,0.00079660,0.00079810,0.00079410,0.00079590,6901.72000000,1691481599999,5.49138923,753,3077.74000000,2.44862622,0
1691481600000,0.00079590,0.00079790,0.00079490,0.00079500,2569.94000000,1691485199999,2.04718497,458,1130.59000000,0.90094073,0
1691485200000,0.00079500,0.00079620,0.00079330,0.00079450,2460.61000000,1691488799999,1.95535558,404,1156.81000000,0.91924639,0
1691488800000,0.00079450,0.00079650,0.00079410,0.00079640,2753.31000000,1691492399999,2.19087061,398,1430.15000000,1.13791696,0
1691492400000,0.00079660,0.00079680,0.00079270,0.00079430,11553.97000000,1691495999999,9.16777761,802,6097.56000000,4.83797890,0
1691496000000,0.00079420,0.00079720,0.00079150,0.00079620,20566.84000000,1691499599999,16.34995151,1160,7545.94000000,5.99186930,0
1691499600000,0.00079610,0.00079660,0.00078940,0.00079090,12586.86000000,1691503199999,9.98910029,1340,4829.83000000,3.83316860,0
1691503200000,0.00079120,0.00079350,0.00079040,0.00079310,2428.56000000,1691506799999,1.92227005,405,1492.00000000,1.18098197,0
1691506800000,0.00079290,0.00080830,0.00079290,0.00080350,26146.61000000,1691510399999,20.97323038,2965,18207.84000000,14.60161006,0
1691510400000,0.00080360,0.00080860,0.00080280,0.00080810,11373.66000000,1691513999999,9.16877836,1519,6550.09000000,5.28033445,0
1691514000000,0.00080830,0.00081480,0.00080490,0.00081160,18608.38000000,1691517599999,15.08298554,2735,9953.81000000,8.06814959,0
1691517600000,0.00081160,0.00081710,0.00080940,0.00081330,20431.42000000,1691521199999,16.61809782,1909,14586.28000000,11.86460467,0
1691521200000,0.00081340,0.00082840,0.00081320,0.00082310,32133.28000000,1691524799999,26.42420441,4833,17867.93000000,14.69199254,0
1691524800000,0.00082280,0.00082320,0.00081610,0.00081650,9099.15000000,1691528399999,7.46339230,1248,3987.47000000,3.27143832,0
1691528400000,0.00081630,0.00081790,0.00081090,0.00081340,19024.60000000,1691531999999,15.49970914,2155,7339.63000000,5.97906025,0
1691532000000,0.00081330,0.00081460,0.00080810,0.00080960,9015.49000000,1691535599999,7.32061477,1282,3988.42000000,3.23835659,0
1691535600000,0.00080990,0.00081400,0.00080970,0.00081320,4585.23000000,1691539199999,3.72172777,725,2225.51000000,1.80645725,0
1691539200000,0.00081330,0.00081980,0.00081330,0.00081890,10711.38000000,1691542799999,8.74932597,1364,6383.26000000,5.21482231,0
1691542800000,0.00081870,0.00082060,0.00081610,0.00081730,2932.32000000,1691546399999,2.39785328,534,1697.33000000,1.38798792,0
1691546400000,0.00081750,0.00081850,0.00081440,0.00081550,3386.76000000,1691549999999,2.76362138,545,1772.45000000,1.44646568,0
1691550000000,0.00081550,0.00081920,0.00081530,0.00081790,2554.14000000,1691553599999,2.08605738,411,1634.20000000,1.33466052,0
1691553600000,0.00081800,0.00082200,0.00081660,0.00082200,2626.40000000,1691557199999,2.15379534,486,1424.88000000,1.16883748,0
1691557200000,0.00082200,0.00082440,0.00081980,0.00082060,4111.73000000,1691560799999,3.38135146,762,2384.47000000,1.96163334,0
1691560800000,0.00082060,0.00082400,0.00081830,0.00082130,6254.95000000,1691564399999,5.12785296,652,3538.80000000,2.90059053,0
1691564400000,0.00082120,0.00082590,0.00082100,0.00082410,7492.35000000,1691567999999,6.17208570,835,3895.81000000,3.20931146,0
1691568000000,0.00082420,0.00082930,0.00082340,0.00082770,10064.05000000,1691571599999,8.31419147,1233,5331.29000000,4.40334130,0
1691571600000,0.00082790,0.00082980,0.00082520,0.00082610,8660.12000000,1691575199999,7.16177397,973,4534.08000000,3.75013805,0
1691575200000,0.00082590,0.00083710,0.00082500,0.00083300,13336.94000000,1691578799999,11.06598706,1933,7560.06000000,6.27295500,0
1691578800000,0.00083290,0.00083530,0.00083010,0.00083180,9835.46000000,1691582399999,8.18716737,1354,5059.62000000,4.21170564,0
1691582400000,0.00083170,0.00083490,0.00082690,0.00082950,12328.95000000,1691585999999,10.23451651,1711,7742.45000000,6.42796940,0
1691586000000,0.00082990,0.00083320,0.00082470,0.00082720,11311.17000000,1691589599999,9.36384027,1614,5526.78000000,4.57610287,0
1691589600000,0.00082700,0.00082900,0.00082120,0.00082170,8316.44000000,1691593199999,6.86520659,1386,3290.95000000,2.71851705,0
1691593200000,0.00082180,0.00082960,0.00082180,0.00082520,6875.35000000,1691596799999,5.68148827,1217,3818.24000000,3.15424266,0
1691596800000,0.00082510,0.00082990,0.00082290,0.00082800,8163.36000000,1691600399999,6.73974005,1051,5943.74000000,4.90803301,0
1691600400000,0.00082810,0.00083040,0.00082690,0.00082940,6556.28000000,1691603999999,5.43347141,822,2713.36000000,2.24850884,0
1691604000000,0.00082940,0.00083120,0.00082770,0.00082990,2050.60000000,1691607599999,1.70096468,449,1041.06000000,0.86371187,0
1691607600000,0.00083010,0.00083120,0.00082390,0.00082590,2993.72000000,1691611199999,2.47578186,588,1062.75000000,0.87846953,0
1691611200000,0.00082610,0.00082740,0.00082480,0.00082630,3394.73000000,1691614799999,2.80430072,646,1488.52000000,1.22975510,0
1691614800000,0.00082630,0.00082630,0.00081860,0.00082340,4494.05000000,1691618399999,3.69441726,1191,2260.27000000,1.85815782,0
1691618400000,0.00082350,0.00082410,0.00082140,0.00082290,3523.34000000,1691621999999,2.89768571,517,1841.49000000,1.51468411,0
1691622000000,0.00082270,0.00082610,0.00082190,0.00082430,3839.60000000,1691625599999,3.16400310,741,1600.79000000,1.31930163,0
1691625600000,0.00082450,0.00082620,0.00082050,0.00082360,4900.35000000,1691629199999,4.03662207,652,2116.98000000,1.74319169,0
1691629200000,0.00082390,0.00082750,0.00082250,0.00082690,3406.37000000,1691632799999,2.81133904,608,1920.52000000,1.58516084,0
1691632800000,0.00082690,0.00082770,0.00082290,0.00082370,3591.32000000,1691636399999,2.96439552,526,948.58000000,0.78351257,0
1691636400000,0.00082370,0.00082390,0.00081820,0.00081910,3881.88000000,1691639999999,3.18303893,587,1715.28000000,1.40584071,0
1691640000000,0.00081910,0.00082260,0.00081880,0.00082060,2181.39000000,1691643599999,1.79031004,654,1419.10000000,1.16472261,0
1691643600000,0.00082060,0.00082200,0.00081770,0.00082140,3219.80000000,1691647199999,2.63884716,502,1410.03000000,1.15534775,0
1691647200000,0.00082170,0.00082330,0.00082040,0.00082110,2490.31000000,1691650799999,2.04730919,401,1343.09000000,1.10438856,0
1691650800000,0.00082100,0.00082500,0.00082090,0.00082420,2859.13000000,1691654399999,2.35370782,713,1576.51000000,1.29766431,0
1691654400000,0.00082420,0.00082520,0.00082240,0.00082490,2844.17000000,1691657999999,2.34294463,421,1189.41000000,0.97974823,0
1691658000000,0.00082500,0.00082630,0.00082250,0.00082610,4232.07000000,1691661599999,3.48922751,688,1726.39000000,1.42382266,0
1691661600000,0.00082610,0.00082850,0.00082510,0.00082800,3235.46000000,1691665199999,2.67556677,647,1666.36000000,1.37815755,0
1691665200000,0.00082800,0.00082900,0.00082630,0.00082710,3592.00000000,1691668799999,2.97266077,531,2014.50000000,1.66716457,0
1691668800000,0.00082720,0.00083500,0.00082610,0.00083470,12157.67000000,1691672399999,10.11774598,1780,6732.07000000,5.60682208,0
1691672400000,0.00083470,0.00083610,0.00083230,0.00083370,55087.64000000,1691675999999,45.99329623,1826,51657.14000000,43.13140157,0
1691676000000,0.00083390,0.00083740,0.00082980,0.00083080,7182.94000000,1691679599999,5.98504407,1143,3338.87000000,2.78255423,0
1691679600000,0.00083090,0.00083500,0.00083020,0.00083340,7452.70000000,1691683199999,6.21021306,668,4239.52000000,3.53479045,0
1691683200000,0.00083360,0.00083490,0.00082900,0.00083350,3265.95000000,1691686799999,2.71706890,562,1695.28000000,1.41076175,0
1691686800000,0.00083370,0.00083410,0.00082970,0.00083210,2118.94000000,1691690399999,1.76189306,430,945.26000000,0.78617118,0
1691690400000,0.00083210,0.00083500,0.00083100,0.00083450,4982.97000000,1691693999999,4.15110967,655,2400.05000000,1.99993326,0
1691694000000,0.00083440,0.00083640,0.00083240,0.00083550,2830.75000000,1691697599999,2.36360698,605,1305.32000000,1.08991044,0
1691697600000,0.00083540,0.00083690,0.00083410,0.00083610,5284.48000000,1691701199999,4.41519072,696,1636.54000000,1.36727776,0
1691701200000,0.00083610,0.00084000,0.00083590,0.00083770,3538.40000000,1691704799999,2.96434322,623,2171.95000000,1.81949030,0
1691704800000,0.00083750,0.00083950,0.00083470,0.00083530,3614.52000000,1691708399999,3.02766023,509,1726.10000000,1.44597125,0
1691708400000,0.00083550,0.00083700,0.00083430,0.00083580,7761.85000000,1691711999999,6.48822276,811,4281.35000000,3.57912942,0
1691712000000,0.00083590,0.00084080,0.00083590,0.00084060,4583.71000000,1691715599999,3.84458962,834,2572.20000000,2.15744886,0
1691715600000,0.00084060,0.00084290,0.00083960,0.00084000,4248.11000000,1691719199999,3.57382221,959,2385.98000000,2.00728321,0
1691719200000,0.00084000,0.00084660,0.00083970,0.00084270,6865.48000000,1691722799999,5.79322400,1320,3691.34000000,3.11342645,0
1691722800000,0.00084250,0.00084700,0.00083890,0.00083940,5061.32000000,1691726399999,4.26567174,869,2194.21000000,1.84975150,0
1691726400000,0.00083960,0.00084350,0.00083950,0.00084290,4353.45000000,1691729999999,3.66490761,540,2256.00000000,1.89900307,0
1691730000000,0.00084280,0.00084280,0.00083790,0.00083950,5917.78000000,1691733599999,4.97444673,523,2065.54000000,1.73482141,0
1691733600000,0.00083960,0.00084020,0.00083570,0.00083740,7775.56000000,1691737199999,6.50913598,702,4082.49000000,3.41709945,0
1691737200000,0.00083720,0.00083730,0.00083180,0.00083270,8832.64000000,1691740799999,7.36586801,967,4204.76000000,3.50675345,0
1691740800000,0.00083250,0.00083490,0.00083190,0.00083370,6230.99000000,1691744399999,5.19235358,728,3486.23000000,2.90539840,0
1691744400000,0.00083350,0.00083450,0.00083050,0.00083150,3845.48000000,1691747999999,3.20006031,542,1601.40000000,1.33282851,0
1691748000000,0.00083130,0.00083250,0.00083020,0.00083060,2906.07000000,1691751599999,2.41600664,458,1424.61000000,1.18456928,0
1691751600000,0.00083090,0.00083350,0.00083070,0.00083340,3747.01000000,1691755199999,3.11718532,776,2022.39000000,1.68282827,0
1691755200000,0.00083340,0.00083420,0.00082950,0.00083110,4564.15000000,1691758799999,3.79568234,684,2557.16000000,2.12641704,0
1691758800000,0.00083130,0.00083710,0.00083060,0.00083570,4467.91000000,1691762399999,3.72246388,692,2687.32000000,2.23910214,0
1691762400000,0.00083590,0.00084230,0.00083480,0.00084070,5340.62000000,1691765999999,4.47495917,834,2802.12000000,2.34843756,0
1691766000000,0.00084110,0.00084250,0.00083450,0.00083490,6707.25000000,1691769599999,5.62009912,916,2025.40000000,1.69863786,0
1691769600000,0.00083510,0.00083830,0.00083290,0.00083710,6432.05000000,1691773199999,5.37660798,860,3580.02000000,2.99399392,0
1691773200000,0.00083700,0.00083740,0.00083240,0.00083350,4359.92000000,1691776799999,3.63803709,581,1966.75000000,1.64189150,0
1691776800000,0.00083330,0.00083630,0.00083180,0.00083230,3624.82000000,1691780399999,3.02333445,497,1658.13000000,1.38349223,0
1691780400000,0.00083220,0.00083230,0.00082960,0.00083170,4464.28000000,1691783999999,3.70969582,640,2163.74000000,1.79812769,0
1691784000000,0.00083170,0.00083270,0.00082920,0.00083140,3024.30000000,1691787599999,2.51352375,423,1418.25000000,1.17841799,0
1691787600000,0.00083110,0.00083510,0.00082940,0.00083400,5225.50000000,1691791199999,4.35114499,547,2513.76000000,2.09250919,0
1691791200000,0.00083410,0.00083760,0.00083400,0.00083480,5060.62000000,1691794799999,4.22764921,662,2435.82000000,2.03521411,0
1691794800000,0.00083490,0.00083690,0.00083330,0.00083690,7212.46000000,1691798399999,6.02603386,737,4280.77000000,3.57662065,0
1691798400000,0.00083680,0.00084050,0.00083570,0.00084030,5695.16000000,1691801999999,4.77508565,1069,3169.68000000,2.65775880,0
1691802000000,0.00084040,0.00084040,0.00083560,0.00083560,2768.79000000,1691805599999,2.31967877,585,1247.08000000,1.04487111,0
1691805600000,0.00083590,0.00083730,0.00083260,0.00083330,4436.45000000,1691809199999,3.70609049,578,1784.34000000,1.49159443,0
1691809200000,0.00083310,0.00083350,0.00083050,0.00083260,2845.75000000,1691812799999,2.36798504,482,1351.95000000,1.12502737,0
1691812800000,0.00083250,0.00083390,0.00083110,0.00083170,3725.31000000,1691816399999,3.10185083,550,1526.77000000,1.27160766,0
1691816400000,0.00083190,0.00083340,0.00083040,0.00083310,2421.50000000,1691819999999,2.01516199,383,1276.90000000,1.06263882,0
1691820000000,0.00083340,0.00083370,0.00083110,0.00083310,2224.46000000,1691823599999,1.85208618,379,976.12000000,0.81306151,0
1691823600000,0.00083320,0.00083490,0.00083130,0.00083430,5274.59000000,1691827199999,4.39602190,742,3262.35000000,2.71900678,0
1691827200000,0.00083440,0.00083480,0.00083180,0.00083290,2117.22000000,1691830799999,1.76364429,467,1006.35000000,0.83837927,0
1691830800000,0.00083270,0.00083380,0.00083210,0.00083330,1392.04000000,1691834399999,1.15928960,404,629.88000000,0.52452360,0
1691834400000,0.00083310,0.00083430,0.00083240,0.00083380,1721.85000000,1691837999999,1.43513364,391,888.64000000,0.74078828,0
1691838000000,0.00083370,0.00083450,0.00083280,0.00083420,8361.65000000,1691841599999,6.97191033,537,7049.45000000,5.87822142,0
1691841600000,0.00083450,0.00083510,0.00083300,0.00083500,1780.44000000,1691845199999,1.48479483,315,942.13000000,0.78567183,0
1691845200000,0.00083510,0.00083610,0.00083400,0.00083410,5217.72000000,1691848799999,4.35694376,473,2157.19000000,1.80152356,0
1691848800000,0.00083430,0.00083690,0.00083330,0.00083670,2671.23000000,1691852399999,2.23030685,363,1741.15000000,1.45415849,0
1691852400000,0.00083680,0.00083890,0.00083560,0.00083800,5825.34000000,1691855999999,4.87989004,556,4173.37000000,3.49592455,0
1691856000000,0.00083800,0.00084130,0.00083670,0.00084030,8690.29000000,1691859599999,7.29447609,894,5367.52000000,4.50694039,0
1691859600000,0.00084020,0.00084170,0.00083820,0.00083840,4768.98000000,1691863199999,4.00513147,559,2402.50000000,2.01740959,0
1691863200000,0.00083860,0.00084300,0.00083730,0.00084300,6494.53000000,1691866799999,5.45493869,644,3397.65000000,2.85432581,0
1691866800000,0.00084280,0.00084440,0.00084020,0.00084100,11357.02000000,1691870399999,9.56659855,852,4416.31000000,3.71993201,0
1691870400000,0.00084100,0.00084490,0.00084030,0.00084160,5784.94000000,1691873999999,4.87969412,722,3173.80000000,2.67696448,0
1691874000000,0.00084150,0.00084390,0.00084020,0.00084340,5734.55000000,1691877599999,4.82729606,647,3216.33000000,2.70814571,0
1691877600000,0.00084340,0.00085710,0.00084330,0.00084910,30432.73000000,1691881199999,25.88860739,2865,12091.79000000,10.28129248,0
1691881200000,0.00084890,0.00085000,0.00084450,0.00084640,5544.66000000,1691884799999,4.69873851,796,2863.53000000,2.42645503,0
1691884800000,0.00084670,0.00084790,0.00084310,0.00084530,9420.09000000,1691888399999,7.96109692,1171,4382.29000000,3.70378647,0
1691888400000,0.00084550,0.00084550,0.00083820,0.00084230,9134.00000000,1691891999999,7.67753011,857,3372.68000000,2.83600513,0
1691892000000,0.00084230,0.00084360,0.00084070,0.00084290,4439.01000000,1691895599999,3.74044048,474,2779.20000000,2.34178925,0
1691895600000,0.00084290,0.00084800,0.00084290,0.00084610,4958.21000000,1691899199999,4.19308709,579,2700.38000000,2.28363794,0
1691899200000,0.00084650,0.00084680,0.00084350,0.00084450,4634.60000000,1691902799999,3.91633379,437,2568.49000000,2.17034139,0
1691902800000,0.00084450,0.00084470,0.00083940,0.00084070,3098.70000000,1691906399999,2.60825441,528,1426.79000000,1.20078784,0
1691906400000,0.00084050,0.00084150,0.00083940,0.00084130,1474.18000000,1691909999999,1.23869226,263,715.75000000,0.60147420,0
1691910000000,0.00084130,0.00084270,0.00084010,0.00084210,3116.97000000,1691913599999,2.62288438,364,1429.92000000,1.20320130,0
1691913600000,0.00084210,0.00084350,0.00084070,0.00084340,3002.66000000,1691917199999,2.52796598,427,1744.13000000,1.46836135,0
1691917200000,0.00084350,0.00084350,0.00084110,0.00084330,2706.71000000,1691920799999,2.27971491,314,753.76000000,0.63498438,0
1691920800000,0.00084320,0.00084560,0.00084320,0.00084330,2976.99000000,1691924399999,2.51402342,440,1670.47000000,1.41071766,0
1691924400000,0.00084360,0.00084360,0.00083990,0.00084040,2371.87000000,1691927999999,1.99596781,378,1004.58000000,0.84534922,0
1691928000000,0.00084040,0.00084230,0.00083840,0.00084130,9831.80000000,1691931599999,8.25663581,759,7339.90000000,6.16219546,0
1691931600000,0.00084130,0.00084130,0.00083640,0.00083660,6397.86000000,1691935199999,5.36630253,672,3359.71000000,2.81896956,0
1691935200000,0.00083640,0.00083950,0.00083510,0.00083800,5815.05000000,1691938799999,4.86619447,690,2711.21000000,2.26876823,0
1691938800000,0.00083790,0.00083900,0.00083390,0.00083710,8062.70000000,1691942399999,6.74487419,946,3070.84000000,2.56863170,0
1691942400000,0.00083720,0.00083800,0.00083170,0.00083420,9900.31000000,1691945999999,8.26358776,947,5334.66000000,4.45274426,0
1691946000000,0.00083450,0.00083560,0.00083200,0.00083280,10469.59000000,1691949599999,8.73279384,946,4874.56000000,4.06638822,0
1691949600000,0.00083310,0.00083470,0.00083020,0.00083370,7159.90000000,1691953199999,5.95595307,818,2220.54000000,1.84775114,0
1691953200000,0.00083400,0.00083830,0.00083390,0.00083770,3031.40000000,1691956799999,2.53325122,469,1596.62000000,1.33446685,0
1691956800000,0.00083770,0.00083810,0.00083410,0.00083450,4157.07000000,1691960399999,3.47416710,483,1430.03000000,1.19548695,0
1691960400000,0.00083450,0.00083480,0.00083000,0.00083270,6381.17000000,1691963999999,5.31210555,630,3049.48000000,2.53916920,0
1691964000000,0.00083250,0.00083270,0.00082640,0.00082860,12551.93000000,1691967599999,10.40032915,1329,6302.45000000,5.22259835,0
1691967600000,0.00082850,0.00083050,0.00082650,0.00082670,4940.64000000,1691971199999,4.09324043,630,2024.89000000,1.67811881,0
1691971200000,0.00082680,0.00083110,0.00082540,0.00083110,7049.49000000,1691974799999,5.83696438,1006,4316.09000000,3.57423290,0
1691974800000,0.00083090,0.00083370,0.00082960,0.00083240,7433.61000000,1691978399999,6.17810215,729,2837.41000000,2.35886039,0
1691978400000,0.00083240,0.00083280,0.00082650,0.00083010,5924.84000000,1691981999999,4.91046822,729,2767.68000000,2.29367389,0
1691982000000,0.00082990,0.00083180,0.00082930,0.00082970,6746.79000000,1691985599999,5.60284053,506,2300.44000000,1.91083483,0
1691985600000,0.00082970,0.00083280,0.00082950,0.00083050,3258.48000000,1691989199999,2.70735222,346,1705.14000000,1.41665639,0
1691989200000,0.00083070,0.00083210,0.00083030,0.00083130,2306.60000000,1691992799999,1.91765849,312,1098.14000000,0.91306772,0
1691992800000,0.00083170,0.00083210,0.00082840,0.00083000,3099.24000000,1691996399999,2.57230614,416,1322.61000000,1.09751044,0
1691996400000,0.00082980,0.00083190,0.00082910,0.00083010,3179.18000000,1691999999999,2.63974458,556,1563.37000000,1.29822836,0
1692000000000,0.00082980,0.00083490,0.00082950,0.00083260,6347.14000000,1692003599999,5.28368301,846,3275.75000000,2.72613926,0
1692003600000,0.00083260,0.00083550,0.00083180,0.00083210,5454.01000000,1692007199999,4.54439184,738,2939.12000000,2.44960003,0
1692007200000,0.00083210,0.00083370,0.00083160,0.00083320,2238.89000000,1692010799999,1.86400485,467,916.02000000,0.76273066,0
1692010800000,0.00083330,0.00083510,0.00083260,0.00083350,3108.14000000,1692014399999,2.59150005,554,1881.73000000,1.56905977,0
1692014400000,0.00083340,0.00083500,0.00083160,0.00083390,4290.27000000,1692017999999,3.57526692,691,2609.77000000,2.17495955,0
1692018000000,0.00083420,0.00083450,0.00082930,0.00083170,4245.18000000,1692021599999,3.53071967,709,2048.94000000,1.70393707,0
1692021600000,0.00083170,0.00083630,0.00083150,0.00083400,4702.32000000,1692025199999,3.92235866,779,2381.00000000,1.98592667,0
1692025200000,0.00083390,0.00083970,0.00083390,0.00083850,7291.60000000,1692028799999,6.10054860,1236,4199.43000000,3.51369306,0
1692028800000,0.00083860,0.00085320,0.00083860,0.00084920,23913.10000000,1692032399999,20.24391346,3305,14909.98000000,12.62131598,0
1692032400000,0.00084910,0.00084950,0.00084090,0.00084160,8718.68000000,1692035999999,7.37290666,1252,3296.19000000,2.78847710,0
1692036000000,0.00084150,0.00084510,0.00083770,0.00084230,10545.68000000,1692039599999,8.88017286,1472,4838.21000000,4.07982478,0
1692039600000,0.00084220,0.00084690,0.00084200,0.00084550,4519.31000000,1692043199999,3.81663795,637,2369.81000000,2.00164091,0
1692043200000,0.00084550,0.00084760,0.00084350,0.00084650,5503.53000000,1692046799999,4.65150052,682,2092.30000000,1.76979902,0
1692046800000,0.00084650,0.00085300,0.00084500,0.00084930,8858.34000000,1692050399999,7.50867173,1076,4900.36000000,4.15331969,0
1692050400000,0.00084950,0.00085630,0.00084940,0.00085180,8010.93000000,1692053999999,6.83154217,978,4729.69000000,4.03494484,0
1692054000000,0.00085180,0.00085740,0.00085020,0.00085580,20494.83000000,1692057599999,17.51179454,2064,12536.63000000,10.71110453,0
1692057600000,0.00085600,0.00085950,0.00085230,0.00085710,11402.99000000,1692061199999,9.76526326,1429,5897.91000000,5.04942301,0
1692061200000,0.00085700,0.00086300,0.00084990,0.00085080,16833.59000000,1692064799999,14.40007620,1853,8889.50000000,7.60404359,0
1692064800000,0.00085080,0.00085290,0.00084720,0.00084820,8605.23000000,1692068399999,7.31436928,973,4433.16000000,3.76911437,0
1692068400000,0.00084810,0.00085490,0.00084730,0.00085020,9844.62000000,1692071999999,8.38010817,1072,5121.75000000,4.35805353,0
1692072000000,0.00085010,0.00085160,0.00084830,0.00085020,4780.91000000,1692075599999,4.06430148,630,2213.91000000,1.88224282,0
1692075600000,0.00084990,0.00085250,0.00084780,0.00085050,4602.34000000,1692079199999,3.91234135,606,1995.16000000,1.69624376,0
1692079200000,0.00085030,0.00085290,0.00084990,0.00085000,4470.30000000,1692082799999,3.80527775,503,1720.33000000,1.46419746,0
1692082800000,0.00084990,0.00084990,0.00084190,0.00084610,13870.03000000,1692086399999,11.72719057,1687,5884.73000000,4.97566090,0
1692086400000,0.00084600,0.00084650,0.00084090,0.00084450,7674.72000000,1692089999999,6.47734135,928,3903.65000000,3.29530905,0
1692090000000,0.00084460,0.00085170,0.00084430,0.00085020,7121.43000000,1692093599999,6.04336018,1046,4004.54000000,3.39867865,0
1692093600000,0.00085010,0.00085140,0.00084770,0.00084890,5093.66000000,1692097199999,4.32389990,591,3274.25000000,2.77913704,0
1692097200000,0.00084900,0.00085000,0.00084450,0.00084550,11853.13000000,1692100799999,10.05228514,853,4075.52000000,3.45602498,0
1692100800000,0.00084530,0.00084800,0.00084340,0.00084360,5107.93000000,1692104399999,4.32129351,796,1938.37000000,1.63956204,0
1692104400000,0.00084350,0.00084770,0.00084280,0.00084450,5484.65000000,1692107999999,4.63855069,670,2836.99000000,2.39971631,0
1692108000000,0.00084450,0.00084800,0.00084050,0.00084740,6819.35000000,1692111599999,5.76155913,972,3257.19000000,2.75320030,0
1692111600000,0.00084740,0.00084790,0.00084240,0.00084270,4173.75000000,1692115199999,3.52704912,570,1994.15000000,1.68538017,0
1692115200000,0.00084290,0.00084510,0.00084150,0.00084510,3098.57000000,1692118799999,2.61211843,531,1865.10000000,1.57223742,0
1692118800000,0.00084520,0.00084730,0.00084130,0.00084270,5007.76000000,1692122399999,4.22615594,781,1977.76000000,1.66887328,0
1692122400000,0.00084260,0.00084260,0.00083740,0.00083980,7326.22000000,1692125999999,6.15068527,827,4110.42000000,3.45115897,0
1692126000000,0.00083970,0.00083970,0.00081660,0.00082440,38429.76000000,1692129599999,31.70723348,5214,14512.94000000,11.97559548,0
1692129600000,0.00082410,0.00082660,0.00082150,0.00082390,13688.03000000,1692133199999,11.27862183,1375,7993.23000000,6.58923891,0
1692133200000,0.00082380,0.00082380,0.00081850,0.00082240,8722.22000000,1692136799999,7.16581356,1206,3789.67000000,3.11326732,0
1692136800000,0.00082230,0.00082240,0.00081540,0.00081670,14510.99000000,1692140399999,11.87889235,1699,4335.79000000,3.54896925,0
1692140400000,0.00081670,0.00082020,0.00081320,0.00081870,11500.61000000,1692143999999,9.39383267,1343,5590.42000000,4.56640804,0
1692144000000,0.00081850,0.00082210,0.00081650,0.00081700,8781.65000000,1692147599999,7.19762202,1372,4377.84000000,3.58838718,0
1692147600000,0.00081700,0.00081970,0.00081550,0.00081920,10732.84000000,1692151199999,8.77668828,1274,4415.78000000,3.61179789,0
1692151200000,0.00081890,0.00082070,0.00081690,0.00081720,6199.78000000,1692154799999,5.07677874,664,3127.10000000,2.56129027,0
1692154800000,0.00081750,0.00081750,0.00080860,0.00081020,8493.08000000,1692158399999,6.90521474,1196,3516.25000000,2.85876736,0
1692158400000,0.00081050,0.00081340,0.00080540,0.00080580,10018.80000000,1692161999999,8.10249737,1180,3788.55000000,3.06481109,0
1692162000000,0.00080560,0.00080840,0.00080130,0.00080530,9851.68000000,1692165599999,7.93109723,1341,3506.55000000,2.82373772,0
1692165600000,0.00080530,0.00080640,0.00080200,0.00080520,21839.13000000,1692169199999,17.55469123,1615,6812.01000000,5.47862918,0
1692169200000,0.00080540,0.00080680,0.00080250,0.00080320,9392.69000000,1692172799999,7.55407941,839,5282.95000000,4.24907830,0
1692172800000,0.00080310,0.00080660,0.00080130,0.00080370,8828.95000000,1692176399999,7.09675641,1176,4359.16000000,3.50536905,0
1692176400000,0.00080390,0.00080530,0.00079740,0.00080160,13045.21000000,1692179999999,10.44049984,1546,5634.92000000,4.50859980,0
1692180000000,0.00080150,0.00080590,0.00080030,0.00080560,3708.97000000,1692183599999,2.97848072,924,2111.38000000,1.69589218,0
1692183600000,0.00080570,0.00080750,0.00080430,0.00080600,5886.56000000,1692187199999,4.74276403,868,2854.87000000,2.30040215,0
1692187200000,0.00080610,0.00080620,0.00079110,0.00079960,19121.61000000,1692190799999,15.24940235,3858,7621.94000000,6.08118278,0
1692190800000,0.00079970,0.00080000,0.00078900,0.00079370,27298.69000000,1692194399999,21.69140509,3361,15641.01000000,12.44072799,0
1692194400000,0.00079360,0.00079730,0.00079230,0.00079600,9413.04000000,1692197999999,7.48518908,1444,5487.42000000,4.36400780,0
1692198000000,0.00079600,0.00079750,0.00079270,0.00079310,7583.00000000,1692201599999,6.02834360,1537,3903.11000000,3.10322774,0
1692201600000,0.00079300,0.00079940,0.00078880,0.00079870,10848.19000000,1692205199999,8.60674601,2342,5519.21000000,4.38057561,0
1692205200000,0.00079880,0.00080410,0.00079600,0.00080320,6822.53000000,1692208799999,5.46318884,1675,3607.58000000,2.88897750,0
1692208800000,0.00080310,0.00080880,0.00080210,0.00080470,15048.23000000,1692212399999,12.12460377,2926,8037.35000000,6.47591723,0
1692212400000,0.00080480,0.00080480,0.00080160,0.00080160,3186.73000000,1692215999999,2.56027566,815,1844.20000000,1.48186488,0
1692216000000,0.00080170,0.00080350,0.00078000,0.00078430,24558.58000000,1692219599999,19.38326820,5617,11290.11000000,8.91284408,0
1692219600000,0.00078420,0.00079000,0.00077480,0.00078950,16338.10000000,1692223199999,12.76018035,4069,8741.09000000,6.83257858,0
1692223200000,0.00078950,0.00079320,0.00078760,0.00079020,7766.07000000,1692226799999,6.13571557,1591,3270.49000000,2.58374452,0
1692226800000,0.00079010,0.00079540,0.00078840,0.00079410,7552.17000000,1692230399999,5.97522296,1445,4353.69000000,3.44521596,0
1692230400000,0.00079430,0.00081200,0.00079230,0.00081150,19541.03000000,1692233999999,15.63397440,5726,11546.17000000,9.24703457,0
1692234000000,0.00081160,0.00081660,0.00080610,0.00081230,11354.39000000,1692237599999,9.22133940,2851,6048.58000000,4.91401104,0
1692237600000,0.00081240,0.00081640,0.00081050,0.00081530,5003.74000000,1692241199999,4.07059408,1340,2857.01000000,2.32463503,0
1692241200000,0.00081530,0.00081750,0.00081330,0.00081340,7163.75000000,1692244799999,5.84348450,1111,4563.92000000,3.72362338,0
1692244800000,0.00081340,0.00081360,0.00081180,0.00081190,2597.74000000,1692248399999,2.11110561,789,1139.87000000,0.92644418,0
1692248400000,0.00081190,0.00081490,0.00081090,0.00081470,1547.10000000,1692251999999,1.25658033,605,893.04000000,0.72561022,0
1692252000000,0.00081470,0.00081490,0.00080960,0.00081110,5847.15000000,1692255599999,4.74744644,1102,2498.67000000,2.02912119,0
1692255600000,0.00081130,0.00081400,0.00080980,0.00081290,3284.24000000,1692259199999,2.66684147,814,2040.09000000,1.65669677,0
1692259200000,0.00081270,0.00081430,0.00080960,0.00080980,3690.20000000,1692262799999,2.99514393,726,1573.26000000,1.27716116,0
1692262800000,0.00080970,0.00081150,0.00080700,0.00081020,2886.12000000,1692266399999,2.33708375,789,1340.69000000,1.08599852,0
1692266400000,0.00081020,0.00081130,0.00080650,0.00080810,5485.22000000,1692269999999,4.43535181,933,2804.49000000,2.26825190,0
1692270000000,0.00080800,0.00081010,0.00080730,0.00080880,2132.50000000,1692273599999,1.72427287,689,1103.94000000,0.89270642,0
1692273600000,0.00080880,0.00081840,0.00080860,0.00081560,6887.59000000,1692277199999,5.61042009,1721,3726.80000000,3.03549243,0
1692277200000,0.00081560,0.00082150,0.00081550,0.00081610,9208.77000000,1692280799999,7.53992168,1852,5076.36000000,4.15673091,0
1692280800000,0.00081620,0.00081910,0.00081010,0.00081310,9719.14000000,1692284399999,7.91100204,2358,4335.61000000,3.52885414,0
1692284400000,0.00081300,0.00082000,0.00080590,0.00081870,21265.71000000,1692287999999,17.30378698,5178,12673.55000000,10.31781797,0
1692288000000,0.00081860,0.00083170,0.00081570,0.00082500,26603.97000000,1692291599999,21.87405265,4994,15160.87000000,12.46218472,0
1692291600000,0.00082510,0.00082860,0.00082290,0.00082750,8408.61000000,1692295199999,6.94086895,1729,3948.50000000,3.25985368,0
1692295200000,0.00082760,0.00083440,0.00082640,0.00083170,20181.62000000,1692298799999,16.79286514,1841,15954.25000000,13.27763841,0
1692298800000,0.00083180,0.00083200,0.00082670,0.00082790,6049.78000000,1692302399999,5.01258342,1257,3727.55000000,3.08806507,0
1692302400000,0.00082790,0.00082830,0.00081970,0.00082120,10992.81000000,1692305999999,9.05588701,2109,4668.53000000,3.84569154,0
1692306000000,0.00082110,0.00082440,0.00076800,0.00080990,103009.05000000,1692309599999,82.35912801,20302,48605.68000000,38.91731342,0
1692309600000,0.00081010,0.00082220,0.00080060,0.00082110,63136.71000000,1692313199999,51.15314134,14982,36324.09000000,29.45856344,0
1692313200000,0.00082120,0.00082290,0.00081260,0.00081390,35560.94000000,1692316799999,29.12543637,6828,17001.15000000,13.93949199,0
1692316800000,0.00081400,0.00082400,0.00081090,0.00082210,17355.50000000,1692320399999,14.20189051,4258,10110.14000000,8.27464401,0
1692320400000,0.00082210,0.00082210,0.00081530,0.00081840,7340.41000000,1692323999999,6.00951437,1844,3466.13000000,2.83805513,0
1692324000000,0.00081850,0.00082120,0.00080760,0.00080910,8108.39000000,1692327599999,6.59779032,2204,3278.04000000,2.66859573,0
1692327600000,0.00080910,0.00081630,0.00080610,0.00081620,9612.68000000,1692331199999,7.79426312,2025,5340.15000000,4.33339126,0
1692331200000,0.00081640,0.00082130,0.00081610,0.00082010,7131.58000000,1692334799999,5.83528164,1803,4164.28000000,3.40750085,0
1692334800000,0.00082020,0.00082710,0.00081840,0.00082700,8199.09000000,1692338399999,6.75111830,1950,4538.55000000,3.73675000,0
1692338400000,0.00082710,0.00083500,0.00082710,0.00083270,33349.72000000,1692341999999,27.73620363,3420,25241.25000000,20.99096578,0
1692342000000,0.00083260,0.00083660,0.00083140,0.00083560,12837.14000000,1692345599999,10.71230831,1508,9742.78000000,8.13060986,0
1692345600000,0.00083570,0.00083760,0.00082940,0.00083190,13891.66000000,1692349199999,11.55683829,2195,8111.81000000,6.74722518,0
1692349200000,0.00083200,0.00083280,0.00082990,0.00083060,6541.93000000,1692352799999,5.44009488,908,3092.31000000,2.57204546,0
1692352800000,0.00083060,0.00083320,0.00083000,0.00083090,6340.17000000,1692356399999,5.27233726,867,4113.49000000,3.42129071,0
1692356400000,0.00083070,0.00083280,0.00082560,0.00083140,11256.46000000,1692359999999,9.32939760,1506,5249.28000000,4.35702023,0
1692360000000,0.00083150,0.00083250,0.00082950,0.00083080,4440.87000000,1692363599999,3.68995196,1065,2686.77000000,2.23221667,0
1692363600000,0.00083090,0.00083630,0.00083090,0.00083620,12708.96000000,1692367199999,10.59831983,1875,7619.06000000,6.35263183,0
1692367200000,0.00083620,0.00084160,0.00083510,0.00084140,14219.98000000,1692370799999,11.90572104,2003,7906.48000000,6.62271264,0
1692370800000,0.00084140,0.00084180,0.00083060,0.00083110,23034.07000000,1692374399999,19.22830928,2660,14009.04000000,11.69663249,0
1692374400000,0.00083100,0.00083200,0.00081800,0.00081970,15474.61000000,1692377999999,12.76385053,2619,5351.30000000,4.41917132,0
1692378000000,0.00081970,0.00082440,0.00081570,0.00082170,15516.84000000,1692381599999,12.73073951,3594,8610.65000000,7.06609275,0
1692381600000,0.00082180,0.00082720,0.00081840,0.00082350,11696.59000000,1692385199999,9.62540815,2531,5346.78000000,4.40000676,0
1692385200000,0.00082360,0.00082410,0.00081650,0.00081680,5073.06000000,1692388799999,4.16001609,1419,2482.99000000,2.03595254,0
1692388800000,0.00081680,0.00081950,0.00081520,0.00081580,12075.24000000,1692392399999,9.86864721,2080,6779.41000000,5.54094043,0
1692392400000,0.00081570,0.00082100,0.00081540,0.00081950,6552.80000000,1692395999999,5.36127531,1601,3221.53000000,2.63626498,0
1692396000000,0.00081950,0.00082280,0.00081930,0.00082110,5542.40000000,1692399599999,4.55193901,1109,2547.13000000,2.09180133,0
1692399600000,0.00082120,0.00082300,0.00081670,0.00081920,4580.13000000,1692403199999,3.75253500,1194,2556.22000000,2.09395277,0
1692403200000,0.00081910,0.00082930,0.00081750,0.00082650,10544.54000000,1692406799999,8.69154161,2355,5956.28000000,4.91138099,0
1692406800000,0.00082630,0.00082780,0.00082250,0.00082270,3788.40000000,1692410399999,3.12660624,964,1885.23000000,1.55643881,0
1692410400000,0.00082270,0.00082700,0.00082190,0.00082580,4689.98000000,1692413999999,3.86608873,984,3054.67000000,2.51855492,0
1692414000000,0.00082570,0.00082640,0.00082290,0.00082520,1568.10000000,1692417599999,1.29293243,492,665.99000000,0.54904441,0
1692417600000,0.00082500,0.00083130,0.00082390,0.00083100,6171.47000000,1692421199999,5.11147391,1136,4849.70000000,4.01860463,0
1692421200000,0.00083100,0.00083250,0.00082870,0.00082870,5701.49000000,1692424799999,4.73502232,1155,2922.82000000,2.42807062,0
1692424800000,0.00082880,0.00083830,0.00082810,0.00083680,6072.62000000,1692428399999,5.06520765,1339,3781.88000000,3.15433905,0
1692428400000,0.00083670,0.00084300,0.00083550,0.00084190,13596.39000000,1692431999999,11.42217089,2239,8638.37000000,7.25878054,0
1692432000000,0.00084200,0.00084210,0.00083750,0.00083860,7860.78000000,1692435599999,6.60287799,1243,4991.59000000,4.19328413,0
1692435600000,0.00083870,0.00083950,0.00083540,0.00083690,4736.39000000,1692439199999,3.96612621,918,2691.87000000,2.25387415,0
1692439200000,0.00083700,0.00083870,0.00083530,0.00083570,3583.73000000,1692442799999,3.00092227,737,1759.78000000,1.47397985,0
1692442800000,0.00083570,0.00083610,0.00083390,0.00083550,2448.20000000,1692446399999,2.04422427,646,1573.50000000,1.31376441,0
1692446400000,0.00083560,0.00084120,0.00083560,0.00083780,4134.32000000,1692449999999,3.46702791,962,2692.64000000,2.25809873,0
1692450000000,0.00083790,0.00084010,0.00083700,0.00083770,2823.08000000,1692453599999,2.36641325,561,1300.65000000,1.09071228,0
1692453600000,0.00083770,0.00083920,0.00083460,0.00083480,3074.50000000,1692457199999,2.57403674,700,1427.04000000,1.19481497,0
1692457200000,0.00083470,0.00084070,0.00083320,0.00083810,6739.37000000,1692460799999,5.63232044,1431,4062.78000000,3.39595268,0
1692460800000,0.00083820,0.00084630,0.00083780,0.00084350,15369.46000000,1692464399999,12.94264809,2221,9265.67000000,7.80639266,0
1692464400000,0.00084350,0.00084410,0.00083780,0.00083960,5143.98000000,1692467999999,4.32285016,1363,2695.94000000,2.26498274,0
1692468000000,0.00083960,0.00083980,0.00083700,0.00083800,3350.89000000,1692471599999,2.80963651,678,1346.12000000,1.12852775,0
1692471600000,0.00083790,0.00083960,0.00083670,0.00083760,1962.24000000,1692475199999,1.64403353,490,920.49000000,0.77146103,0
1692475200000,0.00083750,0.00083750,0.00083320,0.00083530,5988.96000000,1692478799999,5.00215721,1233,2646.98000000,2.21124741,0
1692478800000,0.00083520,0.00083790,0.00083500,0.00083790,1929.56000000,1692482399999,1.61400595,490,1109.79000000,0.92843072,0
1692482400000,0.00083780,0.00083950,0.00083640,0.00083690,1609.36000000,1692485999999,1.34871969,441,850.59000000,0.71285117,0
1692486000000,0.00083680,0.00083880,0.00083460,0.00083880,2821.22000000,1692489599999,2.35950837,526,1314.96000000,1.10034548,0
1692489600000,0.00083880,0.00084030,0.00083570,0.00083720,4235.46000000,1692493199999,3.55056680,792,2032.44000000,1.70372022,0
1692493200000,0.00083710,0.00083750,0.00083390,0.00083620,2572.33000000,1692496799999,2.14980110,636,1389.03000000,1.16096489,0
1692496800000,0.00083620,0.00083710,0.00083480,0.00083630,1716.21000000,1692500399999,1.43450555,360,1109.88000000,0.92778052,0
1692500400000,0.00083620,0.00083620,0.00083420,0.00083540,1387.94000000,1692503999999,1.15929574,337,615.24000000,0.51384815,0
1692504000000,0.00083540,0.00083550,0.00083160,0.00083310,1645.69000000,1692507599999,1.37108972,478,888.67000000,0.74038398,0
1692507600000,0.00083290,0.00083450,0.00083090,0.00083100,1687.76000000,1692511199999,1.40560691,435,762.87000000,0.63551854,0
1692511200000,0.00083080,0.00083180,0.00082780,0.00083110,4043.14000000,1692514799999,3.35470272,909,1648.86000000,1.36869482,0
1692514800000,0.00083100,0.00083400,0.00083090,0.00083340,3096.53000000,1692518399999,2.57695792,578,2176.67000000,1.81130878,0
1692518400000,0.00083340,0.00083490,0.00083100,0.00083480,3085.35000000,1692521999999,2.56971602,623,1715.71000000,1.42929326,0
1692522000000,0.00083470,0.00083660,0.00083330,0.00083600,4119.27000000,1692525599999,3.43704348,746,1693.49000000,1.41375962,0
1692525600000,0.00083600,0.00083970,0.00083600,0.00083960,6133.42000000,1692529199999,5.14162079,752,3366.10000000,2.82326863,0
1692529200000,0.00083970,0.00084160,0.00083770,0.00083910,3398.29000000,1692532799999,2.85231224,928,1775.61000000,1.49045699,0
1692532800000,0.00083920,0.00083940,0.00083570,0.00083690,1778.72000000,1692536399999,1.48869654,440,624.41000000,0.52263568,0
1692536400000,0.00083700,0.00083900,0.00083580,0.00083740,3774.97000000,1692539999999,3.16175310,523,923.74000000,0.77367852,0
1692540000000,0.00083750,0.00083910,0.00083390,0.00083480,19121.03000000,1692543599999,15.98337419,1037,6788.22000000,5.67829649,0
1692543600000,0.00083490,0.00083690,0.00083350,0.00083500,2671.52000000,1692547199999,2.23183276,780,1310.93000000,1.09505422,0
1692547200000,0.00083510,0.00083550,0.00082940,0.00083120,4890.58000000,1692550799999,4.06898985,1050,1745.72000000,1.45276759,0
1692550800000,0.00083110,0.00083620,0.00082980,0.00083330,3238.39000000,1692554399999,2.69994518,941,1754.10000000,1.46295147,0
1692554400000,0.00083340,0.00083500,0.00083170,0.00083190,2173.70000000,1692557999999,1.81174197,663,1030.90000000,0.85929046,0
1692558000000,0.00083200,0.00083430,0.00083200,0.00083370,1708.98000000,1692561599999,1.42392098,538,764.71000000,0.63728358,0
1692561600000,0.00083380,0.00083700,0.00083330,0.00083520,3410.67000000,1692565199999,2.84912085,796,2025.67000000,1.69233273,0
1692565200000,0.00083520,0.00083560,0.00083300,0.00083370,1599.43000000,1692568799999,1.33424088,525,636.48000000,0.53105110,0
1692568800000,0.00083380,0.00083430,0.00083080,0.00083170,1662.02000000,1692572399999,1.38348847,467,687.24000000,0.57218994,0
1692572400000,0.00083170,0.00083260,0.00083040,0.00083130,1544.01000000,1692575999999,1.28350238,470,972.29000000,0.80822855,0
1692576000000,0.00083120,0.00083140,0.00082350,0.00082620,8481.71000000,1692579599999,7.02405153,2119,3778.45000000,3.12979155,0
1692579600000,0.00082630,0.00082650,0.00081910,0.00082460,9249.26000000,1692583199999,7.60460407,2184,4154.87000000,3.41591335,0
1692583200000,0.00082460,0.00082460,0.00082110,0.00082370,6354.53000000,1692586799999,5.22929027,1251,3357.06000000,2.76187471,0
1692586800000,0.00082370,0.00082630,0.00081860,0.00082040,7503.16000000,1692590399999,6.16667672,1503,3263.48000000,2.68329988,0
1692590400000,0.00082050,0.00082440,0.00082000,0.00082360,2602.67000000,1692593999999,2.13976784,747,1491.32000000,1.22642869,0
1692594000000,0.00082380,0.00083000,0.00082310,0.00082570,6480.66000000,1692597599999,5.35752467,1805,3284.79000000,2.71644173,0
1692597600000,0.00082580,0.00082660,0.00082110,0.00082190,2570.70000000,1692601199999,2.11927354,739,1192.92000000,0.98420110,0
1692601200000,0.00082190,0.00082330,0.00081840,0.00082020,8297.62000000,1692604799999,6.80290202,1247,2915.10000000,2.39056908,0
1692604800000,0.00082010,0.00082020,0.00081610,0.00081800,6646.30000000,1692608399999,5.43419208,1627,2793.93000000,2.28443820,0
1692608400000,0.00081790,0.00081940,0.00081560,0.00081690,7508.78000000,1692611999999,6.13731882,866,5265.99000000,4.30378734,0
1692612000000,0.00081680,0.00081700,0.00080820,0.00081310,13500.60000000,1692615599999,10.97152058,3650,4946.05000000,4.01880411,0
1692615600000,0.00081320,0.00081640,0.00080940,0.00081540,8515.31000000,1692619199999,6.93079334,1935,3726.38000000,3.03320562,0
1692619200000,0.00081540,0.00081890,0.00081210,0.00081260,2772.26000000,1692622799999,2.26191685,1029,1292.00000000,1.05488593,0
1692622800000,0.00081270,0.00081790,0.00080770,0.00081790,9223.17000000,1692626399999,7.49663896,2441,4442.60000000,3.61070509,0
1692626400000,0.00081800,0.00081860,0.00081370,0.00081460,3754.84000000,1692629999999,3.06253905,1257,1759.67000000,1.43566134,0
1692630000000,0.00081460,0.00081540,0.00078770,0.00079870,32253.13000000,1692633599999,25.81851555,7421,12297.52000000,9.84438044,0
1692633600000,0.00079860,0.00080860,0.00079640,0.00080430,20072.48000000,1692637199999,16.11151893,4583,11507.82000000,9.24057895,0
1692637200000,0.00080440,0.00081170,0.00080310,0.00081010,6424.04000000,1692640799999,5.19262905,1809,3754.67000000,3.03554583,0
1692640800000,0.00081020,0.00081050,0.00080740,0.00080740,5979.37000000,1692644399999,4.83592490,1318,2990.50000000,2.41861982,0
1692644400000,0.00080750,0.00081750,0.00080740,0.00081560,13429.59000000,1692647999999,10.91203116,2412,7507.70000000,6.09664061,0
1692648000000,0.00081570,0.00081850,0.00081470,0.00081590,4820.77000000,1692651599999,3.93656097,1325,2677.22000000,2.18630117,0
1692651600000,0.00081600,0.00081680,0.00081260,0.00081470,3469.54000000,1692655199999,2.82695166,1051,1562.27000000,1.27309228,0
1692655200000,0.00081480,0.00081550,0.00081200,0.00081290,2986.80000000,1692658799999,2.42974780,649,1820.95000000,1.48114892,0
1692658800000,0.00081300,0.00081340,0.00081120,0.00081120,2739.50000000,1692662399999,2.22595493,646,1007.36000000,0.81856355,0
1692662400000,0.00081140,0.00081390,0.00081000,0.00081160,2731.56000000,1692665999999,2.21852448,695,932.73000000,0.75744644,0
1692666000000,0.00081180,0.00081230,0.00081000,0.00081150,1330.55000000,1692669599999,1.07932165,436,805.03000000,0.65307965,0
1692669600000,0.00081130,0.00081280,0.00081010,0.00081060,3335.36000000,1692673199999,2.70568000,546,1269.28000000,1.02980759,0
1692673200000,0.00081050,0.00081130,0.00080800,0.00080980,3070.59000000,1692676799999,2.48611244,567,1532.98000000,1.24163405,0
1692676800000,0.00080970,0.00081080,0.00080620,0.00080700,3791.96000000,1692680399999,3.06665708,744,1423.59000000,1.15220363,0
1692680400000,0.00080700,0.00080830,0.00080520,0.00080680,3130.21000000,1692683999999,2.52610961,685,1487.40000000,1.20042746,0
1692684000000,0.00080670,0.00080990,0.00080550,0.00080990,11124.26000000,1692687599999,8.98419901,1173,5461.67000000,4.41054069,0
1692687600000,0.00081000,0.00081130,0.00080880,0.00081120,4483.90000000,1692691199999,3.63411845,804,1636.55000000,1.32608869,0
1692691200000,0.00081130,0.00081230,0.00080840,0.00080880,3787.94000000,1692694799999,3.07090668,518,804.87000000,0.65209964,0
1692694800000,0.00080880,0.00081200,0.00080790,0.00080950,5558.33000000,1692698399999,4.50307664,701,2258.22000000,1.83076955,0
1692698400000,0.00080950,0.00081000,0.00080590,0.00080660,3021.48000000,1692701999999,2.44041008,839,1427.91000000,1.15352206,0
1692702000000,0.00080650,0.00080700,0.00080340,0.00080370,5046.84000000,1692705599999,4.06200288,1047,1674.40000000,1.34807280,0
1692705600000,0.00080360,0.00080730,0.00080210,0.00080490,6039.54000000,1692709199999,4.86351491,1182,2708.62000000,2.18140789,0
1692709200000,0.00080500,0.00080520,0.00080060,0.00080220,9846.45000000,1692712799999,7.90419467,2647,4912.19000000,3.94383562,0
1692712800000,0.00080220,0.00080510,0.00079830,0.00080000,8580.95000000,1692716399999,6.87832942,1708,3370.67000000,2.70366917,0
1692716400000,0.00080010,0.00080310,0.00079430,0.00079780,6461.91000000,1692719999999,5.16348398,1902,2694.71000000,2.15325100,0
1692720000000,0.00079780,0.00079780,0.00078880,0.00079380,23937.54000000,1692723599999,18.97283190,4326,8992.66000000,7.13349464,0
1692723600000,0.00079370,0.00079430,0.00078000,0.00078050,15973.72000000,1692727199999,12.53870900,4687,6509.68000000,5.10926589,0
1692727200000,0.00078060,0.00078450,0.00077450,0.00078320,19031.78000000,1692730799999,14.83148175,3778,8494.82000000,6.62503512,0
1692730800000,0.00078330,0.00078590,0.00077710,0.00077840,6319.13000000,1692734399999,4.93186595,1346,2530.44000000,1.97568390,0
1692734400000,0.00077840,0.00078340,0.00077800,0.00078330,6306.61000000,1692737999999,4.92656201,1276,2888.50000000,2.25598403,0
1692738000000,0.00078340,0.00078340,0.00076000,0.00077770,24651.53000000,1692741599999,19.05191617,5040,11967.68000000,9.25090116,0
1692741600000,0.00077750,0.00079040,0.00077690,0.00078820,10566.59000000,1692745199999,8.30615834,2350,7028.26000000,5.52285296,0
1692745200000,0.00078830,0.00079460,0.00078790,0.00078990,6035.08000000,1692748799999,4.77244868,1891,3284.28000000,2.59712836,0
1692748800000,0.00079000,0.00079230,0.00078690,0.00078840,6322.01000000,1692752399999,4.99201463,1346,3339.96000000,2.63816975,0
1692752400000,0.00078850,0.00079310,0.00078710,0.00079050,5317.75000000,1692755999999,4.19588214,1159,2784.27000000,2.19696192,0
1692756000000,0.00079060,0.00079580,0.00079050,0.00079250,3917.83000000,1692759599999,3.10800756,1036,2307.82000000,1.83071881,0
1692759600000,0.00079260,0.00079460,0.00079120,0.00079190,2834.44000000,1692763199999,2.24821149,686,1289.65000000,1.02308593,0
1692763200000,0.00079190,0.00079520,0.00079070,0.00079070,4283.05000000,1692766799999,3.39555243,901,1600.54000000,1.26894600,0
1692766800000,0.00079080,0.00079090,0.00078820,0.00079040,2281.60000000,1692770399999,1.80145582,554,1081.15000000,0.85379096,0
1692770400000,0.00079060,0.00079880,0.00079050,0.00079660,8315.53000000,1692773999999,6.60707838,1683,5449.28000000,4.32862330,0
1692774000000,0.00079660,0.00079930,0.00079490,0.00079640,3527.47000000,1692777599999,2.81194761,1009,1654.48000000,1.31902099,0
1692777600000,0.00079650,0.00079950,0.00079630,0.00079810,2644.43000000,1692781199999,2.11050953,608,1438.80000000,1.14859016,0
1692781200000,0.00079820,0.00080330,0.00079740,0.00079980,4674.38000000,1692784799999,3.74068296,1092,3170.80000000,2.53717115,0
1692784800000,0.00079980,0.00080030,0.00079770,0.00079850,7067.83000000,1692788399999,5.64556816,916,3275.94000000,2.61594811,0
1692788400000,0.00079840,0.00079890,0.00079500,0.00079510,7429.39000000,1692791999999,5.92524912,905,5721.00000000,4.56415062,0
1692792000000,0.00079510,0.00079680,0.00079380,0.00079440,3126.11000000,1692795599999,2.48625314,874,1434.05000000,1.14058956,0
1692795600000,0.00079440,0.00080000,0.00078870,0.00079800,11955.86000000,1692799199999,9.48555723,2265,6098.50000000,4.83844915,0
1692799200000,0.00079810,0.00080020,0.00079490,0.00079740,5866.31000000,1692802799999,4.67716873,1594,2705.92000000,2.15709909,0
1692802800000,0.00079750,0.00080190,0.00079560,0.00080030,7622.89000000,1692806399999,6.07958112,1360,3824.10000000,3.05089622,0
1692806400000,0.00080020,0.00080760,0.00079950,0.00080430,11923.39000000,1692809999999,9.58745797,3599,7373.32000000,5.92961884,0
1692810000000,0.00080440,0.00081110,0.00079960,0.00080260,16689.06000000,1692813599999,13.44949258,3921,7750.23000000,6.24930843,0
1692813600000,0.00080270,0.00080960,0.00080140,0.00080870,11097.19000000,1692817199999,8.95395263,1904,4231.62000000,3.41148710,0
1692817200000,0.00080880,0.00081170,0.00080460,0.00080720,8013.91000000,1692820799999,6.47899433,2267,3815.07000000,3.08583121,0
1692820800000,0.00080730,0.00081740,0.00080730,0.00081130,11397.51000000,1692824399999,9.26461684,2907,7231.52000000,5.87880420,0
1692824400000,0.00081140,0.00081730,0.00080930,0.00081200,8769.06000000,1692827999999,7.12559412,2602,4644.09000000,3.77544113,0
1692828000000,0.00081190,0.00081560,0.00081190,0.00081410,4997.42000000,1692831599999,4.06911456,1089,3506.76000000,2.85545829,0
1692831600000,0.00081420,0.00082230,0.00081410,0.00082230,4346.25000000,1692835199999,3.55729835,1057,2469.04000000,2.02068353,0
1692835200000,0.00082220,0.00082330,0.00081860,0.00082080,8639.63000000,1692838799999,7.09219949,1310,5144.95000000,4.22290362,0
1692838800000,0.00082100,0.00082180,0.00081850,0.00082030,5267.75000000,1692842399999,4.32002688,1190,2930.30000000,2.40423732,0
1692842400000,0.00082030,0.00082220,0.00081880,0.00082060,5046.99000000,1692845999999,4.14230900,734,2040.27000000,1.67532048,0
1692846000000,0.00082070,0.00082480,0.00082070,0.00082300,4174.23000000,1692849599999,3.43606691,1007,2742.46000000,2.25781642,0
1692849600000,0.00082310,0.00083010,0.00082200,0.00082870,9529.42000000,1692853199999,7.87652919,1911,6025.09000000,4.98101252,0
1692853200000,0.00082880,0.00083140,0.00082430,0.00082480,7984.02000000,1692856799999,6.61228683,1467,4342.36000000,3.59712152,0
1692856800000,0.00082480,0.00082500,0.00082250,0.00082270,5726.39000000,1692860399999,4.71713812,1058,4139.68000000,3.41015337,0
1692860400000,0.00082290,0.00082320,0.00081870,0.00082120,4717.21000000,1692863999999,3.87341317,899,1880.51000000,1.54389075,0
1692864000000,0.00082110,0.00082140,0.00081840,0.00081980,3148.86000000,1692867599999,2.58147322,905,1731.56000000,1.41980136,0
1692867600000,0.00081990,0.00082360,0.00081880,0.00081920,3438.58000000,1692871199999,2.82298459,1018,1680.00000000,1.37947459,0
1692871200000,0.00081930,0.00082090,0.00081800,0.00081910,1820.35000000,1692874799999,1.49118557,616,877.73000000,0.71922968,0
1692874800000,0.00081910,0.00082630,0.00081910,0.00082380,6504.09000000,1692878399999,5.35397736,1335,4264.51000000,3.50931141,0
1692878400000,0.00082390,0.00082390,0.00081780,0.00081860,6481.77000000,1692881999999,5.31951922,1788,2314.12000000,1.89974262,0
1692882000000,0.00081850,0.00082070,0.00081530,0.00081980,6296.57000000,1692885599999,5.14946299,2020,3241.11000000,2.65154035,0
1692885600000,0.00081980,0.00082010,0.00081000,0.00081370,13646.63000000,1692889199999,11.10778818,3633,5436.15000000,4.42483582,0
1692889200000,0.00081360,0.00081610,0.00080840,0.00080930,11068.29000000,1692892799999,8.98982208,2412,5603.01000000,4.55580279,0
1692892800000,0.00080940,0.00081060,0.00080590,0.00080650,9238.54000000,1692896399999,7.46445347,2174,4640.67000000,3.75030285,0
1692896400000,0.00080660,0.00080880,0.00080110,0.00080600,9069.26000000,1692899999999,7.29569477,2379,3943.75000000,3.17473582,0
1692900000000,0.00080600,0.00080670,0.00080340,0.00080450,6030.57000000,1692903599999,4.85341807,1642,2157.46000000,1.73592060,0
1692903600000,0.00080450,0.00080720,0.00080360,0.00080360,6168.82000000,1692907199999,4.97065747,1039,2726.81000000,2.19713253,0
1692907200000,0.00080370,0.00080580,0.00079700,0.00079940,11181.64000000,1692910799999,8.96752258,2362,4641.33000000,3.72368657,0
1692910800000,0.00079930,0.00080280,0.00079890,0.00080170,4681.99000000,1692914399999,3.75071200,1161,1978.48000000,1.58517977,0
1692914400000,0.00080170,0.00080330,0.00080090,0.00080170,2863.15000000,1692917999999,2.29680671,769,1781.64000000,1.42937326,0
1692918000000,0.00080180,0.00080510,0.00080050,0.00080440,2939.21000000,1692921599999,2.35841413,851,1692.47000000,1.35830338,0
1692921600000,0.00080440,0.00080440,0.00079450,0.00079490,5470.19000000,1692925199999,4.37298797,1409,1460.67000000,1.16770460,0
1692925200000,0.00079500,0.00079890,0.00079310,0.00079880,6081.89000000,1692928799999,4.84094273,1002,3500.22000000,2.78556397,0
1692928800000,0.00079900,0.00080130,0.00079670,0.00079790,2750.44000000,1692932399999,2.19737026,947,1339.27000000,1.07016727,0
1692932400000,0.00079790,0.00079890,0.00078720,0.00079410,9938.69000000,1692935999999,7.88270959,2268,4150.66000000,3.29093756,0
1692936000000,0.00079410,0.00079550,0.00078420,0.00078750,9224.36000000,1692939599999,7.28732731,2384,3813.67000000,3.01340888,0
1692939600000,0.00078740,0.00079460,0.00078680,0.00079450,8719.61000000,1692943199999,6.90122019,1524,3702.32000000,2.93209867,0
1692943200000,0.00079460,0.00079520,0.00079140,0.00079240,5021.40000000,1692946799999,3.98211829,1052,2164.93000000,1.71740067,0
1692946800000,0.00079240,0.00079440,0.00079040,0.00079150,5103.53000000,1692950399999,4.04744044,747,3367.09000000,2.67162104,0
1692950400000,0.00079140,0.00079360,0.00079110,0.00079220,3721.22000000,1692953999999,2.94774846,810,1730.32000000,1.37097676,0
1692954000000,0.00079230,0.00079480,0.00079020,0.00079060,3155.68000000,1692957599999,2.50085423,783,1267.76000000,1.00546788,0
1692957600000,0.00079070,0.00079310,0.00079000,0.00079150,3887.87000000,1692961199999,3.07684428,711,1747.08000000,1.38263836,0
1692961200000,0.00079150,0.00079540,0.00079130,0.00079230,4417.13000000,1692964799999,3.50591796,700,1843.75000000,1.46278057,0
1692964800000,0.00079240,0.00079410,0.00079100,0.00079210,2943.32000000,1692968399999,2.33160529,666,1468.22000000,1.16321647,0
1692968400000,0.00079220,0.00079720,0.00079100,0.00079200,7164.01000000,1692971999999,5.68694673,1771,3514.91000000,2.79092662,0
1692972000000,0.00079190,0.00079520,0.00078560,0.00078590,16922.57000000,1692975599999,13.36095688,4118,6836.48000000,5.40206124,0
1692975600000,0.00078580,0.00079290,0.00078330,0.00078470,10541.93000000,1692979199999,8.31174041,2456,5510.18000000,4.34775360,0
1692979200000,0.00078460,0.00078620,0.00078030,0.00078350,6980.75000000,1692982799999,5.46986770,1791,3238.01000000,2.53860762,0
1692982800000,0.00078360,0.00078660,0.00078320,0.00078370,8594.10000000,1692986399999,6.74606447,843,1362.21000000,1.06949631,0
1692986400000,0.00078360,0.00078480,0.00077420,0.00078360,13740.39000000,1692989999999,10.71379659,2732,6341.53000000,4.94628937,0
1692990000000,0.00078370,0.00078410,0.00077650,0.00077920,6302.97000000,1692993599999,4.91617120,1145,3058.21000000,2.38640252,0
1692993600000,0.00077930,0.00078010,0.00077720,0.00077900,6203.48000000,1692997199999,4.82945222,1086,3522.77000000,2.74268567,0
1692997200000,0.00077910,0.00078110,0.00077800,0.00078070,6355.56000000,1693000799999,4.95306181,1200,3179.45000000,2.47790690,0
1693000800000,0.00078070,0.00078150,0.00077870,0.00078150,3260.29000000,1693004399999,2.54300352,700,1628.34000000,1.27012794,0
1693004400000,0.00078150,0.00078370,0.00078050,0.00078350,3249.79000000,1693007999999,2.54176743,724,1865.17000000,1.45909078,0
1693008000000,0.00078350,0.00078350,0.00077610,0.00077960,4714.80000000,1693011599999,3.67485716,1079,2249.17000000,1.75322737,0
1693011600000,0.00077970,0.00078300,0.00077910,0.00078170,2793.24000000,1693015199999,2.18167453,667,1548.49000000,1.20934540,0
1693015200000,0.00078180,0.00078240,0.00077940,0.00078160,3333.28000000,1693018799999,2.60345218,662,1282.43000000,1.00144245,0
1693018800000,0.00078170,0.00078240,0.00078060,0.00078220,2011.00000000,1693022399999,1.57138249,390,1075.88000000,0.84076134,0
1693022400000,0.00078220,0.00078280,0.00078100,0.00078110,4147.30000000,1693025999999,3.24256655,390,1143.54000000,0.89431954,0
1693026000000,0.00078120,0.00078130,0.00077710,0.00077710,3221.25000000,1693029599999,2.50835992,629,1607.78000000,1.25169260,0
1693029600000,0.00077720,0.00078070,0.00077570,0.00078070,2851.60000000,1693033199999,2.21872452,639,1900.34000000,1.47887363,0
1693033200000,0.00078060,0.00078350,0.00077970,0.00077980,5183.14000000,1693036799999,4.05136080,1015,3045.44000000,2.38045596,0
1693036800000,0.00077970,0.00078080,0.00077800,0.00077850,2571.94000000,1693040399999,2.00511453,562,1515.66000000,1.18199456,0
1693040400000,0.00077850,0.00078100,0.00077800,0.00078030,4700.82000000,1693043999999,3.66426789,638,3237.69000000,2.52360489,0
1693044000000,0.00078030,0.00078030,0.00077830,0.00077990,2922.12000000,1693047599999,2.27717689,539,2174.71000000,1.69466610,0
1693047600000,0.00077980,0.00078040,0.00077880,0.00077910,2547.63000000,1693051199999,1.98594473,377,1706.01000000,1.32989116,0
1693051200000,0.00077910,0.00077910,0.00077650,0.00077850,6312.03000000,1693054799999,4.90765826,1071,4314.78000000,3.35504811,0
1693054800000,0.00077850,0.00077890,0.00077640,0.00077880,2862.91000000,1693058399999,2.22668625,499,1801.15000000,1.40105136,0
1693058400000,0.00077890,0.00078150,0.00077790,0.00078150,3576.32000000,1693061999999,2.78759028,543,2917.92000000,2.27437900,0
1693062000000,0.00078150,0.00078220,0.00078030,0.00078170,2561.24000000,1693065599999,2.00088531,444,1657.22000000,1.29471540,0
1693065600000,0.00078180,0.00078260,0.00077790,0.00077820,2635.97000000,1693069199999,2.05598127,594,1272.25000000,0.99213792,0
1693069200000,0.00077810,0.00078000,0.00077770,0.00077890,2167.45000000,1693072799999,1.68711788,470,700.87000000,0.54583980,0
1693072800000,0.00077900,0.00077950,0.00077710,0.00077840,2154.50000000,1693076399999,1.67674161,515,1139.16000000,0.88667490,0
1693076400000,0.00077840,0.00078130,0.00077730,0.00078130,2940.01000000,1693079999999,2.28936577,428,1292.84000000,1.00693253,0
1693080000000,0.00078120,0.00078190,0.00077970,0.00078000,3052.17000000,1693083599999,2.38308691,378,687.38000000,0.53688295,0
1693083600000,0.00077970,0.00078190,0.00077940,0.00078110,1182.24000000,1693087199999,0.92300890,306,667.00000000,0.52063334,0
1693087200000,0.00078120,0.00078140,0.00077960,0.00078050,944.10000000,1693090799999,0.73683578,255,439.37000000,0.34296901,0
1693090800000,0.00078060,0.00078070,0.00077870,0.00077990,1606.20000000,1693094399999,1.25160229,254,1259.19000000,0.98109375,0
1693094400000,0.00077970,0.00078310,0.00077930,0.00078210,3783.89000000,1693097999999,2.95877365,620,1816.09000000,1.41978727,0
1693098000000,0.00078210,0.00078300,0.00078170,0.00078250,1762.95000000,1693101599999,1.37936587,390,792.56000000,0.62010920,0
1693101600000,0.00078260,0.00078290,0.00077870,0.00077900,1715.79000000,1693105199999,1.33984103,412,716.59000000,0.55994728,0
1693105200000,0.00077880,0.00078120,0.00077880,0.00078000,1302.61000000,1693108799999,1.01585369,297,662.74000000,0.51696205,0
1693108800000,0.00078010,0.00078120,0.00077980,0.00078110,789.17000000,1693112399999,0.61580705,261,400.94000000,0.31288491,0
1693112400000,0.00078130,0.00078170,0.00078080,0.00078170,709.47000000,1693115999999,0.55435984,210,404.18000000,0.31583525,0
1693116000000,0.00078160,0.00078250,0.00078080,0.00078250,1682.20000000,1693119599999,1.31501745,295,713.25000000,0.55753826,0
1693119600000,0.00078250,0.00078400,0.00078160,0.00078250,2393.80000000,1693123199999,1.87412585,544,1323.29000000,1.03612359,0
1693123200000,0.00078250,0.00079030,0.00078250,0.00078800,7828.70000000,1693126799999,6.16037472,1552,5497.19000000,4.32498237,0
1693126800000,0.00078810,0.00078930,0.00078620,0.00078790,2564.51000000,1693130399999,2.02002706,1057,1376.24000000,1.08405520,0
1693130400000,0.00078790,0.00079450,0.00078720,0.00079180,12456.83000000,1693133999999,9.86918711,2160,5358.12000000,4.24324141,0
1693134000000,0.00079180,0.00079450,0.00078830,0.00078950,12166.27000000,1693137599999,9.62567743,1517,5893.45000000,4.66164563,0
1693137600000,0.00078950,0.00079160,0.00078890,0.00079150,4883.83000000,1693141199999,3.85935465,851,4116.37000000,3.25287215,0
1693141200000,0.00079160,0.00079370,0.00079120,0.00079320,6734.96000000,1693144799999,5.33700854,1325,4829.02000000,3.82682380,0
1693144800000,0.00079320,0.00079880,0.00079320,0.00079700,11551.36000000,1693148399999,9.19477023,2637,8124.96000000,6.46679190,0
1693148400000,0.00079710,0.00079840,0.00079340,0.00079420,4860.90000000,1693151999999,3.86751190,855,3258.86000000,2.59225307,0
1693152000000,0.00079420,0.00079450,0.00079140,0.00079340,4849.72000000,1693155599999,3.84328703,756,2500.30000000,1.98157020,0
1693155600000,0.00079350,0.00079370,0.00078810,0.00078980,3776.27000000,1693159199999,2.98335158,918,1806.60000000,1.42717384,0
1693159200000,0.00078980,0.00079240,0.00078920,0.00079220,1952.68000000,1693162799999,1.54417797,510,1156.25000000,0.91428180,0
1693162800000,0.00079220,0.00079550,0.00079200,0.00079540,2785.15000000,1693166399999,2.21184978,600,1768.33000000,1.40396272,0
1693166400000,0.00079550,0.00079550,0.00079360,0.00079460,1913.59000000,1693169999999,1.52024044,436,982.11000000,0.78018167,0
1693170000000,0.00079470,0.00079790,0.00079230,0.00079380,4544.78000000,1693173599999,3.61323094,809,2549.80000000,2.02751823,0
1693173600000,0.00079390,0.00079750,0.00079270,0.00079690,1950.73000000,1693177199999,1.55192549,532,953.47000000,0.75839535,0
1693177200000,0.00079700,0.00079760,0.00079510,0.00079660,1552.40000000,1693180799999,1.23664020,387,957.04000000,0.76243437,0
1693180800000,0.00079660,0.00079660,0.00078740,0.00079060,4256.35000000,1693184399999,3.36689672,1395,1591.16000000,1.25911200,0
1693184400000,0.00079050,0.00079110,0.00078550,0.00078620,4968.57000000,1693187999999,3.91638373,1551,1750.50000000,1.38068153,0
1693188000000,0.00078620,0.00078760,0.00078500,0.00078620,2930.51000000,1693191599999,2.30444120,796,1944.94000000,1.52946645,0
1693191600000,0.00078610,0.00078900,0.00078530,0.00078760,2043.28000000,1693195199999,1.60887407,700,1068.75000000,0.84162990,0
1693195200000,0.00078750,0.00078770,0.00078540,0.00078700,1516.85000000,1693198799999,1.19328665,556,651.63000000,0.51260859,0
1693198800000,0.00078700,0.00078760,0.00078080,0.00078420,4458.94000000,1693202399999,3.49549799,1592,2085.66000000,1.63496329,0
1693202400000,0.00078410,0.00078690,0.00078370,0.00078620,4492.88000000,1693205999999,3.52939465,965,3279.58000000,2.57650205,0
1693206000000,0.00078610,0.00078710,0.00078430,0.00078630,6254.25000000,1693209599999,4.91513921,1485,4127.89000000,3.24476582,0
1693209600000,0.00078620,0.00078620,0.00078040,0.00078040,3072.36000000,1693213199999,2.40438015,780,1343.67000000,1.05141815,0
1693213200000,0.00078040,0.00078160,0.00077480,0.00078030,13067.44000000,1693216799999,10.17184173,2164,5437.18000000,4.23393139,0
1693216800000,0.00078040,0.00078330,0.00078040,0.00078230,2987.10000000,1693220399999,2.33639367,771,1416.00000000,1.10754235,0
1693220400000,0.00078240,0.00078340,0.00078150,0.00078320,1783.76000000,1693223999999,1.39544658,471,1152.56000000,0.90168809,0
1693224000000,0.00078330,0.00079280,0.00078280,0.00078870,12633.25000000,1693227599999,9.96811536,2495,7860.86000000,6.20055575,0
1693227600000,0.00078880,0.00078920,0.00078450,0.00078540,5993.14000000,1693231199999,4.71663903,1128,3458.20000000,2.72194302,0
1693231200000,0.00078540,0.00078950,0.00078400,0.00078720,4557.13000000,1693234799999,3.58525523,900,2789.32000000,2.19389695,0
1693234800000,0.00078720,0.00078940,0.00078480,0.00078680,5051.36000000,1693238399999,3.97874810,984,3093.31000000,2.43725178,0
1693238400000,0.00078670,0.00078810,0.00078440,0.00078760,3017.86000000,1693241999999,2.37184743,795,1803.84000000,1.41769984,0
1693242000000,0.00078770,0.00079020,0.00078740,0.00078830,3585.62000000,1693245599999,2.82876065,895,1960.75000000,1.54683077,0
1693245600000,0.00078840,0.00078960,0.00078640,0.00078950,3263.12000000,1693249199999,2.57165010,710,1787.48000000,1.40923595,0
1693249200000,0.00078950,0.00079110,0.00078600,0.00078770,3943.66000000,1693252799999,3.11085587,1076,1896.67000000,1.49630775,0
1693252800000,0.00078770,0.00078860,0.00078470,0.00078610,3486.96000000,1693256399999,2.74216331,728,1608.46000000,1.26503422,0
1693256400000,0.00078600,0.00078690,0.00078490,0.00078600,3329.40000000,1693259999999,2.61578594,485,1208.71000000,0.94992996,0
1693260000000,0.00078600,0.00078770,0.00078480,0.00078750,4344.49000000,1693263599999,3.41786080,621,2082.50000000,1.63809888,0
1693263600000,0.00078760,0.00078920,0.00078700,0.00078720,2979.88000000,1693267199999,2.34859734,478,1883.97000000,1.48509600,0
1693267200000,0.00078730,0.00078990,0.00078630,0.00078920,2792.03000000,1693270799999,2.20031249,604,1756.19000000,1.38446447,0
1693270800000,0.00078910,0.00079430,0.00078860,0.00079090,3881.44000000,1693274399999,3.07188865,974,2020.82000000,1.59920839,0
1693274400000,0.00079100,0.00079120,0.00078650,0.00078720,1878.60000000,1693277999999,1.48152453,547,741.58000000,0.58482741,0
1693278000000,0.00078710,0.00078750,0.00078360,0.00078590,3048.79000000,1693281599999,2.39503008,795,1487.89000000,1.16921914,0
1693281600000,0.00078580,0.00078690,0.00078420,0.00078450,2235.57000000,1693285199999,1.75577816,441,560.05000000,0.44013019,0
1693285200000,0.00078450,0.00078520,0.00078310,0.00078310,1493.29000000,1693288799999,1.17085844,363,664.90000000,0.52127873,0
1693288800000,0.00078300,0.00078300,0.00077900,0.00078010,7312.27000000,1693292399999,5.70817411,1313,2874.26000000,2.24403057,0
1693292400000,0.00078000,0.00078230,0.00077810,0.00077930,3361.69000000,1693295999999,2.62247031,882,1682.75000000,1.31291121,0
1693296000000,0.00077930,0.00078260,0.00077900,0.00078240,4572.96000000,1693299599999,3.56901733,903,2570.89000000,2.00673436,0
1693299600000,0.00078230,0.00078300,0.00078010,0.00078010,2748.04000000,1693303199999,2.14806425,604,1052.77000000,0.82308518,0
1693303200000,0.00078000,0.00078060,0.00077570,0.00077840,28918.37000000,1693306799999,22.49760066,1672,4093.42000000,3.18414455,0
1693306800000,0.00077830,0.00077920,0.00077500,0.00077550,17282.51000000,1693310399999,13.41591632,956,1799.13000000,1.39797691,0
1693310400000,0.00077560,0.00077840,0.00077500,0.00077810,9013.68000000,1693313999999,6.99324636,831,2970.46000000,2.30565216,0
1693314000000,0.00077810,0.00078240,0.00077670,0.00077910,5563.63000000,1693317599999,4.33794911,1132,3697.65000000,2.88326348,0
1693317600000,0.00077910,0.00079750,0.00077570,0.00079090,70935.31000000,1693321199999,55.92430153,13255,38550.53000000,30.39857302,0
1693321200000,0.00079080,0.00079390,0.00077700,0.00077760,36616.66000000,1693324799999,28.73038914,6355,16099.16000000,12.62387165,0
1693324800000,0.00077760,0.00078010,0.00077000,0.00077460,23029.43000000,1693328399999,17.85173280,4929,10085.63000000,7.81853581,0
1693328400000,0.00077470,0.00078290,0.00077120,0.00077720,12325.10000000,1693331999999,9.58806838,2828,6190.22000000,4.81658649,0
1693332000000,0.00077730,0.00077900,0.00077040,0.00077060,10759.55000000,1693335599999,8.34032209,1526,4601.34000000,3.56940796,0
1693335600000,0.00077060,0.00077610,0.00077060,0.00077540,6728.54000000,1693339199999,5.20362111,1322,3250.87000000,2.51429652,0
1693339200000,0.00077550,0.00079070,0.00077500,0.00078830,17682.03000000,1693342799999,13.87085247,3721,11427.81000000,8.96197043,0
1693342800000,0.00078820,0.00079190,0.00078760,0.00079010,15735.03000000,1693346399999,12.42474692,2662,8234.23000000,6.50270014,0
1693346400000,0.00079020,0.00079430,0.00078490,0.00079050,16094.16000000,1693349999999,12.72727280,2637,9064.23000000,7.17158330,0
1693350000000,0.00079060,0.00079070,0.00078420,0.00078610,5387.31000000,1693353599999,4.23966140,1153,2246.54000000,1.76793101,0
1693353600000,0.00078620,0.00079210,0.00078400,0.00078430,11033.58000000,1693357199999,8.70060345,2460,6137.30000000,4.84130215,0
1693357200000,0.00078420,0.00078820,0.00078290,0.00078600,6996.10000000,1693360799999,5.48955139,1479,4165.98000000,3.26871958,0
1693360800000,0.00078610,0.00078980,0.00078610,0.00078790,3001.04000000,1693364399999,2.36539160,725,1365.41000000,1.07629801,0
1693364400000,0.00078780,0.00079070,0.00078570,0.00079020,5011.40000000,1693367999999,3.94704982,1125,2729.04000000,2.15042572,0
1693368000000,0.00079010,0.00079180,0.00078840,0.00079060,1756.51000000,1693371599999,1.38769158,534,1055.90000000,0.83440656,0
1693371600000,0.00079070,0.00079180,0.00078910,0.00079150,3476.18000000,1693375199999,2.74819023,849,2142.35000000,1.69406161,0
1693375200000,0.00079140,0.00079200,0.00078700,0.00078750,6984.99000000,1693378799999,5.51880840,1288,3303.00000000,2.60993183,0
1693378800000,0.00078740,0.00078890,0.00078640,0.00078840,3399.98000000,1693382399999,2.67921558,753,1214.53000000,0.95709051,0
1693382400000,0.00078840,0.00078950,0.00078530,0.00078870,5951.10000000,1693385999999,4.68825578,1055,3233.53000000,2.54745700,0
1693386000000,0.00078880,0.00078990,0.00078510,0.00078520,7291.97000000,1693389599999,5.74266365,1084,3366.17000000,2.65331221,0
1693389600000,0.00078510,0.00078670,0.00078400,0.00078520,3311.84000000,1693393199999,2.60136484,644,1738.61000000,1.36598541,0
1693393200000,0.00078530,0.00078610,0.00078180,0.00078320,4292.40000000,1693396799999,3.36289762,780,1438.09000000,1.12696790,0
1693396800000,0.00078320,0.00078510,0.00078180,0.00078240,5106.83000000,1693400399999,4.00205398,1064,2855.87000000,2.23810231,0
1693400400000,0.00078240,0.00078400,0.00078110,0.00078170,7165.38000000,1693403999999,5.60821188,1506,2895.70000000,2.26674918,0
1693404000000,0.00078180,0.00078270,0.00076830,0.00077130,40211.55000000,1693407599999,31.13384213,4119,9969.55000000,7.71152140,0
1693407600000,0.00077140,0.00077170,0.00076190,0.00076580,15496.51000000,1693411199999,11.87597402,2802,5832.30000000,4.46843269,0
1693411200000,0.00076570,0.00076610,0.00075940,0.00076110,9559.62000000,1693414799999,7.29290032,2120,4073.23000000,3.10833180,0
1693414800000,0.00076120,0.00076610,0.00075940,0.00076220,8367.59000000,1693418399999,6.39065391,1154,2737.90000000,2.09059737,0
1693418400000,0.00076230,0.00076350,0.00076000,0.00076130,8911.59000000,1693421999999,6.78525642,1321,3077.43000000,2.34362971,0
1693422000000,0.00076130,0.00076190,0.00075890,0.00076090,8144.56000000,1693425599999,6.19062789,924,2228.39000000,1.69416573,0
1693425600000,0.00076080,0.00076340,0.00075970,0.00076270,2979.54000000,1693429199999,2.27033093,600,1881.39000000,1.43365444,0
1693429200000,0.00076280,0.00076430,0.00076190,0.00076340,2886.71000000,1693432799999,2.20244309,642,1574.22000000,1.20134647,0
1693432800000,0.00076330,0.00076640,0.00076310,0.00076550,1333.62000000,1693436399999,1.01938597,535,893.57000000,0.68302006,0
1693436400000,0.00076550,0.00076610,0.00076240,0.00076270,2670.64000000,1693439999999,2.04188516,791,1343.58000000,1.02749106,0
1693440000000,0.00076260,0.00076260,0.00075800,0.00075990,3906.65000000,1693443599999,2.96867996,995,1928.65000000,1.46547215,0
1693443600000,0.00075980,0.00076150,0.00075830,0.00075940,3102.54000000,1693447199999,2.35714787,769,1618.17000000,1.22943390,0
1693447200000,0.00075930,0.00076060,0.00075810,0.00075860,4551.22000000,1693450799999,3.45635506,829,1796.38000000,1.36439036,0
1693450800000,0.00075880,0.00075960,0.00075820,0.00075860,3191.08000000,1693454399999,2.42153882,432,2569.73000000,1.95007052,0
1693454400000,0.00075870,0.00076040,0.00075870,0.00075980,2474.87000000,1693457999999,1.87984278,475,1188.51000000,0.90280913,0
1693458000000,0.00075970,0.00076040,0.00075780,0.00075910,9477.22000000,1693461599999,7.19521873,906,4322.35000000,3.28005163,0
1693461600000,0.00075920,0.00076310,0.00075910,0.00076220,3561.37000000,1693465199999,2.71340947,635,2778.92000000,2.11784952,0
1693465200000,0.00076210,0.00076470,0.00076090,0.00076210,3726.71000000,1693468799999,2.84285467,837,1672.94000000,1.27664110,0
1693468800000,0.00076210,0.00076380,0.00076150,0.00076340,2302.60000000,1693472399999,1.75631078,561,1449.48000000,1.10573831,0
1693472400000,0.00076350,0.00076370,0.00076090,0.00076180,4597.24000000,1693475999999,3.50295480,641,1687.85000000,1.28697825,0
1693476000000,0.00076180,0.00076220,0.00076000,0.00076190,3143.46000000,1693479599999,2.39229898,495,2038.30000000,1.55150931,0
1693479600000,0.00076200,0.00076640,0.00076200,0.00076480,4238.77000000,1693483199999,3.24090961,1136,2461.32000000,1.88181076,0
1693483200000,0.00076500,0.00076630,0.00076340,0.00076480,4443.94000000,1693486799999,3.39835192,1114,2034.16000000,1.55566333,0
1693486800000,0.00076490,0.00076520,0.00076180,0.00076260,3676.18000000,1693490399999,2.80754465,924,1804.74000000,1.37887883,0
1693490400000,0.00076270,0.00076350,0.00075530,0.00076160,9085.89000000,1693493999999,6.89585848,1920,4727.41000000,3.58939745,0
1693494000000,0.00076160,0.00076160,0.00075380,0.00075530,7554.94000000,1693497599999,5.71489443,1956,3520.34000000,2.66254901,0
1693497600000,0.00075520,0.00076220,0.00074910,0.00075060,26761.78000000,1693501199999,20.18986398,5040,13718.29000000,10.34782161,0
1693501200000,0.00075060,0.00075480,0.00074390,0.00075460,18567.52000000,1693504799999,13.92750957,3835,8211.67000000,6.16188201,0
1693504800000,0.00075450,0.00075870,0.00075360,0.00075650,7531.52000000,1693508399999,5.69743672,1611,3343.95000000,2.53009787,0
1693508400000,0.00075640,0.00075880,0.00075310,0.00075780,11307.54000000,1693511999999,8.55177703,1754,7048.67000000,5.33343530,0
1693512000000,0.00075780,0.00075870,0.00075360,0.00075440,6862.26000000,1693515599999,5.18922129,1594,2802.74000000,2.11944159,0
1693515600000,0.00075450,0.00075990,0.00075370,0.00075690,9427.63000000,1693519199999,7.14039529,2063,5022.08000000,3.80368704,0
1693519200000,0.00075700,0.00076140,0.00075550,0.00076010,9660.10000000,1693522799999,7.33061620,1329,4547.37000000,3.45108313,0
1693522800000,0.00076000,0.00076160,0.00075830,0.00076060,2415.16000000,1693526399999,1.83501539,609,1489.71000000,1.13190904,0
