1685577600000,0.06886000,0.06916200,0.06885000,0.06911000,1488.08750000,1685581199999,102.72849832,3409,859.42760000,59.30956004,0
1685581200000,0.06912000,0.06925000,0.06910000,0.06920000,945.56580000,1685584799999,65.43533446,2666,542.85150000,37.56543607,0
1685584800000,0.06920000,0.06941200,0.06908000,0.06935000,1695.06660000,1685588399999,117.41159521,3362,825.47710000,57.17497859,0
1685588400000,0.06934000,0.06934000,0.06911000,0.06928000,1038.72190000,1685591999999,71.94137208,1992,594.81450000,41.19894823,0
1685592000000,0.06929000,0.06929000,0.06919000,0.06920000,430.84330000,1685595599999,29.82743480,1015,115.78190000,8.01584834,0
1685595600000,0.06920000,0.06924000,0.06912000,0.06912000,474.02400000,1685599199999,32.79645698,1039,180.52190000,12.49315075,0
1685599200000,0.06912000,0.06925000,0.06902000,0.06924000,1133.85040000,1685602799999,78.36250388,2135,548.86900000,37.93575196,0
1685602800000,0.06925000,0.06925000,0.06910000,0.06920000,1854.85690000,1685606399999,128.28121351,4835,772.27800000,53.41393838,0
1685606400000,0.06920000,0.06920000,0.06904000,0.06914000,1889.22350000,1685609999999,130.61138376,4937,808.70890000,55.91641800,0
1685610000000,0.06913000,0.06922000,0.06911000,0.06919000,793.15290000,1685613599999,54.86463855,1069,611.25930000,42.28407174,0
1685613600000,0.06919000,0.06927000,0.06918000,0.06924000,1263.58690000,1685617199999,87.47212255,3223,539.06500000,37.32110178,0
1685617200000,0.06924000,0.06927000,0.06919000,0.06921000,605.43900000,1685620799999,41.91894499,695,258.07980000,17.87113437,0
1685620800000,0.06922000,0.06930000,0.06919000,0.06921000,885.94860000,1685624399999,61.35240279,1064,519.31390000,35.97189617,0
1685624400000,0.06921000,0.06923000,0.06920000,0.06921000,320.70310000,1685627999999,22.19877156,1227,226.89910000,15.70613504,0
1685628000000,0.06921000,0.06922000,0.06914000,0.06917000,1055.23790000,1685631599999,72.99616322,1246,457.08890000,31.62187010,0
1685631600000,0.06917000,0.06929000,0.06914000,0.06928000,705.66630000,1685635199999,48.83381644,917,387.66090000,26.83550830,0
1685635200000,0.06927000,0.06947100,0.06921000,0.06927000,1482.57960000,1685638799999,102.80985272,2994,1139.36260000,79.00346993,0
1685638800000,0.06926000,0.06947000,0.06926000,0.06940000,657.86660000,1685642399999,45.65892408,1472,419.99610000,29.14924772,0
1685642400000,0.06940000,0.06948000,0.06936000,0.06947000,464.46180000,1685645999999,32.24085454,998,214.52410000,14.89132905,0
1685646000000,0.06947000,0.06968000,0.06947000,0.06958000,1454.00710000,1685649599999,101.14807978,3723,1039.79400000,72.32710787,0
1685649600000,0.06959000,0.06965000,0.06958000,0.06959000,802.68060000,1685653199999,55.87874796,955,255.30470000,17.77651910,0
1685653200000,0.06958000,0.06959000,0.06945000,0.06949000,688.42940000,1685656799999,47.86053929,1235,251.50110000,17.48497871,0
1685656800000,0.06950000,0.06952000,0.06942000,0.06947000,502.27820000,1685660399999,34.89505339,1265,236.77230000,16.44977545,0
1685660400000,0.06947000,0.06949000,0.06934000,0.06943000,441.49740000,1685663999999,30.64988841,1117,204.62490000,14.20319905,0
1685664000000,0.06942000,0.06973000,0.06941000,0.06963000,1410.35170000,1685667599999,98.14150472,2595,810.01250000,56.35686099,0
1685667600000,0.06963000,0.06969000,0.06957000,0.06967000,1054.13730000,1685671199999,73.38521835,1690,476.55120000,33.17820087,0
1685671200000,0.06967000,0.06973100,0.06964000,0.06965000,1361.33960000,1685674799999,94.86816791,1700,552.31770000,38.49549088,0
1685674800000,0.06965000,0.06966000,0.06957000,0.06958000,494.06550000,1685678399999,34.40327338,1055,208.82860000,14.54261664,0
1685678400000,0.06958000,0.06978000,0.06957000,0.06968000,1510.03430000,1685681999999,105.24754223,2681,944.38620000,65.83004816,0
1685682000000,0.06968000,0.06984000,0.06966000,0.06972000,1417.65410000,1685685599999,98.88099387,2671,866.06740000,60.41965176,0
1685685600000,0.06972000,0.06979000,0.06967000,0.06978000,709.30880000,1685689199999,49.45062164,1260,426.34680000,29.72608581,0
1685689200000,0.06978000,0.06982000,0.06965000,0.06970000,1462.81660000,1685692799999,101.97685008,6050,513.29890000,35.78681629,0
1685692800000,0.06970000,0.06974000,0.06962000,0.06967000,3746.84610000,1685696399999,261.14892003,21456,563.87440000,39.30116537,0
1685696400000,0.06967000,0.06981000,0.06965000,0.06979000,538.61340000,1685699999999,37.56726381,881,386.84580000,26.98172739,0
1685700000000,0.06979000,0.06983000,0.06977000,0.06983000,2744.69720000,1685703599999,191.60008456,8483,993.23830000,69.33773153,0
1685703600000,0.06982000,0.06992000,0.06982000,0.06984000,909.40180000,1685707199999,63.53662894,1983,621.51370000,43.42601640,0
1685707200000,0.06985000,0.06988000,0.06967000,0.06974000,1092.86940000,1685710799999,76.30254651,2141,421.64510000,29.44298613,0
1685710800000,0.06975000,0.06989000,0.06974000,0.06985000,1036.09590000,1685714399999,72.33720217,1695,578.27620000,40.37335971,0
1685714400000,0.06985000,0.06994000,0.06982000,0.06992000,1134.92890000,1685717999999,79.33451810,1568,724.33680000,50.63568512,0
1685718000000,0.06992000,0.06993000,0.06982000,0.06983000,425.83610000,1685721599999,29.76247911,922,201.71490000,14.10013726,0
1685721600000,0.06983000,0.06987000,0.06981000,0.06982000,306.82070000,1685725199999,21.42562942,645,122.38550000,8.54740329,0
1685725200000,0.06981000,0.06997000,0.06981000,0.06996000,642.07340000,1685728799999,44.88076743,1199,538.53840000,37.64838550,0
1685728800000,0.06997000,0.07030000,0.06994000,0.07022000,5367.90990000,1685732399999,376.05565703,21570,2370.81100000,166.17572419,0
1685732400000,0.07022000,0.07024000,0.07001000,0.07005000,556.32030000,1685735999999,39.00863938,1408,225.07340000,15.77780608,0
1685736000000,0.07005000,0.07010000,0.07002000,0.07008000,388.17680000,1685739599999,27.19530710,944,175.11950000,12.26854138,0
1685739600000,0.07008000,0.07011000,0.06994000,0.06999000,442.29620000,1685743199999,30.97158764,1184,173.65760000,12.16174034,0
1685743200000,0.06998000,0.06999000,0.06986000,0.06993000,3991.92520000,1685746799999,279.20708298,18741,674.88540000,47.20331462,0
1685746800000,0.06993000,0.07000000,0.06990000,0.06999000,2281.93310000,1685750399999,159.60029437,12317,496.18250000,34.70646837,0
1685750400000,0.07000000,0.07013000,0.06996000,0.07007000,499.52550000,1685753999999,34.98638301,936,349.48090000,24.48059636,0
1685754000000,0.07006000,0.07010000,0.07000000,0.07003000,479.65220000,1685757599999,33.60465997,776,197.19860000,13.81786352,0
1685757600000,0.07002000,0.07005000,0.06995000,0.06996000,199.41570000,1685761199999,13.95841878,627,92.99870000,6.51111130,0
1685761200000,0.06996000,0.07001000,0.06995000,0.07000000,217.67490000,1685764799999,15.23430054,406,194.42140000,13.60714584,0
1685764800000,0.07001000,0.07002000,0.06999000,0.07000000,184.84120000,1685768399999,12.94025772,446,70.91590000,4.96494129,0
1685768400000,0.07001000,0.07006000,0.06999000,0.06999000,277.94820000,1685771999999,19.46295635,725,128.30320000,8.98446005,0
1685772000000,0.07000000,0.07006000,0.06999000,0.07003000,228.32950000,1685775599999,15.98716866,666,134.76650000,9.43617425,0
1685775600000,0.07003000,0.07008000,0.07002000,0.07003000,1442.42270000,1685779199999,101.04263474,901,1161.26350000,81.34923335,0
1685779200000,0.07003000,0.07007000,0.07002000,0.07007000,365.32190000,1685782799999,25.59026173,594,256.87160000,17.99426826,0
1685782800000,0.07008000,0.07016000,0.07007000,0.07012000,612.92400000,1685786399999,42.97469573,910,303.44570000,21.27492934,0
1685786400000,0.07012000,0.07016000,0.07004000,0.07016000,325.45370000,1685789999999,22.80944816,711,178.22410000,12.49274324,0
1685790000000,0.07015000,0.07016000,0.07012000,0.07016000,334.79010000,1685793599999,23.48395040,626,125.77770000,8.82309024,0
1685793600000,0.07016000,0.07018000,0.07009000,0.07010000,785.78670000,1685797199999,55.11120733,991,304.20670000,21.33692175,0
1685797200000,0.07010000,0.07011000,0.06997000,0.06998000,485.48190000,1685800799999,34.00539030,890,161.38190000,11.30410839,0
1685800800000,0.06999000,0.06999000,0.06992000,0.06995000,541.37010000,1685804399999,37.87398686,937,307.64860000,21.52368703,0
1685804400000,0.06995000,0.06995000,0.06971000,0.06971000,1384.57470000,1685807999999,96.71832503,2735,660.28310000,46.12484167,0
1685808000000,0.06971000,0.06981000,0.06967000,0.06968000,338.88820000,1685811599999,23.62680830,1292,130.03860000,9.06698558,0
1685811600000,0.06967000,0.06969000,0.06957000,0.06959000,606.87100000,1685815199999,42.25574203,1702,275.90950000,19.21106752,0
1685815200000,0.06958000,0.06969000,0.06956000,0.06968000,328.59920000,1685818799999,22.87928026,849,204.32940000,14.22645485,0
1685818800000,0.06967000,0.06972000,0.06960000,0.06960000,634.00160000,1685822399999,44.16013075,1186,221.61160000,15.43593751,0
1685822400000,0.06960000,0.06975000,0.06958000,0.06974000,198.74790000,1685825999999,13.84903208,594,143.72450000,10.01503479,0
1685826000000,0.06974000,0.06999000,0.06974000,0.06996000,792.95860000,1685829599999,55.43369713,1871,437.12050000,30.55627903,0
1685829600000,0.06996000,0.06997000,0.06985000,0.06986000,276.55960000,1685833199999,19.32724268,562,119.71520000,8.36587616,0
1685833200000,0.06986000,0.06989000,0.06981000,0.06989000,179.26380000,1685836799999,12.52061539,377,140.94700000,9.84473175,0
1685836800000,0.06988000,0.06997000,0.06987000,0.06991000,963.67510000,1685840399999,67.39873170,1185,532.10660000,37.21270288,0
1685840400000,0.06991000,0.06994000,0.06990000,0.06991000,493.60590000,1685843999999,34.51072667,527,362.14670000,25.31939222,0
1685844000000,0.06992000,0.06995000,0.06990000,0.06994000,184.45900000,1685847599999,12.89966107,530,119.15210000,8.33279627,0
1685847600000,0.06994000,0.07000000,0.06994000,0.06998000,171.27770000,1685851199999,11.98520888,416,113.79500000,7.96268807,0
1685851200000,0.06998000,0.07004000,0.06997000,0.07003000,171.45250000,1685854799999,12.00252949,726,133.39510000,9.33883409,0
1685854800000,0.07004000,0.07004000,0.06998000,0.06999000,296.21100000,1685858399999,20.73891389,570,148.24190000,10.37988340,0
1685858400000,0.06998000,0.07004000,0.06991000,0.06999000,422.62630000,1685861999999,29.57137005,787,190.14980000,13.30599468,0
1685862000000,0.06998000,0.07001000,0.06996000,0.06999000,222.56100000,1685865599999,15.57574674,557,97.73310000,6.84007410,0
1685865600000,0.06999000,0.07005000,0.06996000,0.06997000,157.98330000,1685869199999,11.06040772,861,60.81990000,4.25860085,0
1685869200000,0.06996000,0.07006000,0.06996000,0.07003000,370.65810000,1685872799999,25.95568201,727,215.18250000,15.06958776,0
1685872800000,0.07004000,0.07004000,0.06996000,0.07000000,189.08380000,1685876399999,13.23607383,553,105.41470000,7.37932457,0
1685876400000,0.07000000,0.07000000,0.06995000,0.06998000,259.14180000,1685879999999,18.13380515,588,145.85380000,10.20674481,0
1685880000000,0.06998000,0.07004000,0.06998000,0.07000000,640.12030000,1685883599999,44.81400633,725,318.14410000,22.27420254,0
1685883600000,0.07000000,0.07010000,0.06995000,0.07002000,691.20330000,1685887199999,48.38385635,1284,294.94950000,20.64824538,0
1685887200000,0.07002000,0.07002000,0.06989000,0.06999000,584.07860000,1685890799999,40.85847866,1196,332.31470000,23.24751947,0
1685890800000,0.06999000,0.07001000,0.06995000,0.06996000,318.06140000,1685894399999,22.25928541,759,155.45560000,10.88019370,0
1685894400000,0.06996000,0.06997000,0.06981000,0.06983000,478.95870000,1685897999999,33.46820867,1362,122.25640000,8.54116091,0
1685898000000,0.06982000,0.06986000,0.06981000,0.06986000,245.58900000,1685901599999,17.15072645,610,124.37860000,8.68634118,0
1685901600000,0.06986000,0.06998000,0.06985000,0.06998000,368.14000000,1685905199999,25.74892801,1907,196.08590000,13.71435836,0
1685905200000,0.06998000,0.06999000,0.06994000,0.06998000,269.30140000,1685908799999,18.84383564,1011,136.05880000,9.52069358,0
1685908800000,0.06998000,0.06999000,0.06989000,0.06990000,257.53810000,1685912399999,18.01136186,525,79.70570000,5.57448213,0
1685912400000,0.06989000,0.06997000,0.06988000,0.06994000,323.56600000,1685915999999,22.62527408,667,189.36160000,13.24344229,0
1685916000000,0.06994000,0.06995000,0.06969000,0.06983000,813.90570000,1685919599999,56.79847104,1887,290.25090000,20.25371312,0
1685919600000,0.06983000,0.06983000,0.06950000,0.06971000,1166.02830000,1685923199999,81.17908603,2989,612.75330000,42.66399533,0
1685923200000,0.06970000,0.06971000,0.06957000,0.06965000,1346.57070000,1685926799999,93.81323984,1427,928.13450000,64.66227294,0
1685926800000,0.06965000,0.06966000,0.06958000,0.06965000,1506.51390000,1685930399999,104.85986561,1543,1054.67830000,73.40926695,0
1685930400000,0.06966000,0.06970000,0.06953000,0.06964000,582.38010000,1685933999999,40.55906520,877,328.96380000,22.91253318,0
1685934000000,0.06964000,0.06978000,0.06958000,0.06964000,540.46970000,1685937599999,37.66064890,1158,292.51590000,20.38716249,0
1685937600000,0.06963000,0.06981000,0.06959000,0.06971000,514.13950000,1685941199999,35.84327757,959,243.66800000,16.98555346,0
1685941200000,0.06970000,0.06975000,0.06959000,0.06974000,392.74020000,1685944799999,27.36536997,989,193.20560000,13.46268844,0
1685944800000,0.06974000,0.06984000,0.06974000,0.06984000,394.25290000,1685948399999,27.51480280,858,275.14800000,19.20135923,0
1685948400000,0.06984000,0.06986000,0.06981000,0.06982000,219.24250000,1685951999999,15.30900851,790,102.31460000,7.14447718,0
1685952000000,0.06982000,0.06983000,0.06976000,0.06976000,410.56490000,1685955599999,28.65571878,1441,152.66140000,10.65537612,0
1685955600000,0.06976000,0.06992000,0.06976000,0.06982000,609.62860000,1685959199999,42.58189926,1884,289.89750000,20.25251916,0
1685959200000,0.06981000,0.06988000,0.06975000,0.06978000,738.44790000,1685962799999,51.54513409,1282,382.14240000,26.67459626,0
1685962800000,0.06977000,0.06985000,0.06977000,0.06982000,855.34000000,1685966399999,59.69796285,966,513.86610000,35.86580205,0
1685966400000,0.06982000,0.06990000,0.06975000,0.06987000,992.54060000,1685969999999,69.31951915,1929,435.32730000,30.40735821,0
1685970000000,0.06987000,0.06990000,0.06979000,0.06985000,632.55590000,1685973599999,44.19117662,1383,357.04390000,24.94635985,0
1685973600000,0.06985000,0.06986000,0.06971000,0.06972000,826.44950000,1685977199999,57.65909864,1227,387.84540000,27.05836698,0
1685977200000,0.06971000,0.07018000,0.06952000,0.07003000,4223.52240000,1685980799999,295.28226795,8534,2617.40830000,182.95132990,0
1685980800000,0.07002000,0.07035200,0.06908000,0.07028000,7882.07300000,1685984399999,550.70262301,30330,3679.11480000,257.14512085,0
1685984400000,0.07028000,0.07056000,0.07019000,0.07051000,2616.10910000,1685987999999,184.21755541,5739,1623.33610000,114.34057042,0
1685988000000,0.07051000,0.07067000,0.07043000,0.07066000,1496.97100000,1685991599999,105.59438592,3230,595.75040000,42.04034507,0
1685991600000,0.07066000,0.07088000,0.07050000,0.07051000,2149.36750000,1685995199999,152.03131239,5488,1391.17620000,98.42620377,0
1685995200000,0.07050000,0.07051000,0.07040000,0.07041000,1857.06900000,1685998799999,130.83917841,2613,648.40710000,45.68846696,0
1685998800000,0.07042000,0.07052000,0.07033000,0.07041000,1300.28580000,1686002399999,91.56197968,2522,707.81100000,49.84166666,0
1686002400000,0.07042000,0.07042000,0.07024000,0.07028000,434.21150000,1686005999999,30.52832726,1823,201.35190000,14.15707578,0
1686006000000,0.07028000,0.07038000,0.07023000,0.07036000,793.01210000,1686009599999,55.75198369,1636,422.51610000,29.70336682,0
1686009600000,0.07037000,0.07047000,0.07033000,0.07047000,576.84910000,1686013199999,40.59627718,1074,219.90550000,15.48050257,0
1686013200000,0.07047000,0.07048000,0.07039000,0.07040000,504.42130000,1686016799999,35.53341317,871,209.09850000,14.73146368,0
1686016800000,0.07041000,0.07046000,0.07031000,0.07040000,733.21010000,1686020399999,51.60488829,1086,347.37290000,24.45054878,0
1686020400000,0.07041000,0.07042000,0.07036000,0.07042000,660.64540000,1686023999999,46.50179895,942,250.29530000,17.61958079,0
1686024000000,0.07041000,0.07048000,0.07036000,0.07048000,629.76910000,1686027599999,44.34395670,887,408.39770000,28.76024261,0
1686027600000,0.07048000,0.07049000,0.07044000,0.07045000,516.41890000,1686031199999,36.38980240,1091,259.84290000,18.31061788,0
1686031200000,0.07045000,0.07048000,0.07032000,0.07036000,670.68170000,1686034799999,47.22946678,1087,376.64060000,26.52699311,0
1686034800000,0.07036000,0.07048000,0.07035000,0.07046000,500.97040000,1686038399999,35.27446454,1024,227.60930000,16.02653686,0
1686038400000,0.07046000,0.07066000,0.07046000,0.07062000,627.63690000,1686041999999,44.29887879,1807,492.31810000,34.74582114,0
1686042000000,0.07062000,0.07067000,0.07052000,0.07056000,584.75990000,1686045599999,41.29047638,1083,269.79840000,19.05220141,0
1686045600000,0.07055000,0.07065000,0.07053000,0.07064000,474.45830000,1686049199999,33.49589281,864,276.24490000,19.50252417,0
1686049200000,0.07064000,0.07068000,0.07055000,0.07059000,570.02050000,1686052799999,40.25400262,1128,251.74620000,17.78203208,0
1686052800000,0.07059000,0.07087000,0.07057000,0.07072000,1580.73990000,1686056399999,111.81488799,3962,917.46130000,64.89970558,0
1686056400000,0.07072000,0.07085000,0.07062000,0.07063000,1091.32270000,1686059999999,77.23480229,2278,602.43170000,42.64286285,0
1686060000000,0.07062000,0.07073000,0.07040000,0.07066000,1798.86360000,1686063599999,126.92913945,4554,810.62330000,57.19754426,0
1686063600000,0.07065000,0.07082000,0.07063000,0.07066000,1132.43670000,1686067199999,80.09008194,2198,679.67670000,48.07309110,0
1686067200000,0.07066000,0.07078000,0.07041000,0.07067000,1352.50090000,1686070799999,95.49381579,3555,642.68370000,45.37203235,0
1686070800000,0.07068000,0.07074000,0.07024000,0.07031000,2550.13430000,1686074399999,179.77410711,8312,1318.94970000,92.98422329,0
1686074400000,0.07031000,0.07038000,0.07009000,0.07020000,912.75510000,1686077999999,64.05739548,2980,368.76280000,25.87768982,0
1686078000000,0.07019000,0.07020000,0.06971000,0.06986000,2427.41240000,1686081599999,169.70029052,6477,1009.34040000,70.56561457,0
1686081600000,0.06985000,0.06986000,0.06949000,0.06965000,2494.18360000,1686085199999,173.70028505,5577,867.48530000,60.42166544,0
1686085200000,0.06964000,0.06965000,0.06945000,0.06949000,952.05010000,1686088799999,66.19909367,2610,513.72670000,35.72198615,0
1686088800000,0.06948000,0.06948000,0.06931000,0.06933000,1341.85030000,1686092399999,93.13348613,2514,589.78020000,40.93469179,0
1686092400000,0.06933000,0.06937000,0.06906000,0.06919000,2288.27170000,1686095999999,158.33504350,4324,832.60900000,57.61776018,0
1686096000000,0.06919000,0.06938000,0.06916000,0.06936000,1545.95950000,1686099599999,107.07336183,2104,940.07040000,65.10155122,0
1686099600000,0.06937000,0.06947000,0.06928000,0.06936000,2319.40640000,1686103199999,160.94025767,2302,1047.90180000,72.70367507,0
1686103200000,0.06936000,0.06964000,0.06935000,0.06964000,1322.57890000,1686106799999,91.88905409,3473,1046.23950000,72.67647157,0
1686106800000,0.06964000,0.07002000,0.06964000,0.06977000,1965.49980000,1686110399999,137.30608426,6054,1047.26020000,73.17062007,0
1686110400000,0.06977000,0.06983000,0.06972000,0.06977000,469.97710000,1686113999999,32.79381395,1086,259.99410000,18.14277763,0
1686114000000,0.06977000,0.06991000,0.06972000,0.06987000,504.00540000,1686117599999,35.18273878,848,294.43290000,20.55066952,0
1686117600000,0.06986000,0.06999000,0.06986000,0.06993000,587.36040000,1686121199999,41.07112274,1320,333.47730000,23.32202985,0
1686121200000,0.06993000,0.07006000,0.06989000,0.06996000,695.34700000,1686124799999,48.65170190,1507,361.59230000,25.30208055,0
1686124800000,0.06997000,0.06999000,0.06990000,0.06991000,690.04830000,1686128399999,48.25184232,990,213.34920000,14.91890504,0
1686128400000,0.06991000,0.07000000,0.06981000,0.06992000,1510.38720000,1686131999999,105.56174658,2128,547.02780000,38.23527226,0
1686132000000,0.06992000,0.07000000,0.06982000,0.06985000,4609.50910000,1686135599999,322.22585415,3617,646.81780000,45.22541463,0
1686135600000,0.06985000,0.06987000,0.06956000,0.06957000,1369.61230000,1686139199999,95.46257430,3424,374.67040000,26.11095222,0
1686139200000,0.06957000,0.06963000,0.06948000,0.06958000,930.84810000,1686142799999,64.73250762,2244,443.52250000,30.84151105,0
1686142800000,0.06958000,0.06970000,0.06949000,0.06953000,780.88610000,1686146399999,54.34059210,1625,379.07180000,26.38236792,0
1686146400000,0.06952000,0.06981000,0.06951000,0.06976000,1565.06310000,1686149999999,109.04397653,3288,844.56180000,58.84304428,0
1686150000000,0.06977000,0.06990000,0.06944000,0.06981000,1961.98980000,1686153599999,136.74866604,5366,1070.11670000,74.58502603,0
1686153600000,0.06980000,0.06990000,0.06971000,0.06990000,728.80710000,1686157199999,50.85786360,1656,332.09960000,23.17607596,0
1686157200000,0.06989000,0.06990000,0.06966000,0.06976000,758.86520000,1686160799999,52.94243671,1632,381.52790000,26.61986889,0
1686160800000,0.06977000,0.06991000,0.06977000,0.06989000,607.46150000,1686164399999,42.42738021,1123,315.52860000,22.03555408,0
1686164400000,0.06989000,0.06990000,0.06978000,0.06986000,491.69750000,1686167999999,34.34966205,1069,283.43320000,19.80197266,0
1686168000000,0.06986000,0.06990000,0.06981000,0.06987000,296.68640000,1686171599999,20.72944380,723,154.82220000,10.81753803,0
1686171600000,0.06987000,0.06987000,0.06936000,0.06971000,1376.43810000,1686175199999,95.82634088,4009,655.94660000,45.66393106,0
1686175200000,0.06970000,0.06971000,0.06954000,0.06964000,777.77580000,1686178799999,54.16394767,1165,431.33300000,30.03966542,0
1686178800000,0.06964000,0.06964000,0.06951000,0.06956000,422.22290000,1686182399999,29.36911570,748,210.94710000,14.67393231,0
1686182400000,0.06956000,0.06962000,0.06952000,0.06954000,468.23760000,1686185999999,32.57219888,1193,172.04300000,11.96893242,0
1686186000000,0.06954000,0.06958000,0.06948000,0.06952000,451.02280000,1686189599999,31.35913732,1025,176.31670000,12.26022188,0
1686189600000,0.06953000,0.06967000,0.06951000,0.06964000,528.52330000,1686193199999,36.79905402,898,352.02790000,24.51248742,0
1686193200000,0.06964000,0.06976000,0.06958000,0.06968000,424.17380000,1686196799999,29.55473906,1085,173.83680000,12.11696850,0
1686196800000,0.06968000,0.06972000,0.06960000,0.06963000,331.65090000,1686200399999,23.10704952,697,185.20890000,12.90540959,0
1686200400000,0.06963000,0.06968000,0.06960000,0.06965000,275.31850000,1686203999999,19.17061393,826,127.39930000,8.87086748,0
1686204000000,0.06966000,0.06972000,0.06955000,0.06963000,533.68990000,1686207599999,37.16997299,952,172.50140000,12.01760017,0
1686207600000,0.06963000,0.06966000,0.06957000,0.06966000,1090.77640000,1686211199999,75.92186578,1129,566.10910000,39.40286500,0
1686211200000,0.06965000,0.06971000,0.06958000,0.06962000,327.62430000,1686214799999,22.82381812,725,183.26120000,12.76754504,0
1686214800000,0.06962000,0.06971000,0.06962000,0.06971000,370.40900000,1686218399999,25.80316004,694,182.62920000,12.72386609,0
1686218400000,0.06970000,0.06973000,0.06965000,0.06966000,314.62810000,1686221999999,21.92750095,658,207.20590000,14.44178086,0
1686222000000,0.06966000,0.06979000,0.06965000,0.06975000,720.50820000,1686225599999,50.24849492,1144,464.74830000,32.41128706,0
1686225600000,0.06975000,0.06985000,0.06973000,0.06976000,1238.96580000,1686229199999,86.46519577,1783,700.88840000,48.91289362,0
1686229200000,0.06977000,0.06997000,0.06976000,0.06993000,793.72360000,1686232799999,55.47767728,1994,433.72840000,30.31306715,0
1686232800000,0.06992000,0.06999000,0.06968000,0.06970000,1098.86860000,1686236399999,76.76451387,1985,472.95020000,33.05593669,0
1686236400000,0.06970000,0.06973000,0.06941000,0.06945000,1138.59800000,1686239999999,79.21046253,2875,552.35020000,38.42708579,0
1686240000000,0.06945000,0.06972000,0.06943000,0.06965000,1134.78520000,1686243599999,78.89536194,1837,407.69730000,28.34876331,0
1686243600000,0.06965000,0.06972000,0.06962000,0.06963000,321.54820000,1686247199999,22.40260415,776,202.14050000,14.08336603,0
1686247200000,0.06963000,0.06968000,0.06953000,0.06954000,353.87330000,1686250799999,24.63223733,820,207.35340000,14.43366926,0
1686250800000,0.06954000,0.06964000,0.06952000,0.06961000,335.68410000,1686254399999,23.35798869,667,165.93830000,11.54666828,0
1686254400000,0.06962000,0.06963000,0.06950000,0.06956000,322.86490000,1686257999999,22.46252962,784,197.46710000,13.73904023,0
1686258000000,0.06957000,0.06970000,0.06952000,0.06968000,422.56000000,1686261599999,29.41464980,868,224.86260000,15.65823356,0
1686261600000,0.06968000,0.06969000,0.06960000,0.06967000,234.44140000,1686265199999,16.32784268,470,106.60000000,7.42430998,0
1686265200000,0.06967000,0.06969000,0.06963000,0.06964000,255.77580000,1686268799999,17.81603812,410,171.13680000,11.92062754,0
1686268800000,0.06965000,0.06977000,0.06965000,0.06971000,278.78760000,1686272399999,19.43812677,745,150.92000000,10.52196744,0
1686272400000,0.06971000,0.06971000,0.06952000,0.06954000,467.42590000,1686275999999,32.53266654,770,168.38810000,11.72012900,0
1686276000000,0.06954000,0.06959000,0.06938000,0.06938000,1112.32490000,1686279599999,77.30827194,2472,549.76780000,38.21280438,0
1686279600000,0.06939000,0.06941000,0.06929000,0.06941000,461.74720000,1686283199999,32.01565712,1392,233.40650000,16.18510785,0
1686283200000,0.06940000,0.06956000,0.06937000,0.06938000,332.79460000,1686286799999,23.11809294,802,142.94260000,9.93151878,0
1686286800000,0.06938000,0.06945000,0.06932000,0.06941000,286.89520000,1686290399999,19.90618857,634,163.88530000,11.37150512,0
1686290400000,0.06942000,0.06942000,0.06931000,0.06936000,573.09950000,1686293999999,39.74886602,755,327.53210000,22.71630595,0
1686294000000,0.06936000,0.06937000,0.06927000,0.06932000,558.86350000,1686297599999,38.73707049,1160,268.57170000,18.61632837,0
1686297600000,0.06933000,0.06933000,0.06913000,0.06917000,1316.45270000,1686301199999,91.10946091,2923,491.39710000,34.01108966,0
1686301200000,0.06917000,0.06929000,0.06916000,0.06925000,1371.81920000,1686304799999,94.99814618,1853,1000.38530000,69.28033987,0
1686304800000,0.06924000,0.06925000,0.06920000,0.06922000,272.93330000,1686308399999,18.89378690,669,128.09960000,8.86853389,0
1686308400000,0.06924000,0.06930000,0.06923000,0.06929000,296.18520000,1686311999999,20.51722182,984,179.00180000,12.40010513,0
1686312000000,0.06929000,0.06946000,0.06924000,0.06943000,1231.17630000,1686315599999,85.35685777,1804,772.93060000,53.59839775,0
1686315600000,0.06943000,0.06951000,0.06928000,0.06936000,1219.34200000,1686319199999,84.63257689,1725,746.90890000,51.85435724,0
1686319200000,0.06936000,0.06944000,0.06932000,0.06937000,923.23870000,1686322799999,64.07767521,1223,647.60530000,44.94967053,0
1686322800000,0.06937000,0.06962000,0.06936000,0.06956000,997.13150000,1686326399999,69.30476196,1888,536.87680000,37.30977495,0
1686326400000,0.06956000,0.06956000,0.06948000,0.06952000,319.36780000,1686329999999,22.20180299,717,138.91660000,9.65782573,0
1686330000000,0.06950000,0.06955000,0.06948000,0.06949000,330.84200000,1686333599999,22.99654015,701,176.89470000,12.29702384,0
1686333600000,0.06949000,0.06959000,0.06949000,0.06950000,282.20630000,1686337199999,19.62253096,721,121.71240000,8.46304702,0
1686337200000,0.06950000,0.06950000,0.06934000,0.06936000,411.38100000,1686340799999,28.54824288,1053,156.86020000,10.88749898,0
1686340800000,0.06934000,0.06944000,0.06928000,0.06944000,322.84300000,1686344399999,22.39125988,938,174.65790000,12.11298342,0
1686344400000,0.06944000,0.06945000,0.06932000,0.06939000,225.11630000,1686347999999,15.62134196,1074,101.08870000,7.01592150,0
1686348000000,0.06939000,0.06941000,0.06933000,0.06939000,323.37820000,1686351599999,22.43091060,616,166.79660000,11.57029341,0
1686351600000,0.06938000,0.06950000,0.06937000,0.06950000,241.16130000,1686355199999,16.74276821,615,171.51130000,11.90676563,0
1686355200000,0.06950000,0.06950000,0.06942000,0.06945000,352.72450000,1686358799999,24.50166428,703,208.44300000,14.47931524,0
1686358800000,0.06945000,0.06958000,0.06945000,0.06955000,635.35160000,1686362399999,44.18286693,1146,378.33210000,26.31098134,0
1686362400000,0.06955000,0.06959000,0.06940000,0.06948000,612.74050000,1686365999999,42.58180949,1097,356.20250000,24.75450528,0
1686366000000,0.06948000,0.06949000,0.06937000,0.06940000,448.03090000,1686369599999,31.11043440,929,238.50980000,16.56448726,0
1686369600000,0.06941000,0.06970000,0.06910000,0.06941000,4108.89340000,1686373199999,285.13556557,11009,2546.42070000,176.67968870,0
1686373200000,0.06941000,0.06951000,0.06852000,0.06862000,7612.21470000,1686376799999,525.13679036,14833,3777.70900000,260.66995602,0
1686376800000,0.06862000,0.06876000,0.06818000,0.06828000,4641.47090000,1686380399999,317.78648988,9729,2734.02710000,187.17364365,0
1686380400000,0.06828000,0.06830000,0.06754000,0.06754000,16253.25830000,1686383999999,1103.26261210,20440,11904.36750000,808.15276286,0
1686384000000,0.06753000,0.06780000,0.06716000,0.06780000,8467.53030000,1686387599999,571.05810613,12605,4423.43390000,298.54370446,0
1686387600000,0.06780000,0.06782000,0.06761000,0.06779000,1209.04120000,1686391199999,81.88066601,2292,636.00380000,43.07517897,0
1686391200000,0.06778000,0.06792000,0.06775000,0.06786000,966.60390000,1686394799999,65.57193005,1831,536.54400000,36.40071245,0
1686394800000,0.06785000,0.06797000,0.06781000,0.06791000,923.82910000,1686398399999,62.70676306,1508,466.94030000,31.69700703,0
1686398400000,0.06791000,0.06846000,0.06786000,0.06790000,2554.36510000,1686401999999,173.82763217,6575,1738.49910000,118.40268481,0
1686402000000,0.06791000,0.06801000,0.06789000,0.06795000,658.34990000,1686405599999,44.72971635,1711,302.24520000,20.53897604,0
1686405600000,0.06795000,0.06798000,0.06790000,0.06794000,531.13220000,1686409199999,36.07940972,1223,226.14100000,15.36258211,0
1686409200000,0.06795000,0.06797000,0.06773000,0.06777000,967.49530000,1686412799999,65.65213488,2302,279.37890000,18.95503625,0
1686412800000,0.06776000,0.06786000,0.06772000,0.06774000,1024.53680000,1686416399999,69.44541719,1624,544.54640000,36.91109772,0
1686416400000,0.06774000,0.06789000,0.06763000,0.06766000,2140.16600000,1686419999999,144.94624106,4215,736.15700000,49.86727854,0
1686420000000,0.06765000,0.06800000,0.06756000,0.06785000,1419.53320000,1686423599999,96.21456407,4214,715.01780000,48.48129285,0
1686423600000,0.06786000,0.06790000,0.06776000,0.06777000,543.11760000,1686427199999,36.84771162,1312,279.56200000,18.96766276,0
1686427200000,0.06777000,0.06778000,0.06747000,0.06767000,1334.11260000,1686430799999,90.22902298,3293,590.07130000,39.92035443,0
1686430800000,0.06768000,0.06775000,0.06761000,0.06772000,815.30440000,1686434399999,55.19475657,1265,292.66220000,19.81071115,0
1686434400000,0.06772000,0.06783000,0.06770000,0.06778000,424.09840000,1686437999999,28.74545501,1337,262.66140000,17.80396448,0
1686438000000,0.06777000,0.06782000,0.06772000,0.06779000,394.91570000,1686441599999,26.76727350,618,258.21690000,17.50328500,0
1686441600000,0.06779000,0.06784000,0.06776000,0.06779000,448.66220000,1686445199999,30.41713550,782,226.00910000,15.32232044,0
1686445200000,0.06778000,0.06780000,0.06769000,0.06774000,592.57190000,1686448799999,40.14414149,1394,238.96490000,16.19034657,0
1686448800000,0.06774000,0.06789000,0.06769000,0.06789000,460.33550000,1686452399999,31.20228227,1661,256.45010000,17.38670711,0
1686452400000,0.06789000,0.06807000,0.06789000,0.06806000,495.58770000,1686455999999,33.68928223,2509,325.62180000,22.13609458,0
1686456000000,0.06807000,0.06819000,0.06796000,0.06816000,393.60670000,1686459599999,26.79840288,1703,197.88210000,13.47419221,0
1686459600000,0.06815000,0.06823000,0.06803000,0.06803000,464.39590000,1686463199999,31.64964616,1536,242.27100000,16.51142211,0
1686463200000,0.06803000,0.06817000,0.06803000,0.06812000,315.24060000,1686466799999,21.47244631,643,198.16260000,13.49864870,0
1686466800000,0.06811000,0.06812000,0.06807000,0.06810000,355.41530000,1686470399999,24.20157202,834,162.46840000,11.06364883,0
1686470400000,0.06810000,0.06817000,0.06796000,0.06796000,484.25510000,1686473999999,32.96437685,1424,273.77070000,18.64173160,0
1686474000000,0.06796000,0.06797000,0.06788000,0.06791000,641.24580000,1686477599999,43.57038950,1189,181.05020000,12.30080961,0
1686477600000,0.06792000,0.06801000,0.06789000,0.06795000,249.26140000,1686481199999,16.93343415,592,125.47340000,8.52444463,0
1686481200000,0.06794000,0.06796000,0.06789000,0.06793000,241.15900000,1686484799999,16.38216273,604,117.05040000,7.95170542,0
1686484800000,0.06792000,0.06793000,0.06782000,0.06783000,305.63240000,1686488399999,20.74294755,895,152.67800000,10.36225236,0
1686488400000,0.06783000,0.06788000,0.06772000,0.06775000,886.39910000,1686491999999,60.10004437,1789,445.93940000,30.23860295,0
1686492000000,0.06775000,0.06781000,0.06770000,0.06770000,557.24460000,1686495599999,37.76614098,1149,363.91240000,24.66343422,0
1686495600000,0.06771000,0.06777000,0.06761000,0.06762000,476.35560000,1686499199999,32.24679727,1828,247.20670000,16.73707813,0
1686499200000,0.06762000,0.06777000,0.06759000,0.06774000,618.75510000,1686502799999,41.87986742,1495,342.58310000,23.19090262,0
1686502800000,0.06774000,0.06779000,0.06759000,0.06770000,1134.43940000,1686506399999,76.78667562,2156,492.44800000,33.33258887,0
1686506400000,0.06769000,0.06770000,0.06762000,0.06767000,393.75530000,1686509999999,26.64138676,902,87.85070000,5.94522868,0
1686510000000,0.06766000,0.06774000,0.06766000,0.06770000,341.62280000,1686513599999,23.12448675,754,158.48720000,10.72870622,0
1686513600000,0.06770000,0.06786000,0.06767000,0.06774000,561.73690000,1686517199999,38.06415963,1255,338.17360000,22.91383727,0
1686517200000,0.06774000,0.06783000,0.06772000,0.06773000,382.80870000,1686520799999,25.94086703,909,178.53660000,12.09844481,0
1686520800000,0.06771000,0.06780000,0.06759000,0.06774000,613.49340000,1686524399999,41.51691995,1324,320.68740000,21.70348979,0
1686524400000,0.06774000,0.06777000,0.06759000,0.06760000,257.30670000,1686527999999,17.41286232,706,107.44740000,7.27216429,0
1686528000000,0.06760000,0.06760000,0.06745000,0.06747000,600.67540000,1686531599999,40.55033017,2113,272.91320000,18.42488864,0
1686531600000,0.06747000,0.06747000,0.06731000,0.06733000,829.86910000,1686535199999,55.92531322,2526,351.78190000,23.70596951,0
1686535200000,0.06732000,0.06737000,0.06709000,0.06718000,1726.67690000,1686538799999,116.01381371,3966,762.29190000,51.22512619,0
1686538800000,0.06719000,0.06731000,0.06713000,0.06729000,945.98810000,1686542399999,63.56956200,1210,255.01970000,17.14451933,0
1686542400000,0.06730000,0.06742000,0.06728000,0.06741000,407.73350000,1686545999999,27.45956132,1021,190.21730000,12.81307075,0
1686546000000,0.06742000,0.06742000,0.06737000,0.06738000,402.44300000,1686549599999,27.12404635,476,78.18700000,5.26946196,0
1686549600000,0.06737000,0.06748000,0.06734000,0.06735000,1009.36840000,1686553199999,68.01681582,1478,357.80930000,24.11217520,0
1686553200000,0.06734000,0.06741000,0.06720000,0.06727000,2320.26510000,1686556799999,156.16335150,2606,831.13960000,55.94953937,0
1686556800000,0.06728000,0.06740000,0.06724000,0.06728000,989.66760000,1686560399999,66.61479151,1615,717.56450000,48.29877945,0
1686560400000,0.06729000,0.06751000,0.06728000,0.06733000,1068.58860000,1686563999999,71.98058606,1911,496.26860000,33.43692032,0
1686564000000,0.06734000,0.06744000,0.06731000,0.06734000,721.32410000,1686567599999,48.59315064,1157,275.08260000,18.53145048,0
1686567600000,0.06734000,0.06734000,0.06716000,0.06717000,481.77850000,1686571199999,32.40293587,1240,173.73500000,11.68738425,0
1686571200000,0.06717000,0.06736000,0.06715000,0.06736000,724.99910000,1686574799999,48.74327117,1052,567.39010000,38.14492394,0
1686574800000,0.06736000,0.06742000,0.06730000,0.06740000,733.29320000,1686578399999,49.40360989,1120,485.63950000,32.72406725,0
1686578400000,0.06741000,0.06746000,0.06719000,0.06723000,498.64820000,1686581999999,33.58112618,1315,219.73570000,14.79758915,0
1686582000000,0.06724000,0.06724000,0.06705000,0.06706000,869.29990000,1686585599999,58.36974900,2157,326.25680000,21.90478361,0
1686585600000,0.06706000,0.06722000,0.06696000,0.06722000,1206.49240000,1686589199999,80.92049073,2429,565.12420000,37.91906725,0
1686589200000,0.06722000,0.06735000,0.06705000,0.06727000,871.32550000,1686592799999,58.56722353,2013,482.62030000,32.44288299,0
1686592800000,0.06727000,0.06728000,0.06718000,0.06721000,610.85590000,1686596399999,41.06225101,1004,398.20270000,26.76834283,0
1686596400000,0.06722000,0.06722000,0.06703000,0.06711000,374.80840000,1686599999999,25.15333400,1088,177.04550000,11.88085416,0
1686600000000,0.06711000,0.06716000,0.06705000,0.06715000,546.52620000,1686603599999,36.68764114,750,187.83730000,12.60920272,0
1686603600000,0.06715000,0.06725000,0.06713000,0.06723000,248.30830000,1686607199999,16.67870793,616,138.98230000,9.33444540,0
1686607200000,0.06723000,0.06728000,0.06722000,0.06723000,244.00320000,1686610799999,16.40865026,508,156.66920000,10.53583572,0
1686610800000,0.06723000,0.06727000,0.06722000,0.06727000,162.74750000,1686614399999,10.94460193,425,102.01120000,6.86054200,0
1686614400000,0.06727000,0.06730000,0.06694000,0.06698000,825.11120000,1686617999999,55.35444113,1964,376.57690000,25.25975457,0
1686618000000,0.06697000,0.06713000,0.06693000,0.06701000,385.79470000,1686621599999,25.85661392,1004,202.56860000,13.57745378,0
1686621600000,0.06702000,0.06719000,0.06697000,0.06713000,789.16230000,1686625199999,52.91470947,1341,572.26230000,38.36711571,0
1686625200000,0.06713000,0.06713000,0.06695000,0.06706000,558.04000000,1686628799999,37.41613118,895,180.13910000,12.07579445,0
1686628800000,0.06706000,0.06710000,0.06704000,0.06706000,309.07380000,1686632399999,20.72762148,574,107.70320000,7.22395909,0
1686632400000,0.06706000,0.06714000,0.06706000,0.06708000,739.11780000,1686635999999,49.58917213,865,559.86760000,37.56154092,0
1686636000000,0.06708000,0.06713000,0.06705000,0.06706000,1140.20290000,1686639599999,76.49453731,893,282.26910000,18.93774656,0
1686639600000,0.06706000,0.06711000,0.06705000,0.06706000,274.88480000,1686643199999,18.43684141,600,180.03440000,12.07555078,0
1686643200000,0.06706000,0.06706000,0.06693000,0.06696000,519.66120000,1686646799999,34.81257117,973,189.12820000,12.67046678,0
1686646800000,0.06697000,0.06699000,0.06690000,0.06691000,430.30590000,1686650399999,28.80901248,960,248.05820000,16.60890665,0
1686650400000,0.06691000,0.06695000,0.06688000,0.06695000,466.15860000,1686653999999,31.19471422,1077,201.16320000,13.46220938,0
1686654000000,0.06694000,0.06697000,0.06686000,0.06692000,1514.48860000,1686657599999,101.35020958,2550,704.11200000,47.11928409,0
1686657600000,0.06693000,0.06697000,0.06669000,0.06679000,2461.83480000,1686661199999,164.52876943,5592,1171.81370000,78.32671314,0
1686661200000,0.06680000,0.06683000,0.06670000,0.06677000,1164.48730000,1686664799999,77.74739433,1874,492.78670000,32.90473520,0
1686664800000,0.06678000,0.06698000,0.06677000,0.06695000,684.20140000,1686668399999,45.72570992,1358,389.63710000,26.04250152,0
1686668400000,0.06695000,0.06719000,0.06693000,0.06716000,1060.02090000,1686671999999,71.11797364,2686,605.70300000,40.64008471,0
1686672000000,0.06717000,0.06724000,0.06714000,0.06723000,694.56750000,1686675599999,46.66595822,1362,425.93200000,28.61893412,0
1686675600000,0.06723000,0.06726000,0.06719000,0.06726000,329.36430000,1686679199999,22.13947042,734,149.14530000,10.02603123,0
1686679200000,0.06726000,0.06737000,0.06723000,0.06725000,617.15890000,1686682799999,41.53202370,1772,291.72910000,19.62989123,0
1686682800000,0.06726000,0.06728000,0.06722000,0.06722000,384.51260000,1686686399999,25.85635347,574,184.81770000,12.42795339,0
1686686400000,0.06721000,0.06728000,0.06720000,0.06726000,250.72350000,1686689999999,16.85506973,645,107.70420000,7.24084322,0
1686690000000,0.06726000,0.06730000,0.06721000,0.06727000,441.19230000,1686693599999,29.66746398,701,251.61320000,16.91958518,0
1686693600000,0.06728000,0.06729000,0.06714000,0.06715000,236.75570000,1686697199999,15.91131394,610,61.65250000,4.14481753,0
1686697200000,0.06714000,0.06714000,0.06709000,0.06709000,254.44380000,1686700799999,17.07882759,536,98.08400000,6.58369555,0
1686700800000,0.06709000,0.06711000,0.06703000,0.06711000,567.16100000,1686704399999,38.03835279,993,300.49160000,20.15343323,0
1686704400000,0.06711000,0.06713000,0.06706000,0.06707000,270.40190000,1686707999999,18.14267081,516,86.41580000,5.79812960,0
1686708000000,0.06707000,0.06711000,0.06704000,0.06711000,200.37360000,1686711599999,13.43897101,475,108.01900000,7.24531239,0
1686711600000,0.06711000,0.06722000,0.06710000,0.06722000,634.24560000,1686715199999,42.60891770,706,381.66000000,25.64507346,0
1686715200000,0.06722000,0.06722000,0.06707000,0.06708000,341.21280000,1686718799999,22.90587324,636,142.53870000,9.56712227,0
1686718800000,0.06707000,0.06726000,0.06704000,0.06725000,369.19360000,1686722399999,24.77587628,854,213.56430000,14.33336357,0
1686722400000,0.06726000,0.06726000,0.06718000,0.06722000,330.97440000,1686725999999,22.25029623,631,186.88580000,12.56378937,0
1686726000000,0.06723000,0.06726000,0.06715000,0.06725000,627.40160000,1686729599999,42.16496975,1013,236.58590000,15.90062887,0
1686729600000,0.06725000,0.06731000,0.06724000,0.06728000,452.16890000,1686733199999,30.41859484,840,268.91880000,18.09273782,0
1686733200000,0.06727000,0.06732000,0.06714000,0.06717000,361.11180000,1686736799999,24.28661467,735,127.05440000,8.54797298,0
1686736800000,0.06717000,0.06730000,0.06716000,0.06729000,313.37700000,1686740399999,21.06885999,771,198.09650000,13.31922866,0
1686740400000,0.06729000,0.06734000,0.06720000,0.06720000,420.69850000,1686743999999,28.29919881,769,175.59220000,11.81094732,0
1686744000000,0.06720000,0.06725000,0.06707000,0.06709000,740.47500000,1686747599999,49.71943088,1165,251.48420000,16.89211120,0
1686747600000,0.06709000,0.06713000,0.06700000,0.06701000,785.12170000,1686751199999,52.65241939,1578,317.50620000,21.29201648,0
1686751200000,0.06701000,0.06703000,0.06696000,0.06698000,636.73760000,1686754799999,42.65849868,1137,169.16850000,11.33304501,0
1686754800000,0.06698000,0.06705000,0.06696000,0.06700000,650.90490000,1686758399999,43.60960960,876,341.10280000,22.85315500,0
1686758400000,0.06699000,0.06704000,0.06694000,0.06696000,513.41030000,1686761999999,34.38696035,935,147.94850000,9.91034447,0
1686762000000,0.06696000,0.06703000,0.06684000,0.06699000,1342.15040000,1686765599999,89.79076137,2243,693.49730000,46.39733178,0
1686765600000,0.06698000,0.06708000,0.06679000,0.06689000,2269.47300000,1686769199999,151.89818346,4005,1584.81960000,106.08863001,0
1686769200000,0.06688000,0.06695000,0.06680000,0.06683000,572.55960000,1686772799999,38.28141942,1401,284.94360000,19.05106550,0
1686772800000,0.06682000,0.06682000,0.06525000,0.06570000,19032.87890000,1686776399999,1258.33492769,31282,5059.24140000,333.73911454,0
1686776400000,0.06570000,0.06590000,0.06560000,0.06585000,1680.56930000,1686779999999,110.48865591,3583,937.60740000,61.65457032,0
1686780000000,0.06585000,0.06601000,0.06585000,0.06590000,1081.27510000,1686783599999,71.28182271,1813,415.94050000,27.42103957,0
1686783600000,0.06591000,0.06594000,0.06569000,0.06571000,2302.83250000,1686787199999,151.47776656,2156,982.61630000,64.63459844,0
1686787200000,0.06570000,0.06578000,0.06567000,0.06569000,799.33130000,1686790799999,52.53557437,1711,342.63170000,22.51941344,0
1686790800000,0.06569000,0.06579000,0.06565000,0.06579000,2242.74620000,1686794399999,147.35656898,2073,1382.36110000,90.82573939,0
1686794400000,0.06579000,0.06593000,0.06579000,0.06582000,1171.36440000,1686797999999,77.12164622,1557,706.17340000,46.49296422,0
1686798000000,0.06581000,0.06593000,0.06578000,0.06592000,763.27400000,1686801599999,50.24852052,899,497.06430000,32.72694200,0
1686801600000,0.06592000,0.06601000,0.06587000,0.06595000,2405.18790000,1686805199999,158.58626848,2113,1001.83000000,66.08151190,0
1686805200000,0.06595000,0.06595000,0.06582000,0.06582000,1230.30510000,1686808799999,81.06283596,1305,289.69440000,19.08471821,0
1686808800000,0.06583000,0.06584000,0.06563000,0.06567000,1242.52660000,1686812399999,81.66684643,2439,402.15920000,26.43694661,0
1686812400000,0.06567000,0.06575000,0.06561000,0.06563000,1089.43630000,1686815999999,71.54267455,1756,344.87520000,22.64901080,0
1686816000000,0.06563000,0.06570000,0.06560000,0.06568000,717.84020000,1686819599999,47.12736899,1450,350.15060000,22.98964165,0
1686819600000,0.06567000,0.06568000,0.06536000,0.06562000,1952.99730000,1686823199999,127.98479903,3478,770.90110000,50.52426855,0
1686823200000,0.06561000,0.06577000,0.06561000,0.06566000,1887.22760000,1686826799999,124.00739469,2504,609.63720000,40.05676285,0
1686826800000,0.06565000,0.06577000,0.06560000,0.06568000,847.98790000,1686830399999,55.68965824,1672,413.15970000,27.13277709,0
1686830400000,0.06567000,0.06575000,0.06562000,0.06574000,546.96510000,1686833999999,35.91823349,1057,309.30390000,20.31389638,0
1686834000000,0.06575000,0.06580000,0.06556000,0.06579000,1238.03170000,1686837599999,81.32168167,1912,693.01020000,45.52128982,0
1686837600000,0.06579000,0.06579000,0.06570000,0.06573000,613.45460000,1686841199999,40.33075589,902,270.21600000,17.76609122,0
1686841200000,0.06572000,0.06584000,0.06570000,0.06581000,496.67240000,1686844799999,32.65624427,1011,240.07420000,15.78251531,0
1686844800000,0.06580000,0.06581000,0.06564000,0.06566000,591.68890000,1686848399999,38.89185619,1053,320.00440000,21.03299699,0
1686848400000,0.06565000,0.06568000,0.06547000,0.06563000,1100.09270000,1686851999999,72.12473682,1887,295.28160000,19.35426996,0
1686852000000,0.06562000,0.06578000,0.06559000,0.06575000,710.41160000,1686855599999,46.66778290,1630,391.90280000,25.74412636,0
1686855600000,0.06575000,0.06575000,0.06551000,0.06555000,863.91750000,1686859199999,56.65818373,1699,424.53350000,27.83976618,0
1686859200000,0.06556000,0.06561000,0.06528000,0.06533000,1028.96010000,1686862799999,67.34541449,2789,440.26860000,28.82047005,0
1686862800000,0.06534000,0.06552000,0.06509000,0.06516000,2304.52200000,1686866399999,150.32168945,4700,760.93190000,49.64720523,0
1686866400000,0.06516000,0.06520000,0.06500000,0.06501000,1706.39240000,1686869999999,111.00692662,2622,410.40190000,26.71428762,0
1686870000000,0.06500000,0.06514000,0.06500000,0.06513000,1228.93160000,1686873599999,79.92899171,1855,278.43850000,18.11856296,0
1686873600000,0.06513000,0.06529000,0.06512000,0.06520000,1182.18670000,1686877199999,77.09636478,2532,591.27150000,38.55592645,0
1686877200000,0.06520000,0.06529000,0.06516000,0.06517000,358.45040000,1686880799999,23.38198708,758,125.81370000,8.20797356,0
1686880800000,0.06518000,0.06523000,0.06516000,0.06521000,720.01100000,1686884399999,46.95618111,856,373.74840000,24.37469752,0
1686884400000,0.06520000,0.06522000,0.06517000,0.06520000,349.60220000,1686887999999,22.79387052,622,155.93270000,10.16782510,0
1686888000000,0.06521000,0.06533000,0.06520000,0.06533000,765.77230000,1686891599999,49.98114879,1209,355.91090000,23.23050524,0
1686891600000,0.06533000,0.06556000,0.06532000,0.06545000,730.33870000,1686895199999,47.82310978,2490,311.09780000,20.36724564,0
1686895200000,0.06545000,0.06547000,0.06534000,0.06536000,394.52750000,1686898799999,25.80131172,923,209.24280000,13.68531244,0
1686898800000,0.06536000,0.06550000,0.06529000,0.06543000,588.30420000,1686902399999,38.46554251,1333,293.75540000,19.21207704,0
1686902400000,0.06542000,0.06545000,0.06534000,0.06538000,654.07800000,1686905999999,42.78010562,1155,179.30950000,11.72811324,0
1686906000000,0.06539000,0.06539000,0.06523000,0.06525000,809.19200000,1686909599999,52.83273896,1539,319.48100000,20.85874258,0
1686909600000,0.06525000,0.06535000,0.06525000,0.06534000,342.84280000,1686913199999,22.38700848,1560,210.92490000,13.77412269,0
1686913200000,0.06535000,0.06543000,0.06529000,0.06533000,1677.33080000,1686916799999,109.66411246,1492,519.25210000,33.93502611,0
1686916800000,0.06533000,0.06534000,0.06522000,0.06523000,384.65880000,1686920399999,25.11548068,857,167.95450000,10.96693906,0
1686920400000,0.06523000,0.06532000,0.06518000,0.06523000,1685.97220000,1686923999999,109.94965703,1647,1006.40710000,65.63049435,0
1686924000000,0.06524000,0.06552000,0.06518000,0.06524000,3272.22870000,1686927599999,213.72295899,3823,2262.97220000,147.80987264,0
1686927600000,0.06524000,0.06527000,0.06501000,0.06512000,4927.68770000,1686931199999,320.75187668,11729,1707.90730000,111.18803460,0
1686931200000,0.06512000,0.06516000,0.06494000,0.06495000,2750.85970000,1686934799999,178.86335166,5806,660.71240000,42.98214024,0
1686934800000,0.06495000,0.06505000,0.06450000,0.06451000,4370.97560000,1686938399999,282.85554155,13800,1690.71580000,109.46006597,0
1686938400000,0.06451000,0.06529000,0.06446000,0.06515000,3728.33320000,1686941999999,242.01121429,8920,1792.11860000,116.35882085,0
1686942000000,0.06514000,0.06527000,0.06507000,0.06527000,481.25250000,1686945599999,31.37083415,1164,228.80660000,14.91542166,0
1686945600000,0.06527000,0.06546000,0.06520000,0.06539000,1280.65070000,1686949199999,83.69641847,2691,712.39280000,46.55273730,0
1686949200000,0.06540000,0.06544000,0.06523000,0.06530000,482.04720000,1686952799999,31.50254213,1266,231.95290000,15.15853357,0
1686952800000,0.06530000,0.06531000,0.06517000,0.06524000,414.61340000,1686956399999,27.03898202,891,230.70180000,15.04501823,0
1686956400000,0.06523000,0.06524000,0.06516000,0.06522000,272.14440000,1686959999999,17.74260102,743,111.14260000,7.24642582,0
1686960000000,0.06522000,0.06525000,0.06514000,0.06523000,294.21630000,1686963599999,19.18306740,820,191.91010000,12.51306027,0
1686963600000,0.06524000,0.06547000,0.06523000,0.06547000,338.73800000,1686967199999,22.13890385,964,171.03280000,11.17441486,0
1686967200000,0.06547000,0.06553000,0.06545000,0.06549000,675.63060000,1686970799999,44.24052552,1526,354.78580000,23.23296989,0
1686970800000,0.06549000,0.06552000,0.06545000,0.06546000,288.78290000,1686974399999,18.91164051,608,111.24090000,7.28424915,0
1686974400000,0.06546000,0.06556000,0.06544000,0.06552000,793.66190000,1686977999999,51.97976580,988,481.84540000,31.55863284,0
1686978000000,0.06553000,0.06604000,0.06534000,0.06592000,3742.28460000,1686981599999,246.21315117,9146,2134.52580000,140.43730790,0
1686981600000,0.06592000,0.06593000,0.06553000,0.06555000,1157.01000000,1686985199999,76.05611668,2735,416.90630000,27.40143758,0
1686985200000,0.06555000,0.06567000,0.06550000,0.06559000,525.76660000,1686988799999,34.47265117,1113,319.58440000,20.95466554,0
1686988800000,0.06559000,0.06561000,0.06551000,0.06557000,475.41300000,1686992399999,31.16590163,926,285.41140000,18.71094484,0
1686992400000,0.06557000,0.06563000,0.06555000,0.06556000,397.03920000,1686995999999,26.03962969,792,211.49980000,13.87086809,0
1686996000000,0.06556000,0.06563000,0.06552000,0.06559000,392.02020000,1686999599999,25.70926101,857,210.97430000,13.83697616,0
1686999600000,0.06558000,0.06562000,0.06545000,0.06559000,687.69460000,1687003199999,45.07630486,1395,364.71910000,23.90525614,0
1687003200000,0.06558000,0.06562000,0.06550000,0.06558000,870.49410000,1687006799999,57.06894543,1311,437.12980000,28.65977747,0
1687006800000,0.06559000,0.06562000,0.06552000,0.06552000,438.25940000,1687010399999,28.74131825,717,231.93580000,15.21243080,0
1687010400000,0.06553000,0.06553000,0.06544000,0.06548000,467.67690000,1687013999999,30.62702224,891,236.65340000,15.49939379,0
1687014000000,0.06548000,0.06558000,0.06533000,0.06544000,1280.52540000,1687017599999,83.78753136,2207,829.71370000,54.28545131,0
1687017600000,0.06543000,0.06545000,0.06533000,0.06535000,365.09720000,1687021199999,23.87100366,1143,204.60200000,13.37657348,0
1687021200000,0.06535000,0.06536000,0.06521000,0.06524000,613.78430000,1687024799999,40.06532353,2398,321.40880000,20.98201371,0
1687024800000,0.06524000,0.06529000,0.06524000,0.06526000,300.31770000,1687028399999,19.60139054,599,176.88100000,11.54474854,0
1687028400000,0.06526000,0.06527000,0.06517000,0.06527000,334.77090000,1687031999999,21.83081675,1078,146.07170000,9.52563910,0
1687032000000,0.06526000,0.06526000,0.06509000,0.06514000,495.86930000,1687035599999,32.30988230,1444,235.48030000,15.34413921,0
1687035600000,0.06513000,0.06523000,0.06512000,0.06518000,323.65920000,1687039199999,21.10074084,574,192.94100000,12.57959742,0
1687039200000,0.06517000,0.06519000,0.06514000,0.06515000,111.95450000,1687042799999,7.29651662,518,66.81820000,4.35514864,0
1687042800000,0.06515000,0.06525000,0.06513000,0.06515000,338.63500000,1687046399999,22.07232933,699,255.60480000,16.66193678,0
1687046400000,0.06516000,0.06524000,0.06511000,0.06522000,380.68220000,1687049999999,24.81292186,738,185.88500000,12.11466754,0
1687050000000,0.06522000,0.06524000,0.06519000,0.06522000,280.43360000,1687053599999,18.28875968,466,95.64610000,6.23763391,0
1687053600000,0.06522000,0.06522000,0.06516000,0.06516000,356.55260000,1687057199999,23.24317907,438,180.01670000,11.73506818,0
1687057200000,0.06517000,0.06519000,0.06513000,0.06514000,302.86770000,1687060799999,19.73632152,494,202.46150000,13.19340769,0
1687060800000,0.06513000,0.06522000,0.06512000,0.06519000,143.99030000,1687064399999,9.38371915,337,93.78850000,6.11196287,0
1687064400000,0.06519000,0.06525000,0.06509000,0.06510000,440.42810000,1687067999999,28.69827423,776,249.95770000,16.28829492,0
1687068000000,0.06510000,0.06514000,0.06507000,0.06509000,873.03920000,1687071599999,56.83612470,911,285.46060000,18.58404234,0
1687071600000,0.06509000,0.06513000,0.06500000,0.06508000,735.96310000,1687075199999,47.89039410,1526,328.92440000,21.40190370,0
1687075200000,0.06508000,0.06523000,0.06508000,0.06523000,381.55630000,1687078799999,24.85817294,736,230.54690000,15.02228884,0
1687078800000,0.06522000,0.06535000,0.06521000,0.06534000,266.68780000,1687082399999,17.40962509,829,153.99840000,10.05197088,0
1687082400000,0.06535000,0.06541000,0.06533000,0.06534000,596.33520000,1687085999999,38.97982216,936,358.00610000,23.40136450,0
1687086000000,0.06535000,0.06546000,0.06534000,0.06545000,557.40410000,1687089599999,36.45225383,1534,309.90050000,20.26496830,0
1687089600000,0.06545000,0.06547000,0.06535000,0.06542000,675.30360000,1687093199999,44.18450886,1017,389.38280000,25.47992972,0
1687093200000,0.06543000,0.06553000,0.06542000,0.06544000,457.26430000,1687096799999,29.93733006,1699,229.84480000,15.04760567,0
1687096800000,0.06543000,0.06556000,0.06543000,0.06555000,397.54060000,1687100399999,26.03505721,942,229.37120000,15.02097469,0
1687100400000,0.06555000,0.06557000,0.06543000,0.06544000,530.33540000,1687103999999,34.73300629,963,198.89270000,13.02646385,0
1687104000000,0.06543000,0.06562000,0.06543000,0.06553000,612.14420000,1687107599999,40.09815646,1507,339.75050000,22.26017913,0
1687107600000,0.06553000,0.06560000,0.06551000,0.06556000,770.11830000,1687111199999,50.49009613,1348,379.99050000,24.91574877,0
1687111200000,0.06555000,0.06555000,0.06533000,0.06538000,668.57880000,1687114799999,43.73018090,1097,322.84450000,21.11389598,0
1687114800000,0.06538000,0.06538000,0.06533000,0.06534000,413.26250000,1687118399999,27.01330907,572,59.11530000,3.86389191,0
1687118400000,0.06534000,0.06538000,0.06520000,0.06535000,823.55230000,1687121999999,53.76459485,1722,401.54500000,26.21594410,0
1687122000000,0.06535000,0.06538000,0.06520000,0.06530000,407.52640000,1687125599999,26.61523829,771,184.10340000,12.02017883,0
1687125600000,0.06530000,0.06537000,0.06524000,0.06525000,275.29980000,1687129199999,17.97825890,513,129.30340000,8.44313476,0
1687129200000,0.06525000,0.06534000,0.06515000,0.06534000,661.30700000,1687132799999,43.12839589,1321,343.27600000,22.38833625,0
1687132800000,0.06533000,0.06541000,0.06526000,0.06534000,583.12380000,1687136399999,38.09767448,1028,198.30090000,12.95687360,0
1687136400000,0.06534000,0.06534000,0.06525000,0.06526000,260.64610000,1687139999999,17.02045428,468,125.98540000,8.22713640,0
1687140000000,0.06526000,0.06534000,0.06522000,0.06531000,229.58120000,1687143599999,14.98696877,467,172.40390000,11.25378417,0
1687143600000,0.06530000,0.06533000,0.06528000,0.06530000,555.44760000,1687147199999,36.27844406,780,221.65580000,14.47622602,0
1687147200000,0.06530000,0.06532000,0.06520000,0.06524000,379.75810000,1687150799999,24.78440224,740,187.23710000,12.22116173,0
1687150800000,0.06523000,0.06527000,0.06523000,0.06526000,286.49270000,1687154399999,18.69365451,629,144.07100000,9.40157753,0
1687154400000,0.06526000,0.06530000,0.06525000,0.06526000,258.55010000,1687157999999,16.87741320,550,155.26510000,10.13557794,0
1687158000000,0.06525000,0.06531000,0.06524000,0.06527000,364.45890000,1687161599999,23.78843171,616,282.12260000,18.41426955,0
1687161600000,0.06527000,0.06527000,0.06520000,0.06522000,524.50230000,1687165199999,34.21520978,948,283.33620000,18.48531016,0
1687165200000,0.06521000,0.06530000,0.06521000,0.06530000,369.94750000,1687168799999,24.14215219,650,159.17420000,10.38641908,0
1687168800000,0.06530000,0.06534000,0.06525000,0.06526000,483.92400000,1687172399999,31.60599258,777,224.62420000,14.67032174,0
1687172400000,0.06525000,0.06529000,0.06522000,0.06525000,291.78230000,1687175999999,19.03940608,646,181.55430000,11.84702133,0
1687176000000,0.06525000,0.06530000,0.06516000,0.06523000,521.34370000,1687179599999,34.00774690,1055,186.14320000,12.14358810,0
1687179600000,0.06523000,0.06536000,0.06514000,0.06515000,650.25190000,1687183199999,42.41716960,1083,354.01460000,23.09627342,0
1687183200000,0.06514000,0.06517000,0.06505000,0.06512000,890.68150000,1687186799999,57.98128397,1844,373.53150000,24.31718761,0
1687186800000,0.06511000,0.06515000,0.06503000,0.06509000,688.77270000,1687190399999,44.82082967,1157,150.40310000,9.78903461,0
1687190400000,0.06508000,0.06509000,0.06467000,0.06480000,3195.04770000,1687193999999,207.15947938,5379,1097.18300000,71.11426915,0
1687194000000,0.06481000,0.06496000,0.06479000,0.06486000,2655.61200000,1687197599999,172.26935236,1912,1989.94820000,129.08977741,0
1687197600000,0.06486000,0.06487000,0.06456000,0.06464000,1981.29250000,1687201199999,128.18182697,4258,851.48580000,55.08209609,0
1687201200000,0.06463000,0.06470000,0.06455000,0.06463000,888.16470000,1687204799999,57.38488396,1683,417.49790000,26.97583094,0
1687204800000,0.06463000,0.06476000,0.06448000,0.06476000,1494.67250000,1687208399999,96.50067994,2586,388.48570000,25.09826868,0
1687208400000,0.06476000,0.06477000,0.06466000,0.06468000,330.96390000,1687211999999,21.41622375,654,165.91210000,10.73637697,0
1687212000000,0.06469000,0.06481000,0.06469000,0.06479000,304.37860000,1687215599999,19.71801408,799,212.21420000,13.74795553,0
1687215600000,0.06479000,0.06490000,0.06471000,0.06471000,449.44990000,1687219199999,29.13012366,1034,218.26850000,14.15118352,0
1687219200000,0.06471000,0.06475000,0.06453000,0.06456000,1086.62850000,1687222799999,70.21829537,1694,450.79840000,29.13175027,0
1687222800000,0.06457000,0.06467000,0.06439000,0.06448000,2018.53110000,1687226399999,130.16487782,3099,1019.92770000,65.78062217,0
1687226400000,0.06448000,0.06455000,0.06444000,0.06447000,1023.02050000,1687229999999,65.98492811,965,388.94700000,25.08232610,0
1687230000000,0.06447000,0.06450000,0.06433000,0.06435000,1241.66630000,1687233599999,79.99446282,1786,389.98690000,25.12965036,0
1687233600000,0.06435000,0.06436000,0.06421000,0.06423000,2643.98940000,1687237199999,169.89388831,2438,571.09810000,36.69625095,0
1687237200000,0.06423000,0.06448000,0.06416000,0.06446000,708.30170000,1687240799999,45.53324144,1887,371.35940000,23.87858739,0
1687240800000,0.06444000,0.06454000,0.06441000,0.06454000,916.66020000,1687244399999,59.10342811,1132,603.22490000,38.89518106,0
1687244400000,0.06454000,0.06457000,0.06445000,0.06448000,326.98850000,1687247999999,21.09277082,781,160.25160000,10.33688814,0
1687248000000,0.06447000,0.06453000,0.06446000,0.06450000,1321.55010000,1687251599999,85.22136525,2044,269.20130000,17.36161051,0
1687251600000,0.06450000,0.06471000,0.06447000,0.06456000,1153.51110000,1687255199999,74.49826030,1605,714.36790000,46.15339083,0
1687255200000,0.06456000,0.06463000,0.06452000,0.06463000,354.77980000,1687258799999,22.91384063,643,202.58630000,13.08595707,0
1687258800000,0.06462000,0.06462000,0.06445000,0.06446000,572.54570000,1687262399999,36.93392200,785,181.22440000,11.69226621,0
1687262400000,0.06447000,0.06452000,0.06434000,0.06450000,846.24530000,1687265999999,54.53246256,1419,409.61950000,26.39890097,0
1687266000000,0.06449000,0.06449000,0.06424000,0.06427000,1913.61810000,1687269599999,123.13443592,1744,551.23860000,35.45868041,0
1687269600000,0.06428000,0.06436000,0.06420000,0.06425000,902.11270000,1687273199999,57.98289773,1821,486.08620000,31.24464783,0
1687273200000,0.06425000,0.06426000,0.06397600,0.06401000,1462.62550000,1687276799999,93.73981297,3368,365.33760000,23.41881141,0
1687276800000,0.06400000,0.06404000,0.06366600,0.06372000,3730.37610000,1687280399999,238.20327003,6509,1318.63430000,84.16013305,0
1687280400000,0.06373000,0.06400000,0.06350000,0.06366000,3474.99390000,1687283999999,221.44969926,6179,1179.73360000,75.13280908,0
1687284000000,0.06365000,0.06402000,0.06346600,0.06350000,2434.12370000,1687287599999,155.17630715,6326,1050.96480000,67.03085841,0
1687287600000,0.06350000,0.06378000,0.06348000,0.06368000,1289.41150000,1687291199999,82.07872552,2775,641.38690000,40.82526016,0
1687291200000,0.06369000,0.06380000,0.06338000,0.06340000,1094.95900000,1687294799999,69.63560627,2884,578.61450000,36.80992727,0
1687294800000,0.06339000,0.06346000,0.06305500,0.06317000,1726.37590000,1687298399999,109.16115027,5207,886.31480000,56.04913897,0
1687298400000,0.06319000,0.06331000,0.06318000,0.06328000,1141.93250000,1687301999999,72.24032646,1382,485.20420000,30.69204617,0
1687302000000,0.06328000,0.06343000,0.06316000,0.06330000,2558.80910000,1687305599999,161.91365210,2987,1230.83570000,77.90591260,0
1687305600000,0.06329000,0.06342000,0.06318000,0.06335000,1947.59440000,1687309199999,123.23321408,3692,1278.70060000,80.91144789,0
1687309200000,0.06335000,0.06342000,0.06276000,0.06283000,6850.42340000,1687312799999,431.37781607,9869,2431.19550000,153.01545596,0
1687312800000,0.06283000,0.06300000,0.06269000,0.06294000,3188.81130000,1687316399999,200.33372462,3669,1140.67390000,71.68408121,0
1687316400000,0.06292000,0.06312000,0.06292000,0.06311000,2300.72180000,1687319999999,144.97314939,2224,834.56430000,52.59373442,0
1687320000000,0.06311000,0.06316000,0.06302000,0.06311000,1821.07080000,1687323599999,114.88793501,2650,814.94770000,51.41291765,0
1687323600000,0.06312000,0.06314000,0.06285000,0.06288000,2847.90050000,1687327199999,179.39363897,3168,1236.00110000,77.86017162,0
1687327200000,0.06288000,0.06303000,0.06283000,0.06284000,2095.39800000,1687330799999,131.86205456,2398,1325.02810000,83.38364373,0
1687330800000,0.06284000,0.06285000,0.06273000,0.06280000,3174.49700000,1687334399999,199.28800410,2742,1946.47720000,122.19659328,0
1687334400000,0.06279000,0.06281000,0.06268000,0.06278000,2150.78800000,1687337999999,134.93421834,2348,913.92910000,57.33963834,0
1687338000000,0.06278000,0.06279000,0.06264000,0.06269000,1623.02070000,1687341599999,101.78790662,2150,353.94300000,22.19612436,0
1687341600000,0.06269000,0.06287000,0.06243000,0.06287000,4363.38460000,1687345199999,273.36989838,5838,1320.36290000,82.74292328,0
1687345200000,0.06287000,0.06324000,0.06284000,0.06324000,4763.81450000,1687348799999,300.08574494,5282,2015.83550000,126.98214547,0
1687348800000,0.06324000,0.06346000,0.06281000,0.06285000,4286.97970000,1687352399999,270.76185094,7185,1627.26140000,102.75519834,0
1687352400000,0.06285000,0.06289000,0.06247000,0.06258000,2430.20720000,1687355999999,152.30913022,4918,944.36840000,59.19870043,0
1687356000000,0.06257000,0.06283000,0.06241000,0.06242000,3085.87690000,1687359599999,193.17058849,5096,1240.33560000,77.67444577,0
1687359600000,0.06242000,0.06244000,0.06181000,0.06197000,6884.61300000,1687363199999,427.41747306,9064,2510.77080000,155.95206176,0
1687363200000,0.06198000,0.06239000,0.06165000,0.06201000,8970.07040000,1687366799999,556.41696361,13896,4006.08620000,248.43646651,0
1687366800000,0.06202000,0.06237000,0.06192000,0.06226000,3549.46730000,1687370399999,220.52791992,6793,1507.86070000,93.78868268,0
1687370400000,0.06226000,0.06237000,0.06206000,0.06227000,1624.07710000,1687373999999,101.05501725,3012,809.50440000,50.37513509,0
1687374000000,0.06227000,0.06252000,0.06226000,0.06249000,1400.28920000,1687377599999,87.39563802,3024,887.34900000,55.38209611,0
1687377600000,0.06249000,0.06282000,0.06249000,0.06269000,1134.51030000,1687381199999,71.10465684,4069,619.93490000,38.85553924,0
1687381200000,0.06268000,0.06290000,0.06268000,0.06275000,1102.39200000,1687384799999,69.24457171,2507,564.50060000,35.46323661,0
1687384800000,0.06276000,0.06292000,0.06271000,0.06287000,2056.36780000,1687388399999,129.08126740,1699,1519.49040000,95.38028685,0
1687388400000,0.06288000,0.06301000,0.06280000,0.06300000,2727.51930000,1687391999999,171.68676864,2931,527.15090000,33.17629366,0
1687392000000,0.06300000,0.06355000,0.06295000,0.06355000,4161.00320000,1687395599999,263.46841039,6985,1455.14820000,92.15985769,0
1687395600000,0.06355000,0.06374000,0.06341000,0.06342000,4537.67920000,1687399199999,288.73030124,4843,2530.43030000,161.03610749,0
1687399200000,0.06342000,0.06359000,0.06326000,0.06333000,3488.05190000,1687402799999,221.39281823,5142,1206.78230000,76.60870847,0
1687402800000,0.06334000,0.06340000,0.06328000,0.06332000,1054.23460000,1687406399999,66.78098031,1577,467.29070000,29.60626942,0
1687406400000,0.06332000,0.06342000,0.06326000,0.06326000,2299.49570000,1687409999999,145.67342760,2130,651.27920000,41.26312698,0
1687410000000,0.06326000,0.06329000,0.06308000,0.06311000,912.16330000,1687413599999,57.61990162,2563,447.79940000,28.28791295,0
1687413600000,0.06310000,0.06345000,0.06309000,0.06340000,1839.12950000,1687417199999,116.57147889,2226,471.77700000,29.89307120,0
1687417200000,0.06340000,0.06352000,0.06331000,0.06348000,894.35780000,1687420799999,56.74072596,1769,502.23720000,31.86761491,0
1687420800000,0.06349000,0.06350000,0.06335000,0.06339000,649.64000000,1687424399999,41.19991053,1391,281.45400000,17.85269524,0
1687424400000,0.06339000,0.06343000,0.06328000,0.06331000,766.94300000,1687427999999,48.57694987,1516,436.53610000,27.64632952,0
1687428000000,0.06330000,0.06331000,0.06314000,0.06316000,952.93770000,1687431599999,60.25104485,1789,365.53160000,23.11262574,0
1687431600000,0.06316000,0.06320000,0.06302000,0.06305000,2469.72150000,1687435199999,155.82742181,3617,1516.69900000,95.70411699,0
1687435200000,0.06305000,0.06307000,0.06298000,0.06300000,2222.08090000,1687438799999,140.08348757,2253,1737.23240000,109.52582709,0
1687438800000,0.06301000,0.06301000,0.06268000,0.06281000,2021.12670000,1687442399999,127.04718055,4116,1064.77300000,66.92491321,0
1687442400000,0.06280000,0.06319000,0.06269000,0.06294000,2465.45850000,1687445999999,155.02082925,5138,1328.84860000,83.54976770,0
1687446000000,0.06293000,0.06303000,0.06273000,0.06288000,1340.35660000,1687449599999,84.35440734,2929,628.51700000,39.55902012,0
1687449600000,0.06288000,0.06292000,0.06269000,0.06273000,950.07310000,1687453199999,59.64557634,2114,551.33950000,34.61263743,0
1687453200000,0.06273000,0.06280000,0.06258000,0.06269000,1213.22530000,1687456799999,76.05291259,2523,423.45470000,26.53712677,0
1687456800000,0.06270000,0.06281000,0.06263000,0.06264000,1114.93630000,1687460399999,69.96068753,1998,602.45650000,37.80608182,0
1687460400000,0.06264000,0.06274000,0.06253000,0.06255000,954.92820000,1687463999999,59.81483166,2065,543.41480000,34.04289828,0
1687464000000,0.06254000,0.06266000,0.06249000,0.06262000,1117.83380000,1687467599999,69.92323127,2271,737.05430000,46.11076040,0
1687467600000,0.06262000,0.06279000,0.06255000,0.06256000,912.11950000,1687471199999,57.17439541,2086,521.88710000,32.71225963,0
1687471200000,0.06256000,0.06263000,0.06251000,0.06252000,927.47130000,1687474799999,58.02720183,1817,585.28180000,36.61881377,0
1687474800000,0.06252000,0.06264000,0.06245000,0.06264000,857.85370000,1687478399999,53.65845015,1827,608.26360000,38.05210456,0
1687478400000,0.06264000,0.06269000,0.06250000,0.06253000,1220.57620000,1687481999999,76.38390223,1964,621.23170000,38.88415917,0
1687482000000,0.06253000,0.06270000,0.06252000,0.06269000,950.53140000,1687485599999,59.54729041,1644,628.00690000,39.34119210,0
1687485600000,0.06269000,0.06271000,0.06253000,0.06267000,897.23840000,1687489199999,56.17783236,2092,612.27010000,38.33634075,0
1687489200000,0.06267000,0.06274000,0.06264000,0.06272000,914.83760000,1687492799999,57.35733022,2197,609.44200000,38.21162351,0
1687492800000,0.06272000,0.06272000,0.06262000,0.06271000,961.36640000,1687496399999,60.25750485,2118,628.03020000,39.36495250,0
1687496400000,0.06271000,0.06280000,0.06265000,0.06270000,511.43760000,1687499999999,32.08125238,1366,353.53700000,22.17692757,0
1687500000000,0.06269000,0.06278000,0.06263000,0.06265000,1106.40540000,1687503599999,69.40673831,1253,298.63300000,18.72819368,0
1687503600000,0.06265000,0.06284000,0.06260000,0.06282000,419.50350000,1687507199999,26.30594128,1210,226.21820000,14.18647492,0
1687507200000,0.06282000,0.06286000,0.06278000,0.06280000,932.19280000,1687510799999,58.55206750,1427,543.72260000,34.15183824,0
1687510800000,0.06280000,0.06281000,0.06256000,0.06256000,992.30990000,1687514399999,62.23881315,1935,478.60370000,30.02482347,0
1687514400000,0.06255000,0.06261000,0.06243000,0.06248000,963.47190000,1687517999999,60.22491203,2616,544.08300000,34.01279747,0
1687518000000,0.06248000,0.06249000,0.06236000,0.06236000,448.65270000,1687521599999,28.01511765,1580,213.32980000,13.32306822,0
1687521600000,0.06237000,0.06240000,0.06223000,0.06223000,1324.30640000,1687525199999,82.50575893,2835,751.29500000,46.81285247,0
1687525200000,0.06224000,0.06234000,0.06220000,0.06227000,1091.16880000,1687528799999,67.93331278,1960,726.39460000,45.22740790,0
1687528800000,0.06227000,0.06230000,0.06214000,0.06222000,2398.86300000,1687532399999,149.27549196,2784,950.92160000,59.17125481,0
1687532400000,0.06222000,0.06223000,0.06108000,0.06137000,9188.15000000,1687535999999,566.06785953,15100,4474.29700000,275.68516771,0
1687536000000,0.06138000,0.06198000,0.06137000,0.06157000,4446.02490000,1687539599999,274.22567536,9322,2251.83700000,138.88152993,0
1687539600000,0.06157000,0.06186000,0.06150000,0.06157000,2149.85240000,1687543199999,132.54171918,3683,1323.46700000,81.62834836,0
1687543200000,0.06158000,0.06174000,0.06154000,0.06170000,1156.67450000,1687546799999,71.29746016,2250,625.24260000,38.54989588,0
1687546800000,0.06169000,0.06186000,0.06147000,0.06154000,7022.38510000,1687550399999,433.26977516,5947,1873.02140000,115.67044846,0
1687550400000,0.06155000,0.06169000,0.06151000,0.06164000,762.49120000,1687553999999,46.96631874,1360,440.75790000,27.14588210,0
1687554000000,0.06165000,0.06168000,0.06139000,0.06145000,2626.89130000,1687557599999,161.74099190,2812,1386.97430000,85.42306318,0
1687557600000,0.06145000,0.06177000,0.06144000,0.06168000,1243.18560000,1687561199999,76.65073181,1968,789.93910000,48.70610776,0
1687561200000,0.06168000,0.06182000,0.06166000,0.06168000,432.97590000,1687564799999,26.74195377,1211,304.62860000,18.81542593,0
1687564800000,0.06168000,0.06178000,0.06159000,0.06173000,682.02210000,1687568399999,42.06977194,1472,488.31260000,30.12624446,0
1687568400000,0.06172000,0.06181000,0.06169000,0.06173000,1043.61170000,1687571999999,64.42746631,1300,595.49620000,36.76081094,0
1687572000000,0.06173000,0.06175000,0.06154000,0.06163000,1414.02410000,1687575599999,87.13130211,1446,595.39390000,36.68967739,0
1687575600000,0.06164000,0.06168000,0.06159000,0.06165000,938.44310000,1687579199999,57.84439057,1313,679.79080000,41.90195141,0
1687579200000,0.06165000,0.06176000,0.06158000,0.06166000,2412.02300000,1687582799999,148.83830981,2460,1759.82300000,108.60878301,0
1687582800000,0.06166000,0.06173000,0.06163000,0.06168000,1430.64980000,1687586399999,88.25363543,1489,303.95270000,18.74712375,0
1687586400000,0.06167000,0.06170000,0.06152000,0.06153000,2446.97280000,1687589999999,150.81649005,2353,680.88140000,41.96311444,0
1687590000000,0.06152000,0.06162000,0.06149000,0.06160000,394.02460000,1687593599999,24.24793239,1463,196.39970000,12.08833922,0
1687593600000,0.06160000,0.06175000,0.06158000,0.06170000,2210.41390000,1687597199999,136.31934736,1731,985.97640000,60.80241528,0
1687597200000,0.06170000,0.06172000,0.06163000,0.06169000,741.61110000,1687600799999,45.74847809,931,193.60420000,11.94140908,0
1687600800000,0.06168000,0.06169000,0.06155000,0.06158000,310.53140000,1687604399999,19.13526922,1036,155.22700000,9.56692040,0
1687604400000,0.06158000,0.06165000,0.06155000,0.06163000,269.86080000,1687607999999,16.62745513,878,144.98910000,8.93338026,0
1687608000000,0.06162000,0.06191000,0.06162000,0.06178000,885.55330000,1687611599999,54.72268263,1945,610.85180000,37.74860470,0
1687611600000,0.06177000,0.06182000,0.06169000,0.06175000,1133.12480000,1687615199999,69.95670845,1746,429.56300000,26.52029338,0
1687615200000,0.06175000,0.06175000,0.06165000,0.06169000,1041.08480000,1687618799999,64.24821524,1426,340.22680000,20.99539494,0
1687618800000,0.06169000,0.06183000,0.06155000,0.06165000,802.30450000,1687622399999,49.47313842,2665,450.14180000,27.76115445,0
1687622400000,0.06164000,0.06175000,0.06153000,0.06154000,572.20150000,1687625999999,35.26331707,2180,322.28430000,19.86359207,0
1687626000000,0.06154000,0.06158000,0.06145000,0.06157000,512.20090000,1687629599999,31.50890801,1363,199.57050000,12.27632159,0
1687629600000,0.06156000,0.06157000,0.06146000,0.06157000,308.00580000,1687633199999,18.94613539,1190,133.16470000,8.19216192,0
1687633200000,0.06157000,0.06165000,0.06154000,0.06164000,746.92550000,1687636799999,46.01254826,1030,559.00270000,34.43637191,0
1687636800000,0.06163000,0.06166000,0.06147000,0.06152000,607.60130000,1687640399999,37.40288111,1083,208.31660000,12.82083308,0
1687640400000,0.06153000,0.06154000,0.06128000,0.06146000,782.63470000,1687643999999,48.03427470,2357,347.49590000,21.32591108,0
1687644000000,0.06146000,0.06149000,0.06139000,0.06145000,254.85600000,1687647599999,15.65838733,792,152.04420000,9.34227916,0
1687647600000,0.06145000,0.06147000,0.06137000,0.06141000,407.82480000,1687651199999,25.04659870,999,212.37650000,13.04313563,0
1687651200000,0.06141000,0.06146000,0.06136000,0.06138000,563.04950000,1687654799999,34.57636944,1138,215.02970000,13.20762208,0
1687654800000,0.06138000,0.06142000,0.06132000,0.06137000,472.63830000,1687658399999,29.00815734,1022,198.95740000,12.21181352,0
1687658400000,0.06138000,0.06153000,0.06132000,0.06152000,716.97420000,1687661999999,44.02381352,1574,492.98080000,30.26874008,0
1687662000000,0.06152000,0.06164000,0.06143000,0.06163000,1067.52360000,1687665599999,65.69266025,1484,568.66920000,34.99596217,0
1687665600000,0.06164000,0.06191000,0.06154000,0.06172000,1763.33530000,1687669199999,108.86208394,3811,883.00590000,54.50699155,0
1687669200000,0.06173000,0.06210000,0.06172000,0.06196000,1756.37000000,1687672799999,108.78854718,3461,1257.81910000,77.89227230,0
1687672800000,0.06197000,0.06244000,0.06197000,0.06222000,3007.37900000,1687676399999,187.30333346,5807,1398.95310000,87.11143373,0
1687676400000,0.06222000,0.06230000,0.06217000,0.06223000,1697.08320000,1687679999999,105.60049437,2642,679.29630000,42.27240007,0
1687680000000,0.06222000,0.06248000,0.06222000,0.06235000,3233.76840000,1687683599999,201.66656696,3935,1009.53110000,62.95287231,0
1687683600000,0.06235000,0.06257000,0.06230000,0.06254000,2384.20990000,1687687199999,148.79897657,3234,934.46740000,58.35838694,0
1687687200000,0.06254000,0.06272000,0.06253000,0.06256000,3934.18360000,1687690799999,246.28412966,4470,1496.32760000,93.67220955,0
1687690800000,0.06256000,0.06258000,0.06244000,0.06245000,1458.62760000,1687694399999,91.21427672,2260,529.02860000,33.08250108,0
1687694400000,0.06245000,0.06250000,0.06230000,0.06238000,1750.62620000,1687697999999,109.18415018,2046,827.48310000,51.61084335,0
1687698000000,0.06238000,0.06239000,0.06213000,0.06213000,1209.49780000,1687701599999,75.28125617,3108,546.64790000,34.02660736,0
1687701600000,0.06213000,0.06214000,0.06181000,0.06187000,3156.52930000,1687705199999,195.60280740,5601,1050.05080000,65.04958680,0
1687705200000,0.06186000,0.06186000,0.06163000,0.06170000,1404.31400000,1687708799999,86.68891117,3173,608.10490000,37.54261659,0
1687708800000,0.06170000,0.06192000,0.06166000,0.06186000,1820.06670000,1687712399999,112.43495782,1719,1655.31590000,102.25023327,0
1687712400000,0.06185000,0.06201000,0.06181000,0.06200000,630.93870000,1687715999999,39.03220307,1266,409.74420000,25.34952356,0
1687716000000,0.06201000,0.06220000,0.06199000,0.06220000,1511.89420000,1687719599999,93.83768795,2678,1285.79150000,79.79434450,0
1687719600000,0.06219000,0.06226000,0.06208000,0.06225000,1021.16820000,1687723199999,63.49183758,1836,712.63090000,44.31355580,0
1687723200000,0.06226000,0.06237000,0.06223000,0.06234000,733.40140000,1687726799999,45.69393578,1906,339.16060000,21.13088267,0
1687726800000,0.06234000,0.06237000,0.06219000,0.06225000,298.65010000,1687730399999,18.59526750,782,161.25390000,10.04084258,0
1687730400000,0.06225000,0.06243000,0.06222000,0.06231000,522.34870000,1687733999999,32.55814566,1242,280.78110000,17.50493831,0
1687734000000,0.06231000,0.06240000,0.06230000,0.06233000,328.90230000,1687737599999,20.50987615,651,214.09310000,13.35067203,0
1687737600000,0.06233000,0.06234000,0.06211000,0.06213000,875.25500000,1687741199999,54.45426226,1590,395.58730000,24.60991421,0
1687741200000,0.06213000,0.06232000,0.06207000,0.06218000,2838.03780000,1687744799999,176.38864165,3077,848.70370000,52.76564419,0
1687744800000,0.06218000,0.06219000,0.06208000,0.06215000,606.17860000,1687748399999,37.66766626,1023,297.96140000,18.51523712,0
1687748400000,0.06215000,0.06215000,0.06201000,0.06205000,2339.41050000,1687751999999,145.24829721,1540,1461.89510000,90.77386056,0
1687752000000,0.06205000,0.06209000,0.06200000,0.06209000,465.78140000,1687755599999,28.89743028,917,191.12160000,11.85784505,0
1687755600000,0.06209000,0.06215000,0.06203000,0.06215000,442.57230000,1687759199999,27.47981124,691,264.62100000,16.43161689,0
1687759200000,0.06214000,0.06228000,0.06210000,0.06220000,977.73110000,1687762799999,60.76301056,1364,435.73430000,27.08309961,0
1687762800000,0.06220000,0.06233000,0.06216000,0.06225000,919.96960000,1687766399999,57.27584150,2218,490.66320000,30.55138969,0
1687766400000,0.06225000,0.06231000,0.06221000,0.06222000,1173.02690000,1687769999999,73.04627016,1484,791.30540000,49.28303340,0
1687770000000,0.06222000,0.06236000,0.06217000,0.06226000,900.80190000,1687773599999,56.06863030,1461,341.45410000,21.25451400,0
1687773600000,0.06225000,0.06226000,0.06201000,0.06202000,2104.99510000,1687777199999,130.89335031,2633,562.35020000,34.93489397,0
1687777200000,0.06202000,0.06203000,0.06197000,0.06203000,2239.85790000,1687780799999,138.86864875,2168,1579.27360000,97.91925520,0
1687780800000,0.06203000,0.06208000,0.06197000,0.06208000,553.96170000,1687784399999,34.35311459,1159,387.99510000,24.06213412,0
1687784400000,0.06208000,0.06223000,0.06197000,0.06219000,992.05570000,1687787999999,61.63175675,1793,548.13230000,34.05218800,0
1687788000000,0.06220000,0.06225000,0.06183000,0.06196000,1808.95290000,1687791599999,112.15348536,3342,1095.24490000,67.86880983,0
1687791600000,0.06197000,0.06217000,0.06196000,0.06210000,400.23440000,1687795199999,24.84740155,1482,252.07670000,15.64833508,0
1687795200000,0.06210000,0.06218000,0.06154000,0.06155000,3133.95270000,1687798799999,193.63682069,5870,1328.63350000,82.12089671,0
1687798800000,0.06155000,0.06156000,0.06136000,0.06138000,2222.68510000,1687802399999,136.63460794,4155,1166.32260000,71.70218918,0
1687802400000,0.06139000,0.06143000,0.06126000,0.06127000,970.82220000,1687805999999,59.54292107,2301,443.82180000,27.22082169,0
1687806000000,0.06127000,0.06134000,0.06121000,0.06129000,990.48310000,1687809599999,60.68200721,1729,531.68040000,32.58120661,0
1687809600000,0.06129000,0.06143000,0.06128000,0.06139000,577.55500000,1687813199999,35.44474425,1155,394.02530000,24.18276908,0
1687813200000,0.06139000,0.06144000,0.06132000,0.06139000,399.81400000,1687816799999,24.54652288,1139,227.26370000,13.95338161,0
1687816800000,0.06139000,0.06151000,0.06135000,0.06151000,676.65500000,1687820399999,41.57279447,1219,456.01010000,28.01689173,0
1687820400000,0.06151000,0.06151000,0.06134000,0.06142000,370.68330000,1687823999999,22.76290922,889,223.70340000,13.73568382,0
1687824000000,0.06142000,0.06143000,0.06132000,0.06135000,1342.99340000,1687827599999,82.41879671,1442,793.62390000,48.70283720,0
1687827600000,0.06135000,0.06149000,0.06129000,0.06137000,740.37870000,1687831199999,45.44618520,1145,375.32320000,23.04017844,0
1687831200000,0.06136000,0.06154000,0.06132000,0.06154000,650.72060000,1687834799999,39.94246921,1337,313.69010000,19.25657518,0
1687834800000,0.06154000,0.06166000,0.06149000,0.06165000,1249.53110000,1687838399999,76.94991533,1763,915.30660000,56.36686280,0
1687838400000,0.06165000,0.06170000,0.06162000,0.06165000,322.90730000,1687841999999,19.91219436,914,163.55510000,10.08498325,0
1687842000000,0.06165000,0.06166000,0.06157000,0.06161000,426.50390000,1687845599999,26.27485209,883,185.98220000,11.45839103,0
1687845600000,0.06161000,0.06168000,0.06156000,0.06165000,370.29770000,1687849199999,22.81637060,782,246.83060000,15.20767655,0
1687849200000,0.06165000,0.06174000,0.06162000,0.06167000,747.67010000,1687852799999,46.12291397,1701,280.21530000,17.28803311,0
1687852800000,0.06167000,0.06182000,0.06166000,0.06174000,488.55470000,1687856399999,30.17319326,1677,268.34110000,16.57616511,0
1687856400000,0.06174000,0.06179000,0.06170000,0.06173000,192.17800000,1687859999999,11.86415896,765,107.44670000,6.63326492,0
1687860000000,0.06173000,0.06173000,0.06142000,0.06143000,662.40990000,1687863599999,40.77202260,2276,282.87160000,17.41133225,0
1687863600000,0.06142000,0.06144000,0.06121000,0.06125000,962.05810000,1687867199999,58.98453475,2876,395.06030000,24.22349033,0
1687867200000,0.06125000,0.06140000,0.06120000,0.06135000,475.08810000,1687870799999,29.12435265,1432,290.22190000,17.78883404,0
1687870800000,0.06135000,0.06144000,0.06130000,0.06142000,568.71610000,1687874399999,34.90784418,1170,374.97400000,23.01756323,0
1687874400000,0.06141000,0.06142000,0.06110000,0.06115000,1595.96880000,1687877999999,97.65292102,3054,781.64080000,47.82611200,0
1687878000000,0.06116000,0.06138000,0.06112000,0.06135000,1287.02240000,1687881599999,78.82576449,1939,572.27140000,35.05633831,0
1687881600000,0.06135000,0.06219000,0.06134000,0.06217000,3029.79460000,1687885199999,187.54788222,5970,1816.10640000,112.35189033,0
1687885200000,0.06217000,0.06230000,0.06175000,0.06187000,2294.27880000,1687888799999,142.36813635,4211,988.58190000,61.38666306,0
1687888800000,0.06187000,0.06192000,0.06181000,0.06182000,458.70710000,1687892399999,28.38148277,931,185.77850000,11.49550357,0
1687892400000,0.06182000,0.06193000,0.06176000,0.06179000,375.51420000,1687895999999,23.21899668,778,207.63430000,12.83952936,0
1687896000000,0.06179000,0.06182000,0.06168000,0.06174000,578.93760000,1687899599999,35.73742242,1364,201.11970000,12.41205296,0
1687899600000,0.06173000,0.06179000,0.06165000,0.06171000,856.82620000,1687903199999,52.87439520,1525,446.00540000,27.52327249,0
1687903200000,0.06171000,0.06173000,0.06162000,0.06166000,678.78910000,1687906799999,41.85942296,1253,215.71720000,13.30339854,0
1687906800000,0.06166000,0.06170000,0.06146000,0.06156000,1424.93230000,1687910399999,87.71468069,3992,597.21630000,36.76499985,0
1687910400000,0.06157000,0.06158000,0.06119000,0.06126000,1903.81560000,1687913999999,116.81986057,4181,1028.51990000,63.11508071,0
1687914000000,0.06126000,0.06133000,0.06120000,0.06132000,957.11040000,1687917599999,58.62772623,1219,603.15710000,36.94767505,0
1687917600000,0.06132000,0.06135000,0.06112000,0.06120000,809.11560000,1687921199999,49.54135850,1646,392.99230000,24.06362012,0
1687921200000,0.06119000,0.06131000,0.06118000,0.06130000,304.18870000,1687924799999,18.63378751,682,180.50400000,11.05671232,0
1687924800000,0.06130000,0.06136000,0.06125000,0.06129000,475.35520000,1687928399999,29.14245495,909,219.73430000,13.47403256,0
1687928400000,0.06129000,0.06139000,0.06127000,0.06134000,539.08120000,1687931999999,33.05401908,820,363.08370000,22.25953848,0
1687932000000,0.06133000,0.06134000,0.06118000,0.06126000,685.97640000,1687935599999,42.02546521,1076,176.69660000,10.83042402,0
1687935600000,0.06125000,0.06144000,0.06125000,0.06131000,1645.65290000,1687939199999,100.94752800,2147,699.36190000,42.89870362,0
1687939200000,0.06132000,0.06143000,0.06132000,0.06136000,598.46160000,1687942799999,36.73026769,1325,287.99210000,17.67591898,0
1687942800000,0.06135000,0.06144000,0.06133000,0.06141000,599.87050000,1687946399999,36.83034035,1136,387.52380000,23.79423494,0
1687946400000,0.06141000,0.06144000,0.06137000,0.06142000,267.99590000,1687949999999,16.45358303,701,106.82660000,6.55936307,0
1687950000000,0.06142000,0.06143000,0.06134000,0.06140000,252.32110000,1687953599999,15.48656181,729,137.84480000,8.46035778,0
1687953600000,0.06140000,0.06160000,0.06139000,0.06155000,1220.90060000,1687957199999,75.06148406,2098,871.81360000,53.60155921,0
1687957200000,0.06155000,0.06159000,0.06144000,0.06148000,553.03430000,1687960799999,34.02023767,1416,245.01470000,15.07371080,0
1687960800000,0.06148000,0.06149000,0.06126000,0.06128000,661.82310000,1687964399999,40.62001450,1616,285.68030000,17.53525203,0
1687964400000,0.06128000,0.06131000,0.06112000,0.06116000,697.18280000,1687967999999,42.66600721,1572,274.84250000,16.82344315,0
1687968000000,0.06116000,0.06136000,0.06114000,0.06131000,1695.53500000,1687971599999,103.81891934,1441,779.93880000,47.77710963,0
1687971600000,0.06131000,0.06144000,0.06119000,0.06130000,1340.38660000,1687975199999,82.20136268,1760,399.23480000,24.48575434,0
1687975200000,0.06130000,0.06130000,0.06115000,0.06118000,332.00210000,1687978799999,20.32467541,809,104.80570000,6.41839129,0
1687978800000,0.06117000,0.06119000,0.06083600,0.06089000,2198.46820000,1687982399999,134.10792923,4467,694.12300000,42.33304619,0
1687982400000,0.06089000,0.06096000,0.06080000,0.06084000,1982.45220000,1687985999999,120.72426931,1806,536.31120000,32.65635741,0
1687986000000,0.06084000,0.06086000,0.06068000,0.06073000,805.50810000,1687989599999,48.94739282,1737,375.53390000,22.82058208,0
1687989600000,0.06073000,0.06077000,0.06067000,0.06071000,679.69080000,1687993199999,41.26537286,1013,334.84400000,20.33052143,0
1687993200000,0.06070000,0.06084000,0.06070000,0.06078000,377.42810000,1687996799999,22.94917965,872,263.97370000,16.05083552,0
1687996800000,0.06078000,0.06091000,0.06078000,0.06091000,443.38380000,1688000399999,26.97378096,826,241.91580000,14.71749906,0
1688000400000,0.06090000,0.06098000,0.06082000,0.06087000,621.65450000,1688003999999,37.85131719,1095,275.26290000,16.75937540,0
1688004000000,0.06086000,0.06088000,0.06081000,0.06083000,269.83590000,1688007599999,16.41815050,641,122.95510000,7.48183587,0
1688007600000,0.06083000,0.06093000,0.06082000,0.06092000,426.05220000,1688011199999,25.94122607,690,285.21140000,17.36677074,0
1688011200000,0.06092000,0.06097000,0.06088000,0.06088000,361.59930000,1688014799999,22.03276167,580,188.34070000,11.47703606,0
1688014800000,0.06089000,0.06093000,0.06084000,0.06090000,450.72890000,1688018399999,27.44543647,703,259.25640000,15.78928734,0
1688018400000,0.06089000,0.06090000,0.06081000,0.06081000,243.40570000,1688021999999,14.81181362,504,96.69230000,5.88404601,0
1688022000000,0.06081000,0.06096000,0.06070000,0.06088000,821.97130000,1688025599999,49.99422242,1697,458.93700000,27.92246939,0
1688025600000,0.06089000,0.06093000,0.06078000,0.06084000,453.39890000,1688029199999,27.57583069,869,262.39750000,15.95948425,0
1688029200000,0.06084000,0.06110000,0.06084000,0.06105000,1836.89690000,1688032799999,111.94540392,2033,1521.04560000,92.69442913,0
1688032800000,0.06104000,0.06106000,0.06069000,0.06086000,1422.33400000,1688036399999,86.54523911,2353,569.49130000,34.65384622,0
1688036400000,0.06087000,0.06109000,0.06084000,0.06097000,818.92890000,1688039999999,49.95154764,1821,475.47950000,28.99876025,0
1688040000000,0.06096000,0.06103000,0.06089000,0.06094000,440.81740000,1688043599999,26.87798392,943,228.41110000,13.92738435,0
1688043600000,0.06094000,0.06095000,0.06060000,0.06079000,5846.05160000,1688047199999,355.38943152,6560,4100.50790000,249.30533172,0
1688047200000,0.06079000,0.06087000,0.06070000,0.06073000,673.91660000,1688050799999,40.95750464,1272,330.55640000,20.09027787,0
1688050800000,0.06073000,0.06077000,0.06066000,0.06076000,544.02740000,1688054399999,33.03789069,964,355.72910000,21.60489728,0
1688054400000,0.06075000,0.06078000,0.06066000,0.06068000,287.65540000,1688057999999,17.46458689,708,135.06530000,8.19950912,0
1688058000000,0.06068000,0.06072000,0.06052400,0.06057000,1063.45330000,1688061599999,64.42950310,2279,360.65260000,21.85344363,0
1688061600000,0.06058000,0.06071000,0.06055000,0.06071000,392.51880000,1688065199999,23.79858477,860,205.58400000,12.46532544,0
1688065200000,0.06071000,0.06082000,0.06068000,0.06072000,556.92700000,1688068799999,33.83742860,986,250.85250000,15.23976995,0
1688068800000,0.06073000,0.06092000,0.06066000,0.06083000,435.45650000,1688072399999,26.48225532,1270,269.80010000,16.40851087,0
1688072400000,0.06082000,0.06089000,0.06080000,0.06086000,1233.69740000,1688075999999,75.06037880,1125,691.07150000,42.04617985,0
1688076000000,0.06087000,0.06091000,0.06085000,0.06089000,246.04670000,1688079599999,14.97703571,475,141.05940000,8.58694447,0
1688079600000,0.06089000,0.06089000,0.06081000,0.06084000,272.64380000,1688083199999,16.58972540,504,131.60570000,8.00789434,0
1688083200000,0.06085000,0.06090000,0.06076000,0.06077000,501.89110000,1688086799999,30.53454178,1035,265.71630000,16.16866857,0
1688086800000,0.06077000,0.06077000,0.06066000,0.06072000,497.35170000,1688090399999,30.19741951,988,259.24340000,15.74063411,0
1688090400000,0.06072000,0.06079000,0.06063000,0.06071000,656.19090000,1688093999999,39.83919872,1308,283.67020000,17.22303761,0
1688094000000,0.06071000,0.06096000,0.06070000,0.06096000,1473.91170000,1688097599999,89.69514325,1985,847.21020000,51.56126733,0
1688097600000,0.06096000,0.06119000,0.06081000,0.06114000,3908.60690000,1688101199999,238.64110180,5671,1584.54900000,96.72531318,0
1688101200000,0.06114000,0.06133000,0.06108000,0.06122000,1986.09810000,1688104799999,121.59055166,2951,674.41090000,41.29154020,0
1688104800000,0.06122000,0.06126000,0.06111000,0.06113000,611.66630000,1688108399999,37.43247602,1076,252.75690000,15.47030047,0
1688108400000,0.06113000,0.06137000,0.06111000,0.06135000,792.13100000,1688111999999,48.50666792,1728,415.26450000,25.43430624,0
1688112000000,0.06136000,0.06141000,0.06121000,0.06126000,1115.83540000,1688115599999,68.41000019,2418,529.61660000,32.47473440,0
1688115600000,0.06126000,0.06136000,0.06119000,0.06130000,1113.14950000,1688119199999,68.20701802,1231,303.67080000,18.60885929,0
1688119200000,0.06129000,0.06146000,0.06124000,0.06142000,1225.81640000,1688122799999,75.23833908,2331,764.18820000,46.90521407,0
1688122800000,0.06143000,0.06143000,0.06117000,0.06117000,716.09090000,1688126399999,43.91098144,1417,279.87100000,17.16671534,0
1688126400000,0.06118000,0.06157000,0.06106000,0.06149000,3398.24970000,1688129999999,208.41431500,5064,1677.97990000,102.86465964,0
1688130000000,0.06149000,0.06193000,0.06135000,0.06159000,7264.00980000,1688133599999,447.93065453,17240,3072.14210000,189.47759384,0
1688133600000,0.06158000,0.06159000,0.06131000,0.06135000,2261.93160000,1688137199999,138.99365202,4908,1042.17870000,64.06181626,0
1688137200000,0.06134000,0.06162000,0.06132000,0.06162000,2298.09520000,1688140799999,141.15899253,2497,884.95260000,54.37124850,0
1688140800000,0.06161000,0.06252000,0.06160000,0.06244000,5492.14340000,1688144399999,341.12392279,10053,3246.84170000,201.70620369,0
1688144400000,0.06245000,0.06362000,0.06245000,0.06343000,8323.35050000,1688147999999,525.05253796,17279,4576.54120000,288.74354582,0
1688148000000,0.06344000,0.06369000,0.06317000,0.06339000,3433.40490000,1688151599999,217.71095098,6025,1072.79340000,68.03276835,0
1688151600000,0.06340000,0.06341000,0.06316000,0.06341000,1335.39980000,1688155199999,84.53371781,1954,739.64750000,46.82007874,0
1688155200000,0.06341000,0.06345000,0.06326000,0.06341000,3333.75210000,1688158799999,211.19021063,2762,673.03960000,42.65656062,0
1688158800000,0.06341000,0.06348000,0.06324000,0.06336000,1304.01290000,1688162399999,82.65807040,2302,740.14740000,46.91655152,0
1688162400000,0.06337000,0.06358000,0.06334000,0.06346000,542.47690000,1688165999999,34.43047264,1717,282.58540000,17.93896165,0
1688166000000,0.06347000,0.06361000,0.06337000,0.06344000,1030.63620000,1688169599999,65.40494575,2164,564.36290000,35.81418064,0
